"BOOT_IMAGE",Mfr,Product,SerialNumber,"_raw","_time",agent,alloc,auto,"bucket_order",caller,comm,component,controlPort,"date_hour","date_mday","date_minute","date_month","date_second","date_wday","date_year","date_zone","duration_seconds",err,eventtype,fd,file,host,id,idProduct,idVendor,"illegal_access",index,integration,label,"language_name","last_pfn",layoutcode,level,linecount,locale,"max_arch_pfn","max_order",msg,name,pid,priority,punct,root,shortlist,software,source,sourcetype,"splunk_server","splunk_server_group",sto,"supported_locales",swVersion,timeendpos,"timestamp_bits",timestartpos,ts,uid,unit,workerName,"x_info","x_pid"
,,,,"Oct 12 18:38:41 automation kernel: [    0.000000] Linux version 4.15.0-213-generic (buildd@lcy02-amd64-079) (gcc version 7.5.0 (Ubuntu 7.5.0-3ubuntu1~18.04)) #224-Ubuntu SMP Mon Jun 19 13:30:12 UTC 2023 (Ubuntu 4.15.0-213.224-generic 4.15.18)","2026-09-27T00:43:34.000+0000",,,,,,,,,0,27,43,september,34,sunday,2026,local,,,,,,automation,,,,,"weather_index_report",,,,,,,1,,,,,,,,"__::__:_[____.]___..--_(@--)_(__.._(_..-.))_#-____",,,,"weather-data (1)","weather_data",automation,,,,,16,,0,,,,,,
,,,,"Sep 27 00:43:34 automation grafana-agent[1126]: ts=2024-09-27T00:43:34.972863263Z caller=collector.go:185 level=error integration=node_exporter msg=""collector failed"" name=powersupplyclass duration_seconds=0.011517561 err=""could not get power_supply class info: error obtaining power_supply class info: failed to read file \""/sys/class/power_supply/BAT0/power_now\"": no such device""","2026-09-27T00:43:34.000+0000",,,,,"collector.go:185",,,,0,27,43,september,34,sunday,2026,local,"0.011517561","could not get power_supply class info: error obtaining power_supply class info: failed to read file \",,,,automation,,,,,"weather_index_report","node_exporter",,,,,error,1,,,,"collector failed",powersupplyclass,,,"__::__-[]:_=--::._=.:_=_=_=""_""_=_=._=""_____:_____:",,,,"weather-data (1)","weather_data",automation,,,,,16,,0,"2024-09-27T00:43:34.972863263Z",,,,,
,,,,"Oct 12 18:38:41 automation kernel: [    0.000000] Linux version 4.15.0-213-generic (buildd@lcy02-amd64-079) (gcc version 7.5.0 (Ubuntu 7.5.0-3ubuntu1~18.04)) #224-Ubuntu SMP Mon Jun 19 13:30:12 UTC 2023 (Ubuntu 4.15.0-213.224-generic 4.15.18)","2026-09-27T00:43:34.000+0000",,,,,,,,,0,27,43,september,34,sunday,2026,local,,,,,,automation,,,,,"weather_index_report",,,,,,,1,,,,,,,,"__::__:_[____.]___..--_(@--)_(__.._(_..-.))_#-____",,,,"weather-data (1)","weather_data",automation,,,,,16,,0,,,,,,
,,,,"Sep 27 00:43:34 automation grafana-agent[1126]: ts=2024-09-27T00:43:34.972863263Z caller=collector.go:185 level=error integration=node_exporter msg=""collector failed"" name=powersupplyclass duration_seconds=0.011517561 err=""could not get power_supply class info: error obtaining power_supply class info: failed to read file \""/sys/class/power_supply/BAT0/power_now\"": no such device""","2026-09-27T00:43:34.000+0000",,,,,"collector.go:185",,,,0,27,43,september,34,sunday,2026,local,"0.011517561","could not get power_supply class info: error obtaining power_supply class info: failed to read file \",,,,automation,,,,,"weather_index_report","node_exporter",,,,,error,1,,,,"collector failed",powersupplyclass,,,"__::__-[]:_=--::._=.:_=_=_=""_""_=_=._=""_____:_____:",,,,"weather-data (1)","weather_data",automation,,,,,16,,0,"2024-09-27T00:43:34.972863263Z",,,,,
,,,,"Sep 27 00:40:38 automation systemd-timesyncd[740]: Synchronized to time server 185.125.190.56:123 (ntp.ubuntu.com).","2026-09-27T00:40:38.000+0000",,,,,,,,,0,27,40,september,38,sunday,2026,local,,,,,,automation,,,,,"weather_index_report",,,,,,,1,,,,,,,,"__::__-[]:_____...:_(..).",,,,"weather-data (1)","weather_data",automation,,,,,16,,0,,,,,,
,,,,"Sep 27 00:40:38 automation systemd-networkd[940]: enp0s3: Configured","2026-09-27T00:40:38.000+0000",,,,,,,,,0,27,40,september,38,sunday,2026,local,,,,,,automation,,,,,"weather_index_report",,,,,,,1,,,,,,,,"__::__-[]:_:_",,,,"weather-data (1)","weather_data",automation,,,,,16,,0,,,,,,
,,,,"Sep 27 00:40:38 automation systemd-timesyncd[740]: Network configuration changed, trying to establish connection.","2026-09-27T00:40:38.000+0000",,,,,,,,,0,27,40,september,38,sunday,2026,local,,,,,,automation,,,,,"weather_index_report",,,,,,,1,,,,,,,,"__::__-[]:___,____.",,,,"weather-data (1)","weather_data",automation,,,,,16,,0,,,,,,
,,,,"Sep 27 00:40:38 automation systemd-timesyncd[740]: Synchronized to time server 185.125.190.56:123 (ntp.ubuntu.com).","2026-09-27T00:40:38.000+0000",,,,,,,,,0,27,40,september,38,sunday,2026,local,,,,,,automation,,,,,"weather_index_report",,,,,,,1,,,,,,,,"__::__-[]:_____...:_(..).",,,,"weather-data (1)","weather_data",automation,,,,,16,,0,,,,,,
,,,,"Sep 27 00:40:38 automation systemd-networkd[940]: enp0s3: Configured","2026-09-27T00:40:38.000+0000",,,,,,,,,0,27,40,september,38,sunday,2026,local,,,,,,automation,,,,,"weather_index_report",,,,,,,1,,,,,,,,"__::__-[]:_:_",,,,"weather-data (1)","weather_data",automation,,,,,16,,0,,,,,,
,,,,"Sep 27 00:40:38 automation systemd-timesyncd[740]: Network configuration changed, trying to establish connection.","2026-09-27T00:40:38.000+0000",,,,,,,,,0,27,40,september,38,sunday,2026,local,,,,,,automation,,,,,"weather_index_report",,,,,,,1,,,,,,,,"__::__-[]:___,____.",,,,"weather-data (1)","weather_data",automation,,,,,16,,0,,,,,,
,,,,"Sep 27 00:35:01 automation CRON[21032]: (root) CMD (command -v debian-sa1 > /dev/null && debian-sa1 1 1)","2026-09-27T00:35:01.000+0000",,,,,,,,,0,27,35,september,1,sunday,2026,local,,,,,,automation,,,,,"weather_index_report",,,,,,,1,,,,,,,,"__::__[]:_()__(_-_-_>_//_&&_-__)",,,,"weather-data (1)","weather_data",automation,,,,,16,,0,,,,,,
,,,,"Sep 27 00:35:01 automation CRON[21032]: (root) CMD (command -v debian-sa1 > /dev/null && debian-sa1 1 1)","2026-09-27T00:35:01.000+0000",,,,,,,,,0,27,35,september,1,sunday,2026,local,,,,,,automation,,,,,"weather_index_report",,,,,,,1,,,,,,,,"__::__[]:_()__(_-_-_>_//_&&_-__)",,,,"weather-data (1)","weather_data",automation,,,,,16,,0,,,,,,
,,,,"Sep 27 00:26:49 automation grafana-agent[1126]: ts=2024-09-27T00:26:49.344173049Z caller=cleaner.go:203 level=warn agent=prometheus component=cleaner msg=""unable to find segment mtime of WAL"" name=/var/lib/grafana-agent/.cache err=""unable to open WAL: open /var/lib/grafana-agent/.cache/wal: no such file or directory""","2026-09-27T00:26:49.000+0000",prometheus,,,,"cleaner.go:203",,cleaner,,0,27,26,september,49,sunday,2026,local,,"unable to open WAL: open /var/lib/grafana-agent/.cache/wal: no such file or directory",,,,automation,,,,,"weather_index_report",,,,,,warn,1,,,,"unable to find segment mtime of WAL","/var/lib/grafana-agent/.cache",,,"__::__-[]:_=--::._=.:_=_=_=_=""______""_=///-/._=""__",,,,"weather-data (1)","weather_data",automation,,,,,16,,0,"2024-09-27T00:26:49.344173049Z",,,,,
,,,,"Sep 27 00:26:49 automation grafana-agent[1126]: ts=2024-09-27T00:26:49.344173049Z caller=cleaner.go:203 level=warn agent=prometheus component=cleaner msg=""unable to find segment mtime of WAL"" name=/var/lib/grafana-agent/.cache err=""unable to open WAL: open /var/lib/grafana-agent/.cache/wal: no such file or directory""","2026-09-27T00:26:49.000+0000",prometheus,,,,"cleaner.go:203",,cleaner,,0,27,26,september,49,sunday,2026,local,,"unable to open WAL: open /var/lib/grafana-agent/.cache/wal: no such file or directory",,,,automation,,,,,"weather_index_report",,,,,,warn,1,,,,"unable to find segment mtime of WAL","/var/lib/grafana-agent/.cache",,,"__::__-[]:_=--::._=.:_=_=_=_=""______""_=///-/._=""__",,,,"weather-data (1)","weather_data",automation,,,,,16,,0,"2024-09-27T00:26:49.344173049Z",,,,,
,,,,"Sep 27 00:25:01 automation CRON[21019]: (root) CMD (command -v debian-sa1 > /dev/null && debian-sa1 1 1)","2026-09-27T00:25:01.000+0000",,,,,,,,,0,27,25,september,1,sunday,2026,local,,,,,,automation,,,,,"weather_index_report",,,,,,,1,,,,,,,,"__::__[]:_()__(_-_-_>_//_&&_-__)",,,,"weather-data (1)","weather_data",automation,,,,,16,,0,,,,,,
,,,,"Sep 27 00:25:01 automation CRON[21019]: (root) CMD (command -v debian-sa1 > /dev/null && debian-sa1 1 1)","2026-09-27T00:25:01.000+0000",,,,,,,,,0,27,25,september,1,sunday,2026,local,,,,,,automation,,,,,"weather_index_report",,,,,,,1,,,,,,,,"__::__[]:_()__(_-_-_>_//_&&_-__)",,,,"weather-data (1)","weather_data",automation,,,,,16,,0,,,,,,
,,,,"Sep 27 00:17:01 automation CRON[21013]: (root) CMD (   cd / && run-parts --report /etc/cron.hourly)","2026-09-27T00:17:01.000+0000",,,,,,,,,0,27,17,september,1,sunday,2026,local,,,,,,automation,,,,,"weather_index_report",,,,,,,1,,,,,,,,"__::__[]:_()__(____/_&&_-_--_//.)",,,,"weather-data (1)","weather_data",automation,,,,,16,,0,,,,,,
,,,,"Sep 27 00:17:01 automation CRON[21013]: (root) CMD (   cd / && run-parts --report /etc/cron.hourly)","2026-09-27T00:17:01.000+0000",,,,,,,,,0,27,17,september,1,sunday,2026,local,,,,,,automation,,,,,"weather_index_report",,,,,,,1,,,,,,,,"__::__[]:_()__(____/_&&_-_--_//.)",,,,"weather-data (1)","weather_data",automation,,,,,16,,0,,,,,,
,,,,"Sep 27 00:15:01 automation CRON[21010]: (root) CMD (command -v debian-sa1 > /dev/null && debian-sa1 1 1)","2026-09-27T00:15:01.000+0000",,,,,,,,,0,27,15,september,1,sunday,2026,local,,,,,,automation,,,,,"weather_index_report",,,,,,,1,,,,,,,,"__::__[]:_()__(_-_-_>_//_&&_-__)",,,,"weather-data (1)","weather_data",automation,,,,,16,,0,,,,,,
,,,,"Sep 27 00:15:01 automation CRON[21010]: (root) CMD (command -v debian-sa1 > /dev/null && debian-sa1 1 1)","2026-09-27T00:15:01.000+0000",,,,,,,,,0,27,15,september,1,sunday,2026,local,,,,,,automation,,,,,"weather_index_report",,,,,,,1,,,,,,,,"__::__[]:_()__(_-_-_>_//_&&_-__)",,,,"weather-data (1)","weather_data",automation,,,,,16,,0,,,,,,
,,,,"Sep 27 00:05:02 automation CRON[21006]: (root) CMD (command -v debian-sa1 > /dev/null && debian-sa1 1 1)","2026-09-27T00:05:02.000+0000",,,,,,,,,0,27,5,september,2,sunday,2026,local,,,,,,automation,,,,,"weather_index_report",,,,,,,1,,,,,,,,"__::__[]:_()__(_-_-_>_//_&&_-__)",,,,"weather-data (1)","weather_data",automation,,,,,16,,0,,,,,,
,,,,"Sep 27 00:05:02 automation CRON[21006]: (root) CMD (command -v debian-sa1 > /dev/null && debian-sa1 1 1)","2026-09-27T00:05:02.000+0000",,,,,,,,,0,27,5,september,2,sunday,2026,local,,,,,,automation,,,,,"weather_index_report",,,,,,,1,,,,,,,,"__::__[]:_()__(_-_-_>_//_&&_-__)",,,,"weather-data (1)","weather_data",automation,,,,,16,,0,,,,,,
,,,,"Sep 26 23:59:01 automation CRON[21001]: (root) CMD (command -v debian-sa1 > /dev/null && debian-sa1 60 2)","2026-09-26T23:59:01.000+0000",,,,,,,,,23,26,59,september,1,saturday,2026,local,,,,,,automation,,,,,"weather_index_report",,,,,,,1,,,,,,,,"__::__[]:_()__(_-_-_>_//_&&_-__)",,,,"weather-data (1)","weather_data",automation,,,,,16,,0,,,,,,
,,,,"Sep 26 23:59:01 automation CRON[21001]: (root) CMD (command -v debian-sa1 > /dev/null && debian-sa1 60 2)","2026-09-26T23:59:01.000+0000",,,,,,,,,23,26,59,september,1,saturday,2026,local,,,,,,automation,,,,,"weather_index_report",,,,,,,1,,,,,,,,"__::__[]:_()__(_-_-_>_//_&&_-__)",,,,"weather-data (1)","weather_data",automation,,,,,16,,0,,,,,,
,,,,"Sep 26 23:56:49 automation grafana-agent[1126]: ts=2024-09-26T23:56:49.345049248Z caller=cleaner.go:203 level=warn agent=prometheus component=cleaner msg=""unable to find segment mtime of WAL"" name=/var/lib/grafana-agent/.cache err=""unable to open WAL: open /var/lib/grafana-agent/.cache/wal: no such file or directory""","2026-09-26T23:56:49.000+0000",prometheus,,,,"cleaner.go:203",,cleaner,,23,26,56,september,49,saturday,2026,local,,"unable to open WAL: open /var/lib/grafana-agent/.cache/wal: no such file or directory",,,,automation,,,,,"weather_index_report",,,,,,warn,1,,,,"unable to find segment mtime of WAL","/var/lib/grafana-agent/.cache",,,"__::__-[]:_=--::._=.:_=_=_=_=""______""_=///-/._=""__",,,,"weather-data (1)","weather_data",automation,,,,,16,,0,"2024-09-26T23:56:49.345049248Z",,,,,
,,,,"Sep 26 23:56:49 automation grafana-agent[1126]: ts=2024-09-26T23:56:49.345049248Z caller=cleaner.go:203 level=warn agent=prometheus component=cleaner msg=""unable to find segment mtime of WAL"" name=/var/lib/grafana-agent/.cache err=""unable to open WAL: open /var/lib/grafana-agent/.cache/wal: no such file or directory""","2026-09-26T23:56:49.000+0000",prometheus,,,,"cleaner.go:203",,cleaner,,23,26,56,september,49,saturday,2026,local,,"unable to open WAL: open /var/lib/grafana-agent/.cache/wal: no such file or directory",,,,automation,,,,,"weather_index_report",,,,,,warn,1,,,,"unable to find segment mtime of WAL","/var/lib/grafana-agent/.cache",,,"__::__-[]:_=--::._=.:_=_=_=_=""______""_=///-/._=""__",,,,"weather-data (1)","weather_data",automation,,,,,16,,0,"2024-09-26T23:56:49.345049248Z",,,,,
,,,,"Sep 26 23:55:01 automation CRON[20998]: (root) CMD (command -v debian-sa1 > /dev/null && debian-sa1 1 1)","2026-09-26T23:55:01.000+0000",,,,,,,,,23,26,55,september,1,saturday,2026,local,,,,,,automation,,,,,"weather_index_report",,,,,,,1,,,,,,,,"__::__[]:_()__(_-_-_>_//_&&_-__)",,,,"weather-data (1)","weather_data",automation,,,,,16,,0,,,,,,
,,,,"Sep 26 23:55:01 automation CRON[20998]: (root) CMD (command -v debian-sa1 > /dev/null && debian-sa1 1 1)","2026-09-26T23:55:01.000+0000",,,,,,,,,23,26,55,september,1,saturday,2026,local,,,,,,automation,,,,,"weather_index_report",,,,,,,1,,,,,,,,"__::__[]:_()__(_-_-_>_//_&&_-__)",,,,"weather-data (1)","weather_data",automation,,,,,16,,0,,,,,,
,,,,"Sep 26 23:45:01 automation CRON[20993]: (root) CMD (command -v debian-sa1 > /dev/null && debian-sa1 1 1)","2026-09-26T23:45:01.000+0000",,,,,,,,,23,26,45,september,1,saturday,2026,local,,,,,,automation,,,,,"weather_index_report",,,,,,,1,,,,,,,,"__::__[]:_()__(_-_-_>_//_&&_-__)",,,,"weather-data (1)","weather_data",automation,,,,,16,,0,,,,,,
,,,,"Sep 26 23:45:01 automation CRON[20993]: (root) CMD (command -v debian-sa1 > /dev/null && debian-sa1 1 1)","2026-09-26T23:45:01.000+0000",,,,,,,,,23,26,45,september,1,saturday,2026,local,,,,,,automation,,,,,"weather_index_report",,,,,,,1,,,,,,,,"__::__[]:_()__(_-_-_>_//_&&_-__)",,,,"weather-data (1)","weather_data",automation,,,,,16,,0,,,,,,
,,,,"Sep 26 23:35:01 automation CRON[20988]: (root) CMD (command -v debian-sa1 > /dev/null && debian-sa1 1 1)","2026-09-26T23:35:01.000+0000",,,,,,,,,23,26,35,september,1,saturday,2026,local,,,,,,automation,,,,,"weather_index_report",,,,,,,1,,,,,,,,"__::__[]:_()__(_-_-_>_//_&&_-__)",,,,"weather-data (1)","weather_data",automation,,,,,16,,0,,,,,,
,,,,"Sep 26 23:35:01 automation CRON[20988]: (root) CMD (command -v debian-sa1 > /dev/null && debian-sa1 1 1)","2026-09-26T23:35:01.000+0000",,,,,,,,,23,26,35,september,1,saturday,2026,local,,,,,,automation,,,,,"weather_index_report",,,,,,,1,,,,,,,,"__::__[]:_()__(_-_-_>_//_&&_-__)",,,,"weather-data (1)","weather_data",automation,,,,,16,,0,,,,,,
,,,,"Sep 26 23:26:49 automation grafana-agent[1126]: ts=2024-09-26T23:26:49.359994514Z caller=cleaner.go:203 level=warn agent=prometheus component=cleaner msg=""unable to find segment mtime of WAL"" name=/var/lib/grafana-agent/.cache err=""unable to open WAL: open /var/lib/grafana-agent/.cache/wal: no such file or directory""","2026-09-26T23:26:49.000+0000",prometheus,,,,"cleaner.go:203",,cleaner,,23,26,26,september,49,saturday,2026,local,,"unable to open WAL: open /var/lib/grafana-agent/.cache/wal: no such file or directory",,,,automation,,,,,"weather_index_report",,,,,,warn,1,,,,"unable to find segment mtime of WAL","/var/lib/grafana-agent/.cache",,,"__::__-[]:_=--::._=.:_=_=_=_=""______""_=///-/._=""__",,,,"weather-data (1)","weather_data",automation,,,,,16,,0,"2024-09-26T23:26:49.359994514Z",,,,,
,,,,"Sep 26 23:26:49 automation grafana-agent[1126]: ts=2024-09-26T23:26:49.359994514Z caller=cleaner.go:203 level=warn agent=prometheus component=cleaner msg=""unable to find segment mtime of WAL"" name=/var/lib/grafana-agent/.cache err=""unable to open WAL: open /var/lib/grafana-agent/.cache/wal: no such file or directory""","2026-09-26T23:26:49.000+0000",prometheus,,,,"cleaner.go:203",,cleaner,,23,26,26,september,49,saturday,2026,local,,"unable to open WAL: open /var/lib/grafana-agent/.cache/wal: no such file or directory",,,,automation,,,,,"weather_index_report",,,,,,warn,1,,,,"unable to find segment mtime of WAL","/var/lib/grafana-agent/.cache",,,"__::__-[]:_=--::._=.:_=_=_=_=""______""_=///-/._=""__",,,,"weather-data (1)","weather_data",automation,,,,,16,,0,"2024-09-26T23:26:49.359994514Z",,,,,
,,,,"Sep 26 23:25:01 automation CRON[20974]: (root) CMD (command -v debian-sa1 > /dev/null && debian-sa1 1 1)","2026-09-26T23:25:01.000+0000",,,,,,,,,23,26,25,september,1,saturday,2026,local,,,,,,automation,,,,,"weather_index_report",,,,,,,1,,,,,,,,"__::__[]:_()__(_-_-_>_//_&&_-__)",,,,"weather-data (1)","weather_data",automation,,,,,16,,0,,,,,,
,,,,"Sep 26 23:25:01 automation CRON[20974]: (root) CMD (command -v debian-sa1 > /dev/null && debian-sa1 1 1)","2026-09-26T23:25:01.000+0000",,,,,,,,,23,26,25,september,1,saturday,2026,local,,,,,,automation,,,,,"weather_index_report",,,,,,,1,,,,,,,,"__::__[]:_()__(_-_-_>_//_&&_-__)",,,,"weather-data (1)","weather_data",automation,,,,,16,,0,,,,,,
,,,,"Sep 26 23:22:34 automation grafana-agent[1126]: ts=2024-09-26T23:22:34.958418687Z caller=collector.go:185 level=error integration=node_exporter msg=""collector failed"" name=powersupplyclass duration_seconds=0.002600122 err=""could not get power_supply class info: error obtaining power_supply class info: failed to read file \""/sys/class/power_supply/BAT0/power_now\"": no such device""","2026-09-26T23:22:34.000+0000",,,,,"collector.go:185",,,,23,26,22,september,34,saturday,2026,local,"0.002600122","could not get power_supply class info: error obtaining power_supply class info: failed to read file \",,,,automation,,,,,"weather_index_report","node_exporter",,,,,error,1,,,,"collector failed",powersupplyclass,,,"__::__-[]:_=--::._=.:_=_=_=""_""_=_=._=""_____:_____:",,,,"weather-data (1)","weather_data",automation,,,,,16,,0,"2024-09-26T23:22:34.958418687Z",,,,,
,,,,"Sep 26 23:22:34 automation grafana-agent[1126]: ts=2024-09-26T23:22:34.958418687Z caller=collector.go:185 level=error integration=node_exporter msg=""collector failed"" name=powersupplyclass duration_seconds=0.002600122 err=""could not get power_supply class info: error obtaining power_supply class info: failed to read file \""/sys/class/power_supply/BAT0/power_now\"": no such device""","2026-09-26T23:22:34.000+0000",,,,,"collector.go:185",,,,23,26,22,september,34,saturday,2026,local,"0.002600122","could not get power_supply class info: error obtaining power_supply class info: failed to read file \",,,,automation,,,,,"weather_index_report","node_exporter",,,,,error,1,,,,"collector failed",powersupplyclass,,,"__::__-[]:_=--::._=.:_=_=_=""_""_=_=._=""_____:_____:",,,,"weather-data (1)","weather_data",automation,,,,,16,,0,"2024-09-26T23:22:34.958418687Z",,,,,
,,,,"Sep 26 23:21:34 automation grafana-agent[1126]: ts=2024-09-26T23:21:34.998164066Z caller=collector.go:185 level=error integration=node_exporter msg=""collector failed"" name=powersupplyclass duration_seconds=0.016271334 err=""could not get power_supply class info: error obtaining power_supply class info: failed to read file \""/sys/class/power_supply/BAT0/power_now\"": no such device""","2026-09-26T23:21:34.000+0000",,,,,"collector.go:185",,,,23,26,21,september,34,saturday,2026,local,"0.016271334","could not get power_supply class info: error obtaining power_supply class info: failed to read file \",,,,automation,,,,,"weather_index_report","node_exporter",,,,,error,1,,,,"collector failed",powersupplyclass,,,"__::__-[]:_=--::._=.:_=_=_=""_""_=_=._=""_____:_____:",,,,"weather-data (1)","weather_data",automation,,,,,16,,0,"2024-09-26T23:21:34.998164066Z",,,,,
,,,,"Sep 26 23:21:34 automation grafana-agent[1126]: ts=2024-09-26T23:21:34.998164066Z caller=collector.go:185 level=error integration=node_exporter msg=""collector failed"" name=powersupplyclass duration_seconds=0.016271334 err=""could not get power_supply class info: error obtaining power_supply class info: failed to read file \""/sys/class/power_supply/BAT0/power_now\"": no such device""","2026-09-26T23:21:34.000+0000",,,,,"collector.go:185",,,,23,26,21,september,34,saturday,2026,local,"0.016271334","could not get power_supply class info: error obtaining power_supply class info: failed to read file \",,,,automation,,,,,"weather_index_report","node_exporter",,,,,error,1,,,,"collector failed",powersupplyclass,,,"__::__-[]:_=--::._=.:_=_=_=""_""_=_=._=""_____:_____:",,,,"weather-data (1)","weather_data",automation,,,,,16,,0,"2024-09-26T23:21:34.998164066Z",,,,,
,,,,"Sep 26 23:20:34 automation grafana-agent[1126]: ts=2024-09-26T23:20:34.969306605Z caller=collector.go:185 level=error integration=node_exporter msg=""collector failed"" name=powersupplyclass duration_seconds=0.002618551 err=""could not get power_supply class info: error obtaining power_supply class info: failed to read file \""/sys/class/power_supply/BAT0/power_now\"": no such device""","2026-09-26T23:20:34.000+0000",,,,,"collector.go:185",,,,23,26,20,september,34,saturday,2026,local,"0.002618551","could not get power_supply class info: error obtaining power_supply class info: failed to read file \",,,,automation,,,,,"weather_index_report","node_exporter",,,,,error,1,,,,"collector failed",powersupplyclass,,,"__::__-[]:_=--::._=.:_=_=_=""_""_=_=._=""_____:_____:",,,,"weather-data (1)","weather_data",automation,,,,,16,,0,"2024-09-26T23:20:34.969306605Z",,,,,
,,,,"Sep 26 23:20:34 automation grafana-agent[1126]: ts=2024-09-26T23:20:34.969306605Z caller=collector.go:185 level=error integration=node_exporter msg=""collector failed"" name=powersupplyclass duration_seconds=0.002618551 err=""could not get power_supply class info: error obtaining power_supply class info: failed to read file \""/sys/class/power_supply/BAT0/power_now\"": no such device""","2026-09-26T23:20:34.000+0000",,,,,"collector.go:185",,,,23,26,20,september,34,saturday,2026,local,"0.002618551","could not get power_supply class info: error obtaining power_supply class info: failed to read file \",,,,automation,,,,,"weather_index_report","node_exporter",,,,,error,1,,,,"collector failed",powersupplyclass,,,"__::__-[]:_=--::._=.:_=_=_=""_""_=_=._=""_____:_____:",,,,"weather-data (1)","weather_data",automation,,,,,16,,0,"2024-09-26T23:20:34.969306605Z",,,,,
,,,,"Sep 26 23:19:34 automation grafana-agent[1126]: ts=2024-09-26T23:19:34.957041346Z caller=collector.go:185 level=error integration=node_exporter msg=""collector failed"" name=powersupplyclass duration_seconds=0.001913374 err=""could not get power_supply class info: error obtaining power_supply class info: failed to read file \""/sys/class/power_supply/BAT0/power_now\"": no such device""","2026-09-26T23:19:34.000+0000",,,,,"collector.go:185",,,,23,26,19,september,34,saturday,2026,local,"0.001913374","could not get power_supply class info: error obtaining power_supply class info: failed to read file \",,,,automation,,,,,"weather_index_report","node_exporter",,,,,error,1,,,,"collector failed",powersupplyclass,,,"__::__-[]:_=--::._=.:_=_=_=""_""_=_=._=""_____:_____:",,,,"weather-data (1)","weather_data",automation,,,,,16,,0,"2024-09-26T23:19:34.957041346Z",,,,,
,,,,"Sep 26 23:19:34 automation grafana-agent[1126]: ts=2024-09-26T23:19:34.957041346Z caller=collector.go:185 level=error integration=node_exporter msg=""collector failed"" name=powersupplyclass duration_seconds=0.001913374 err=""could not get power_supply class info: error obtaining power_supply class info: failed to read file \""/sys/class/power_supply/BAT0/power_now\"": no such device""","2026-09-26T23:19:34.000+0000",,,,,"collector.go:185",,,,23,26,19,september,34,saturday,2026,local,"0.001913374","could not get power_supply class info: error obtaining power_supply class info: failed to read file \",,,,automation,,,,,"weather_index_report","node_exporter",,,,,error,1,,,,"collector failed",powersupplyclass,,,"__::__-[]:_=--::._=.:_=_=_=""_""_=_=._=""_____:_____:",,,,"weather-data (1)","weather_data",automation,,,,,16,,0,"2024-09-26T23:19:34.957041346Z",,,,,
,,,,"Sep 26 23:18:34 automation grafana-agent[1126]: ts=2024-09-26T23:18:34.958212945Z caller=collector.go:185 level=error integration=node_exporter msg=""collector failed"" name=powersupplyclass duration_seconds=0.001666947 err=""could not get power_supply class info: error obtaining power_supply class info: failed to read file \""/sys/class/power_supply/BAT0/power_now\"": no such device""","2026-09-26T23:18:34.000+0000",,,,,"collector.go:185",,,,23,26,18,september,34,saturday,2026,local,"0.001666947","could not get power_supply class info: error obtaining power_supply class info: failed to read file \",,,,automation,,,,,"weather_index_report","node_exporter",,,,,error,1,,,,"collector failed",powersupplyclass,,,"__::__-[]:_=--::._=.:_=_=_=""_""_=_=._=""_____:_____:",,,,"weather-data (1)","weather_data",automation,,,,,16,,0,"2024-09-26T23:18:34.958212945Z",,,,,
,,,,"Sep 26 23:18:34 automation grafana-agent[1126]: ts=2024-09-26T23:18:34.958212945Z caller=collector.go:185 level=error integration=node_exporter msg=""collector failed"" name=powersupplyclass duration_seconds=0.001666947 err=""could not get power_supply class info: error obtaining power_supply class info: failed to read file \""/sys/class/power_supply/BAT0/power_now\"": no such device""","2026-09-26T23:18:34.000+0000",,,,,"collector.go:185",,,,23,26,18,september,34,saturday,2026,local,"0.001666947","could not get power_supply class info: error obtaining power_supply class info: failed to read file \",,,,automation,,,,,"weather_index_report","node_exporter",,,,,error,1,,,,"collector failed",powersupplyclass,,,"__::__-[]:_=--::._=.:_=_=_=""_""_=_=._=""_____:_____:",,,,"weather-data (1)","weather_data",automation,,,,,16,,0,"2024-09-26T23:18:34.958212945Z",,,,,
,,,,"Sep 26 23:17:34 automation grafana-agent[1126]: ts=2024-09-26T23:17:34.957242094Z caller=collector.go:185 level=error integration=node_exporter msg=""collector failed"" name=powersupplyclass duration_seconds=0.001862458 err=""could not get power_supply class info: error obtaining power_supply class info: failed to read file \""/sys/class/power_supply/BAT0/power_now\"": no such device""","2026-09-26T23:17:34.000+0000",,,,,"collector.go:185",,,,23,26,17,september,34,saturday,2026,local,"0.001862458","could not get power_supply class info: error obtaining power_supply class info: failed to read file \",,,,automation,,,,,"weather_index_report","node_exporter",,,,,error,1,,,,"collector failed",powersupplyclass,,,"__::__-[]:_=--::._=.:_=_=_=""_""_=_=._=""_____:_____:",,,,"weather-data (1)","weather_data",automation,,,,,16,,0,"2024-09-26T23:17:34.957242094Z",,,,,
,,,,"Sep 26 23:17:34 automation grafana-agent[1126]: ts=2024-09-26T23:17:34.957242094Z caller=collector.go:185 level=error integration=node_exporter msg=""collector failed"" name=powersupplyclass duration_seconds=0.001862458 err=""could not get power_supply class info: error obtaining power_supply class info: failed to read file \""/sys/class/power_supply/BAT0/power_now\"": no such device""","2026-09-26T23:17:34.000+0000",,,,,"collector.go:185",,,,23,26,17,september,34,saturday,2026,local,"0.001862458","could not get power_supply class info: error obtaining power_supply class info: failed to read file \",,,,automation,,,,,"weather_index_report","node_exporter",,,,,error,1,,,,"collector failed",powersupplyclass,,,"__::__-[]:_=--::._=.:_=_=_=""_""_=_=._=""_____:_____:",,,,"weather-data (1)","weather_data",automation,,,,,16,,0,"2024-09-26T23:17:34.957242094Z",,,,,
,,,,"Sep 26 23:17:01 automation CRON[20969]: (root) CMD (   cd / && run-parts --report /etc/cron.hourly)","2026-09-26T23:17:01.000+0000",,,,,,,,,23,26,17,september,1,saturday,2026,local,,,,,,automation,,,,,"weather_index_report",,,,,,,1,,,,,,,,"__::__[]:_()__(____/_&&_-_--_//.)",,,,"weather-data (1)","weather_data",automation,,,,,16,,0,,,,,,
,,,,"Sep 26 23:17:01 automation CRON[20969]: (root) CMD (   cd / && run-parts --report /etc/cron.hourly)","2026-09-26T23:17:01.000+0000",,,,,,,,,23,26,17,september,1,saturday,2026,local,,,,,,automation,,,,,"weather_index_report",,,,,,,1,,,,,,,,"__::__[]:_()__(____/_&&_-_--_//.)",,,,"weather-data (1)","weather_data",automation,,,,,16,,0,,,,,,
,,,,"Sep 26 23:16:34 automation grafana-agent[1126]: ts=2024-09-26T23:16:34.956502917Z caller=collector.go:185 level=error integration=node_exporter msg=""collector failed"" name=powersupplyclass duration_seconds=0.001929582 err=""could not get power_supply class info: error obtaining power_supply class info: failed to read file \""/sys/class/power_supply/BAT0/power_now\"": no such device""","2026-09-26T23:16:34.000+0000",,,,,"collector.go:185",,,,23,26,16,september,34,saturday,2026,local,"0.001929582","could not get power_supply class info: error obtaining power_supply class info: failed to read file \",,,,automation,,,,,"weather_index_report","node_exporter",,,,,error,1,,,,"collector failed",powersupplyclass,,,"__::__-[]:_=--::._=.:_=_=_=""_""_=_=._=""_____:_____:",,,,"weather-data (1)","weather_data",automation,,,,,16,,0,"2024-09-26T23:16:34.956502917Z",,,,,
,,,,"Sep 26 23:16:34 automation grafana-agent[1126]: ts=2024-09-26T23:16:34.956502917Z caller=collector.go:185 level=error integration=node_exporter msg=""collector failed"" name=powersupplyclass duration_seconds=0.001929582 err=""could not get power_supply class info: error obtaining power_supply class info: failed to read file \""/sys/class/power_supply/BAT0/power_now\"": no such device""","2026-09-26T23:16:34.000+0000",,,,,"collector.go:185",,,,23,26,16,september,34,saturday,2026,local,"0.001929582","could not get power_supply class info: error obtaining power_supply class info: failed to read file \",,,,automation,,,,,"weather_index_report","node_exporter",,,,,error,1,,,,"collector failed",powersupplyclass,,,"__::__-[]:_=--::._=.:_=_=_=""_""_=_=._=""_____:_____:",,,,"weather-data (1)","weather_data",automation,,,,,16,,0,"2024-09-26T23:16:34.956502917Z",,,,,
,,,,"Sep 26 23:15:34 automation grafana-agent[1126]: ts=2024-09-26T23:15:34.96969523Z caller=collector.go:185 level=error integration=node_exporter msg=""collector failed"" name=powersupplyclass duration_seconds=0.001150621 err=""could not get power_supply class info: error obtaining power_supply class info: failed to read file \""/sys/class/power_supply/BAT0/power_now\"": no such device""","2026-09-26T23:15:34.000+0000",,,,,"collector.go:185",,,,23,26,15,september,34,saturday,2026,local,"0.001150621","could not get power_supply class info: error obtaining power_supply class info: failed to read file \",,,,automation,,,,,"weather_index_report","node_exporter",,,,,error,1,,,,"collector failed",powersupplyclass,,,"__::__-[]:_=--::._=.:_=_=_=""_""_=_=._=""_____:_____:",,,,"weather-data (1)","weather_data",automation,,,,,16,,0,"2024-09-26T23:15:34.96969523Z",,,,,
,,,,"Sep 26 23:15:34 automation grafana-agent[1126]: ts=2024-09-26T23:15:34.96969523Z caller=collector.go:185 level=error integration=node_exporter msg=""collector failed"" name=powersupplyclass duration_seconds=0.001150621 err=""could not get power_supply class info: error obtaining power_supply class info: failed to read file \""/sys/class/power_supply/BAT0/power_now\"": no such device""","2026-09-26T23:15:34.000+0000",,,,,"collector.go:185",,,,23,26,15,september,34,saturday,2026,local,"0.001150621","could not get power_supply class info: error obtaining power_supply class info: failed to read file \",,,,automation,,,,,"weather_index_report","node_exporter",,,,,error,1,,,,"collector failed",powersupplyclass,,,"__::__-[]:_=--::._=.:_=_=_=""_""_=_=._=""_____:_____:",,,,"weather-data (1)","weather_data",automation,,,,,16,,0,"2024-09-26T23:15:34.96969523Z",,,,,
,,,,"Sep 26 23:15:01 automation CRON[20964]: (root) CMD (command -v debian-sa1 > /dev/null && debian-sa1 1 1)","2026-09-26T23:15:01.000+0000",,,,,,,,,23,26,15,september,1,saturday,2026,local,,,,,,automation,,,,,"weather_index_report",,,,,,,1,,,,,,,,"__::__[]:_()__(_-_-_>_//_&&_-__)",,,,"weather-data (1)","weather_data",automation,,,,,16,,0,,,,,,
,,,,"Sep 26 23:15:01 automation CRON[20964]: (root) CMD (command -v debian-sa1 > /dev/null && debian-sa1 1 1)","2026-09-26T23:15:01.000+0000",,,,,,,,,23,26,15,september,1,saturday,2026,local,,,,,,automation,,,,,"weather_index_report",,,,,,,1,,,,,,,,"__::__[]:_()__(_-_-_>_//_&&_-__)",,,,"weather-data (1)","weather_data",automation,,,,,16,,0,,,,,,
,,,,"Sep 26 23:14:34 automation grafana-agent[1126]: ts=2024-09-26T23:14:34.971562654Z caller=collector.go:185 level=error integration=node_exporter msg=""collector failed"" name=powersupplyclass duration_seconds=0.001730027 err=""could not get power_supply class info: error obtaining power_supply class info: failed to read file \""/sys/class/power_supply/BAT0/power_now\"": no such device""","2026-09-26T23:14:34.000+0000",,,,,"collector.go:185",,,,23,26,14,september,34,saturday,2026,local,"0.001730027","could not get power_supply class info: error obtaining power_supply class info: failed to read file \",,,,automation,,,,,"weather_index_report","node_exporter",,,,,error,1,,,,"collector failed",powersupplyclass,,,"__::__-[]:_=--::._=.:_=_=_=""_""_=_=._=""_____:_____:",,,,"weather-data (1)","weather_data",automation,,,,,16,,0,"2024-09-26T23:14:34.971562654Z",,,,,
,,,,"Sep 26 23:14:34 automation grafana-agent[1126]: ts=2024-09-26T23:14:34.971562654Z caller=collector.go:185 level=error integration=node_exporter msg=""collector failed"" name=powersupplyclass duration_seconds=0.001730027 err=""could not get power_supply class info: error obtaining power_supply class info: failed to read file \""/sys/class/power_supply/BAT0/power_now\"": no such device""","2026-09-26T23:14:34.000+0000",,,,,"collector.go:185",,,,23,26,14,september,34,saturday,2026,local,"0.001730027","could not get power_supply class info: error obtaining power_supply class info: failed to read file \",,,,automation,,,,,"weather_index_report","node_exporter",,,,,error,1,,,,"collector failed",powersupplyclass,,,"__::__-[]:_=--::._=.:_=_=_=""_""_=_=._=""_____:_____:",,,,"weather-data (1)","weather_data",automation,,,,,16,,0,"2024-09-26T23:14:34.971562654Z",,,,,
,,,,"Sep 26 23:13:34 automation grafana-agent[1126]: ts=2024-09-26T23:13:34.985658018Z caller=collector.go:185 level=error integration=node_exporter msg=""collector failed"" name=powersupplyclass duration_seconds=0.001744056 err=""could not get power_supply class info: error obtaining power_supply class info: failed to read file \""/sys/class/power_supply/BAT0/power_now\"": no such device""","2026-09-26T23:13:34.000+0000",,,,,"collector.go:185",,,,23,26,13,september,34,saturday,2026,local,"0.001744056","could not get power_supply class info: error obtaining power_supply class info: failed to read file \",,,,automation,,,,,"weather_index_report","node_exporter",,,,,error,1,,,,"collector failed",powersupplyclass,,,"__::__-[]:_=--::._=.:_=_=_=""_""_=_=._=""_____:_____:",,,,"weather-data (1)","weather_data",automation,,,,,16,,0,"2024-09-26T23:13:34.985658018Z",,,,,
,,,,"Sep 26 23:13:34 automation grafana-agent[1126]: ts=2024-09-26T23:13:34.985658018Z caller=collector.go:185 level=error integration=node_exporter msg=""collector failed"" name=powersupplyclass duration_seconds=0.001744056 err=""could not get power_supply class info: error obtaining power_supply class info: failed to read file \""/sys/class/power_supply/BAT0/power_now\"": no such device""","2026-09-26T23:13:34.000+0000",,,,,"collector.go:185",,,,23,26,13,september,34,saturday,2026,local,"0.001744056","could not get power_supply class info: error obtaining power_supply class info: failed to read file \",,,,automation,,,,,"weather_index_report","node_exporter",,,,,error,1,,,,"collector failed",powersupplyclass,,,"__::__-[]:_=--::._=.:_=_=_=""_""_=_=._=""_____:_____:",,,,"weather-data (1)","weather_data",automation,,,,,16,,0,"2024-09-26T23:13:34.985658018Z",,,,,
,,,,"Sep 26 23:12:34 automation grafana-agent[1126]: ts=2024-09-26T23:12:34.96082665Z caller=collector.go:185 level=error integration=node_exporter msg=""collector failed"" name=powersupplyclass duration_seconds=0.00115772 err=""could not get power_supply class info: error obtaining power_supply class info: failed to read file \""/sys/class/power_supply/BAT0/power_now\"": no such device""","2026-09-26T23:12:34.000+0000",,,,,"collector.go:185",,,,23,26,12,september,34,saturday,2026,local,"0.00115772","could not get power_supply class info: error obtaining power_supply class info: failed to read file \",,,,automation,,,,,"weather_index_report","node_exporter",,,,,error,1,,,,"collector failed",powersupplyclass,,,"__::__-[]:_=--::._=.:_=_=_=""_""_=_=._=""_____:_____:",,,,"weather-data (1)","weather_data",automation,,,,,16,,0,"2024-09-26T23:12:34.96082665Z",,,,,
,,,,"Sep 26 23:12:34 automation grafana-agent[1126]: ts=2024-09-26T23:12:34.96082665Z caller=collector.go:185 level=error integration=node_exporter msg=""collector failed"" name=powersupplyclass duration_seconds=0.00115772 err=""could not get power_supply class info: error obtaining power_supply class info: failed to read file \""/sys/class/power_supply/BAT0/power_now\"": no such device""","2026-09-26T23:12:34.000+0000",,,,,"collector.go:185",,,,23,26,12,september,34,saturday,2026,local,"0.00115772","could not get power_supply class info: error obtaining power_supply class info: failed to read file \",,,,automation,,,,,"weather_index_report","node_exporter",,,,,error,1,,,,"collector failed",powersupplyclass,,,"__::__-[]:_=--::._=.:_=_=_=""_""_=_=._=""_____:_____:",,,,"weather-data (1)","weather_data",automation,,,,,16,,0,"2024-09-26T23:12:34.96082665Z",,,,,
,,,,"Sep 26 23:11:34 automation grafana-agent[1126]: ts=2024-09-26T23:11:34.955799167Z caller=collector.go:185 level=error integration=node_exporter msg=""collector failed"" name=powersupplyclass duration_seconds=0.000656445 err=""could not get power_supply class info: error obtaining power_supply class info: failed to read file \""/sys/class/power_supply/BAT0/power_now\"": no such device""","2026-09-26T23:11:34.000+0000",,,,,"collector.go:185",,,,23,26,11,september,34,saturday,2026,local,"0.000656445","could not get power_supply class info: error obtaining power_supply class info: failed to read file \",,,,automation,,,,,"weather_index_report","node_exporter",,,,,error,1,,,,"collector failed",powersupplyclass,,,"__::__-[]:_=--::._=.:_=_=_=""_""_=_=._=""_____:_____:",,,,"weather-data (1)","weather_data",automation,,,,,16,,0,"2024-09-26T23:11:34.955799167Z",,,,,
,,,,"Sep 26 23:11:34 automation grafana-agent[1126]: ts=2024-09-26T23:11:34.955799167Z caller=collector.go:185 level=error integration=node_exporter msg=""collector failed"" name=powersupplyclass duration_seconds=0.000656445 err=""could not get power_supply class info: error obtaining power_supply class info: failed to read file \""/sys/class/power_supply/BAT0/power_now\"": no such device""","2026-09-26T23:11:34.000+0000",,,,,"collector.go:185",,,,23,26,11,september,34,saturday,2026,local,"0.000656445","could not get power_supply class info: error obtaining power_supply class info: failed to read file \",,,,automation,,,,,"weather_index_report","node_exporter",,,,,error,1,,,,"collector failed",powersupplyclass,,,"__::__-[]:_=--::._=.:_=_=_=""_""_=_=._=""_____:_____:",,,,"weather-data (1)","weather_data",automation,,,,,16,,0,"2024-09-26T23:11:34.955799167Z",,,,,
,,,,"Sep 26 23:11:21 automation systemd-timesyncd[740]: Synchronized to time server 185.125.190.56:123 (ntp.ubuntu.com).","2026-09-26T23:11:21.000+0000",,,,,,,,,23,26,11,september,21,saturday,2026,local,,,,,,automation,,,,,"weather_index_report",,,,,,,1,,,,,,,,"__::__-[]:_____...:_(..).",,,,"weather-data (1)","weather_data",automation,,,,,16,,0,,,,,,
,,,,"Sep 26 23:11:21 automation systemd-timesyncd[740]: Synchronized to time server 185.125.190.56:123 (ntp.ubuntu.com).","2026-09-26T23:11:21.000+0000",,,,,,,,,23,26,11,september,21,saturday,2026,local,,,,,,automation,,,,,"weather_index_report",,,,,,,1,,,,,,,,"__::__-[]:_____...:_(..).",,,,"weather-data (1)","weather_data",automation,,,,,16,,0,,,,,,
,,,,"Sep 26 22:29:03 automation grafana-agent[1126]: ts=2024-09-26T22:29:03.573272214Z caller=collector.go:185 level=error integration=node_exporter msg=""collector failed"" name=powersupplyclass duration_seconds=0.009795059 err=""could not get power_supply class info: error obtaining power_supply class info: failed to read file \""/sys/class/power_supply/BAT0/power_now\"": no such device""","2026-09-26T22:29:03.000+0000",,,,,"collector.go:185",,,,22,26,29,september,3,saturday,2026,local,"0.009795059","could not get power_supply class info: error obtaining power_supply class info: failed to read file \",,,,automation,,,,,"weather_index_report","node_exporter",,,,,error,1,,,,"collector failed",powersupplyclass,,,"__::__-[]:_=--::._=.:_=_=_=""_""_=_=._=""_____:_____:",,,,"weather-data (1)","weather_data",automation,,,,,16,,0,"2024-09-26T22:29:03.573272214Z",,,,,
,,,,"Sep 26 22:29:03 automation grafana-agent[1126]: ts=2024-09-26T22:29:03.573272214Z caller=collector.go:185 level=error integration=node_exporter msg=""collector failed"" name=powersupplyclass duration_seconds=0.009795059 err=""could not get power_supply class info: error obtaining power_supply class info: failed to read file \""/sys/class/power_supply/BAT0/power_now\"": no such device""","2026-09-26T22:29:03.000+0000",,,,,"collector.go:185",,,,22,26,29,september,3,saturday,2026,local,"0.009795059","could not get power_supply class info: error obtaining power_supply class info: failed to read file \",,,,automation,,,,,"weather_index_report","node_exporter",,,,,error,1,,,,"collector failed",powersupplyclass,,,"__::__-[]:_=--::._=.:_=_=_=""_""_=_=._=""_____:_____:",,,,"weather-data (1)","weather_data",automation,,,,,16,,0,"2024-09-26T22:29:03.573272214Z",,,,,
,,,,"Sep 26 22:28:03 automation grafana-agent[1126]: ts=2024-09-26T22:28:03.5513358Z caller=collector.go:185 level=error integration=node_exporter msg=""collector failed"" name=powersupplyclass duration_seconds=0.000985725 err=""could not get power_supply class info: error obtaining power_supply class info: failed to read file \""/sys/class/power_supply/BAT0/power_now\"": no such device""","2026-09-26T22:28:03.000+0000",,,,,"collector.go:185",,,,22,26,28,september,3,saturday,2026,local,"0.000985725","could not get power_supply class info: error obtaining power_supply class info: failed to read file \",,,,automation,,,,,"weather_index_report","node_exporter",,,,,error,1,,,,"collector failed",powersupplyclass,,,"__::__-[]:_=--::._=.:_=_=_=""_""_=_=._=""_____:_____:",,,,"weather-data (1)","weather_data",automation,,,,,16,,0,"2024-09-26T22:28:03.5513358Z",,,,,
,,,,"Sep 26 22:28:03 automation grafana-agent[1126]: ts=2024-09-26T22:28:03.5513358Z caller=collector.go:185 level=error integration=node_exporter msg=""collector failed"" name=powersupplyclass duration_seconds=0.000985725 err=""could not get power_supply class info: error obtaining power_supply class info: failed to read file \""/sys/class/power_supply/BAT0/power_now\"": no such device""","2026-09-26T22:28:03.000+0000",,,,,"collector.go:185",,,,22,26,28,september,3,saturday,2026,local,"0.000985725","could not get power_supply class info: error obtaining power_supply class info: failed to read file \",,,,automation,,,,,"weather_index_report","node_exporter",,,,,error,1,,,,"collector failed",powersupplyclass,,,"__::__-[]:_=--::._=.:_=_=_=""_""_=_=._=""_____:_____:",,,,"weather-data (1)","weather_data",automation,,,,,16,,0,"2024-09-26T22:28:03.5513358Z",,,,,
,,,,"Sep 26 22:27:03 automation grafana-agent[1126]: ts=2024-09-26T22:27:03.559856933Z caller=collector.go:185 level=error integration=node_exporter msg=""collector failed"" name=powersupplyclass duration_seconds=0.001022457 err=""could not get power_supply class info: error obtaining power_supply class info: failed to read file \""/sys/class/power_supply/BAT0/power_now\"": no such device""","2026-09-26T22:27:03.000+0000",,,,,"collector.go:185",,,,22,26,27,september,3,saturday,2026,local,"0.001022457","could not get power_supply class info: error obtaining power_supply class info: failed to read file \",,,,automation,,,,,"weather_index_report","node_exporter",,,,,error,1,,,,"collector failed",powersupplyclass,,,"__::__-[]:_=--::._=.:_=_=_=""_""_=_=._=""_____:_____:",,,,"weather-data (1)","weather_data",automation,,,,,16,,0,"2024-09-26T22:27:03.559856933Z",,,,,
,,,,"Sep 26 22:27:03 automation grafana-agent[1126]: ts=2024-09-26T22:27:03.559856933Z caller=collector.go:185 level=error integration=node_exporter msg=""collector failed"" name=powersupplyclass duration_seconds=0.001022457 err=""could not get power_supply class info: error obtaining power_supply class info: failed to read file \""/sys/class/power_supply/BAT0/power_now\"": no such device""","2026-09-26T22:27:03.000+0000",,,,,"collector.go:185",,,,22,26,27,september,3,saturday,2026,local,"0.001022457","could not get power_supply class info: error obtaining power_supply class info: failed to read file \",,,,automation,,,,,"weather_index_report","node_exporter",,,,,error,1,,,,"collector failed",powersupplyclass,,,"__::__-[]:_=--::._=.:_=_=_=""_""_=_=._=""_____:_____:",,,,"weather-data (1)","weather_data",automation,,,,,16,,0,"2024-09-26T22:27:03.559856933Z",,,,,
,,,,"Sep 26 22:26:03 automation grafana-agent[1126]: ts=2024-09-26T22:26:03.562057425Z caller=collector.go:185 level=error integration=node_exporter msg=""collector failed"" name=powersupplyclass duration_seconds=0.00947749 err=""could not get power_supply class info: error obtaining power_supply class info: failed to read file \""/sys/class/power_supply/BAT0/power_now\"": no such device""","2026-09-26T22:26:03.000+0000",,,,,"collector.go:185",,,,22,26,26,september,3,saturday,2026,local,"0.00947749","could not get power_supply class info: error obtaining power_supply class info: failed to read file \",,,,automation,,,,,"weather_index_report","node_exporter",,,,,error,1,,,,"collector failed",powersupplyclass,,,"__::__-[]:_=--::._=.:_=_=_=""_""_=_=._=""_____:_____:",,,,"weather-data (1)","weather_data",automation,,,,,16,,0,"2024-09-26T22:26:03.562057425Z",,,,,
,,,,"Sep 26 22:26:03 automation grafana-agent[1126]: ts=2024-09-26T22:26:03.562057425Z caller=collector.go:185 level=error integration=node_exporter msg=""collector failed"" name=powersupplyclass duration_seconds=0.00947749 err=""could not get power_supply class info: error obtaining power_supply class info: failed to read file \""/sys/class/power_supply/BAT0/power_now\"": no such device""","2026-09-26T22:26:03.000+0000",,,,,"collector.go:185",,,,22,26,26,september,3,saturday,2026,local,"0.00947749","could not get power_supply class info: error obtaining power_supply class info: failed to read file \",,,,automation,,,,,"weather_index_report","node_exporter",,,,,error,1,,,,"collector failed",powersupplyclass,,,"__::__-[]:_=--::._=.:_=_=_=""_""_=_=._=""_____:_____:",,,,"weather-data (1)","weather_data",automation,,,,,16,,0,"2024-09-26T22:26:03.562057425Z",,,,,
,,,,"Sep 26 22:25:03 automation grafana-agent[1126]: ts=2024-09-26T22:25:03.571836714Z caller=collector.go:185 level=error integration=node_exporter msg=""collector failed"" name=powersupplyclass duration_seconds=0.001443185 err=""could not get power_supply class info: error obtaining power_supply class info: failed to read file \""/sys/class/power_supply/BAT0/power_now\"": no such device""","2026-09-26T22:25:03.000+0000",,,,,"collector.go:185",,,,22,26,25,september,3,saturday,2026,local,"0.001443185","could not get power_supply class info: error obtaining power_supply class info: failed to read file \",,,,automation,,,,,"weather_index_report","node_exporter",,,,,error,1,,,,"collector failed",powersupplyclass,,,"__::__-[]:_=--::._=.:_=_=_=""_""_=_=._=""_____:_____:",,,,"weather-data (1)","weather_data",automation,,,,,16,,0,"2024-09-26T22:25:03.571836714Z",,,,,
,,,,"Sep 26 22:25:03 automation grafana-agent[1126]: ts=2024-09-26T22:25:03.571836714Z caller=collector.go:185 level=error integration=node_exporter msg=""collector failed"" name=powersupplyclass duration_seconds=0.001443185 err=""could not get power_supply class info: error obtaining power_supply class info: failed to read file \""/sys/class/power_supply/BAT0/power_now\"": no such device""","2026-09-26T22:25:03.000+0000",,,,,"collector.go:185",,,,22,26,25,september,3,saturday,2026,local,"0.001443185","could not get power_supply class info: error obtaining power_supply class info: failed to read file \",,,,automation,,,,,"weather_index_report","node_exporter",,,,,error,1,,,,"collector failed",powersupplyclass,,,"__::__-[]:_=--::._=.:_=_=_=""_""_=_=._=""_____:_____:",,,,"weather-data (1)","weather_data",automation,,,,,16,,0,"2024-09-26T22:25:03.571836714Z",,,,,
,,,,"Sep 26 22:25:01 automation CRON[20960]: (root) CMD (command -v debian-sa1 > /dev/null && debian-sa1 1 1)","2026-09-26T22:25:01.000+0000",,,,,,,,,22,26,25,september,1,saturday,2026,local,,,,,,automation,,,,,"weather_index_report",,,,,,,1,,,,,,,,"__::__[]:_()__(_-_-_>_//_&&_-__)",,,,"weather-data (1)","weather_data",automation,,,,,16,,0,,,,,,
,,,,"Sep 26 22:25:01 automation CRON[20960]: (root) CMD (command -v debian-sa1 > /dev/null && debian-sa1 1 1)","2026-09-26T22:25:01.000+0000",,,,,,,,,22,26,25,september,1,saturday,2026,local,,,,,,automation,,,,,"weather_index_report",,,,,,,1,,,,,,,,"__::__[]:_()__(_-_-_>_//_&&_-__)",,,,"weather-data (1)","weather_data",automation,,,,,16,,0,,,,,,
,,,,"Sep 26 22:24:03 automation grafana-agent[1126]: ts=2024-09-26T22:24:03.566172148Z caller=collector.go:185 level=error integration=node_exporter msg=""collector failed"" name=powersupplyclass duration_seconds=0.001420906 err=""could not get power_supply class info: error obtaining power_supply class info: failed to read file \""/sys/class/power_supply/BAT0/power_now\"": no such device""","2026-09-26T22:24:03.000+0000",,,,,"collector.go:185",,,,22,26,24,september,3,saturday,2026,local,"0.001420906","could not get power_supply class info: error obtaining power_supply class info: failed to read file \",,,,automation,,,,,"weather_index_report","node_exporter",,,,,error,1,,,,"collector failed",powersupplyclass,,,"__::__-[]:_=--::._=.:_=_=_=""_""_=_=._=""_____:_____:",,,,"weather-data (1)","weather_data",automation,,,,,16,,0,"2024-09-26T22:24:03.566172148Z",,,,,
,,,,"Sep 26 22:24:03 automation grafana-agent[1126]: ts=2024-09-26T22:24:03.566172148Z caller=collector.go:185 level=error integration=node_exporter msg=""collector failed"" name=powersupplyclass duration_seconds=0.001420906 err=""could not get power_supply class info: error obtaining power_supply class info: failed to read file \""/sys/class/power_supply/BAT0/power_now\"": no such device""","2026-09-26T22:24:03.000+0000",,,,,"collector.go:185",,,,22,26,24,september,3,saturday,2026,local,"0.001420906","could not get power_supply class info: error obtaining power_supply class info: failed to read file \",,,,automation,,,,,"weather_index_report","node_exporter",,,,,error,1,,,,"collector failed",powersupplyclass,,,"__::__-[]:_=--::._=.:_=_=_=""_""_=_=._=""_____:_____:",,,,"weather-data (1)","weather_data",automation,,,,,16,,0,"2024-09-26T22:24:03.566172148Z",,,,,
,,,,"Sep 26 22:23:03 automation grafana-agent[1126]: ts=2024-09-26T22:23:03.568393879Z caller=collector.go:185 level=error integration=node_exporter msg=""collector failed"" name=powersupplyclass duration_seconds=0.002015155 err=""could not get power_supply class info: error obtaining power_supply class info: failed to read file \""/sys/class/power_supply/BAT0/power_now\"": no such device""","2026-09-26T22:23:03.000+0000",,,,,"collector.go:185",,,,22,26,23,september,3,saturday,2026,local,"0.002015155","could not get power_supply class info: error obtaining power_supply class info: failed to read file \",,,,automation,,,,,"weather_index_report","node_exporter",,,,,error,1,,,,"collector failed",powersupplyclass,,,"__::__-[]:_=--::._=.:_=_=_=""_""_=_=._=""_____:_____:",,,,"weather-data (1)","weather_data",automation,,,,,16,,0,"2024-09-26T22:23:03.568393879Z",,,,,
,,,,"Sep 26 22:23:03 automation grafana-agent[1126]: ts=2024-09-26T22:23:03.568393879Z caller=collector.go:185 level=error integration=node_exporter msg=""collector failed"" name=powersupplyclass duration_seconds=0.002015155 err=""could not get power_supply class info: error obtaining power_supply class info: failed to read file \""/sys/class/power_supply/BAT0/power_now\"": no such device""","2026-09-26T22:23:03.000+0000",,,,,"collector.go:185",,,,22,26,23,september,3,saturday,2026,local,"0.002015155","could not get power_supply class info: error obtaining power_supply class info: failed to read file \",,,,automation,,,,,"weather_index_report","node_exporter",,,,,error,1,,,,"collector failed",powersupplyclass,,,"__::__-[]:_=--::._=.:_=_=_=""_""_=_=._=""_____:_____:",,,,"weather-data (1)","weather_data",automation,,,,,16,,0,"2024-09-26T22:23:03.568393879Z",,,,,
,,,,"Sep 26 22:22:03 automation grafana-agent[1126]: ts=2024-09-26T22:22:03.555847772Z caller=collector.go:185 level=error integration=node_exporter msg=""collector failed"" name=powersupplyclass duration_seconds=0.003946108 err=""could not get power_supply class info: error obtaining power_supply class info: failed to read file \""/sys/class/power_supply/BAT0/power_now\"": no such device""","2026-09-26T22:22:03.000+0000",,,,,"collector.go:185",,,,22,26,22,september,3,saturday,2026,local,"0.003946108","could not get power_supply class info: error obtaining power_supply class info: failed to read file \",,,,automation,,,,,"weather_index_report","node_exporter",,,,,error,1,,,,"collector failed",powersupplyclass,,,"__::__-[]:_=--::._=.:_=_=_=""_""_=_=._=""_____:_____:",,,,"weather-data (1)","weather_data",automation,,,,,16,,0,"2024-09-26T22:22:03.555847772Z",,,,,
,,,,"Sep 26 22:22:03 automation grafana-agent[1126]: ts=2024-09-26T22:22:03.555847772Z caller=collector.go:185 level=error integration=node_exporter msg=""collector failed"" name=powersupplyclass duration_seconds=0.003946108 err=""could not get power_supply class info: error obtaining power_supply class info: failed to read file \""/sys/class/power_supply/BAT0/power_now\"": no such device""","2026-09-26T22:22:03.000+0000",,,,,"collector.go:185",,,,22,26,22,september,3,saturday,2026,local,"0.003946108","could not get power_supply class info: error obtaining power_supply class info: failed to read file \",,,,automation,,,,,"weather_index_report","node_exporter",,,,,error,1,,,,"collector failed",powersupplyclass,,,"__::__-[]:_=--::._=.:_=_=_=""_""_=_=._=""_____:_____:",,,,"weather-data (1)","weather_data",automation,,,,,16,,0,"2024-09-26T22:22:03.555847772Z",,,,,
,,,,"Sep 26 22:21:03 automation grafana-agent[1126]: ts=2024-09-26T22:21:03.556574251Z caller=collector.go:185 level=error integration=node_exporter msg=""collector failed"" name=powersupplyclass duration_seconds=0.002728452 err=""could not get power_supply class info: error obtaining power_supply class info: failed to read file \""/sys/class/power_supply/BAT0/power_now\"": no such device""","2026-09-26T22:21:03.000+0000",,,,,"collector.go:185",,,,22,26,21,september,3,saturday,2026,local,"0.002728452","could not get power_supply class info: error obtaining power_supply class info: failed to read file \",,,,automation,,,,,"weather_index_report","node_exporter",,,,,error,1,,,,"collector failed",powersupplyclass,,,"__::__-[]:_=--::._=.:_=_=_=""_""_=_=._=""_____:_____:",,,,"weather-data (1)","weather_data",automation,,,,,16,,0,"2024-09-26T22:21:03.556574251Z",,,,,
,,,,"Sep 26 22:21:03 automation grafana-agent[1126]: ts=2024-09-26T22:21:03.556574251Z caller=collector.go:185 level=error integration=node_exporter msg=""collector failed"" name=powersupplyclass duration_seconds=0.002728452 err=""could not get power_supply class info: error obtaining power_supply class info: failed to read file \""/sys/class/power_supply/BAT0/power_now\"": no such device""","2026-09-26T22:21:03.000+0000",,,,,"collector.go:185",,,,22,26,21,september,3,saturday,2026,local,"0.002728452","could not get power_supply class info: error obtaining power_supply class info: failed to read file \",,,,automation,,,,,"weather_index_report","node_exporter",,,,,error,1,,,,"collector failed",powersupplyclass,,,"__::__-[]:_=--::._=.:_=_=_=""_""_=_=._=""_____:_____:",,,,"weather-data (1)","weather_data",automation,,,,,16,,0,"2024-09-26T22:21:03.556574251Z",,,,,
,,,,"Sep 26 22:20:03 automation grafana-agent[1126]: ts=2024-09-26T22:20:03.563033319Z caller=collector.go:185 level=error integration=node_exporter msg=""collector failed"" name=powersupplyclass duration_seconds=0.001201083 err=""could not get power_supply class info: error obtaining power_supply class info: failed to read file \""/sys/class/power_supply/BAT0/power_now\"": no such device""","2026-09-26T22:20:03.000+0000",,,,,"collector.go:185",,,,22,26,20,september,3,saturday,2026,local,"0.001201083","could not get power_supply class info: error obtaining power_supply class info: failed to read file \",,,,automation,,,,,"weather_index_report","node_exporter",,,,,error,1,,,,"collector failed",powersupplyclass,,,"__::__-[]:_=--::._=.:_=_=_=""_""_=_=._=""_____:_____:",,,,"weather-data (1)","weather_data",automation,,,,,16,,0,"2024-09-26T22:20:03.563033319Z",,,,,
,,,,"Sep 26 22:20:03 automation grafana-agent[1126]: ts=2024-09-26T22:20:03.563033319Z caller=collector.go:185 level=error integration=node_exporter msg=""collector failed"" name=powersupplyclass duration_seconds=0.001201083 err=""could not get power_supply class info: error obtaining power_supply class info: failed to read file \""/sys/class/power_supply/BAT0/power_now\"": no such device""","2026-09-26T22:20:03.000+0000",,,,,"collector.go:185",,,,22,26,20,september,3,saturday,2026,local,"0.001201083","could not get power_supply class info: error obtaining power_supply class info: failed to read file \",,,,automation,,,,,"weather_index_report","node_exporter",,,,,error,1,,,,"collector failed",powersupplyclass,,,"__::__-[]:_=--::._=.:_=_=_=""_""_=_=._=""_____:_____:",,,,"weather-data (1)","weather_data",automation,,,,,16,,0,"2024-09-26T22:20:03.563033319Z",,,,,
,,,,"Sep 26 22:19:03 automation grafana-agent[1126]: ts=2024-09-26T22:19:03.549736953Z caller=collector.go:185 level=error integration=node_exporter msg=""collector failed"" name=powersupplyclass duration_seconds=0.000477459 err=""could not get power_supply class info: error obtaining power_supply class info: failed to read file \""/sys/class/power_supply/BAT0/power_now\"": no such device""","2026-09-26T22:19:03.000+0000",,,,,"collector.go:185",,,,22,26,19,september,3,saturday,2026,local,"0.000477459","could not get power_supply class info: error obtaining power_supply class info: failed to read file \",,,,automation,,,,,"weather_index_report","node_exporter",,,,,error,1,,,,"collector failed",powersupplyclass,,,"__::__-[]:_=--::._=.:_=_=_=""_""_=_=._=""_____:_____:",,,,"weather-data (1)","weather_data",automation,,,,,16,,0,"2024-09-26T22:19:03.549736953Z",,,,,
,,,,"Sep 26 22:19:03 automation grafana-agent[1126]: ts=2024-09-26T22:19:03.549736953Z caller=collector.go:185 level=error integration=node_exporter msg=""collector failed"" name=powersupplyclass duration_seconds=0.000477459 err=""could not get power_supply class info: error obtaining power_supply class info: failed to read file \""/sys/class/power_supply/BAT0/power_now\"": no such device""","2026-09-26T22:19:03.000+0000",,,,,"collector.go:185",,,,22,26,19,september,3,saturday,2026,local,"0.000477459","could not get power_supply class info: error obtaining power_supply class info: failed to read file \",,,,automation,,,,,"weather_index_report","node_exporter",,,,,error,1,,,,"collector failed",powersupplyclass,,,"__::__-[]:_=--::._=.:_=_=_=""_""_=_=._=""_____:_____:",,,,"weather-data (1)","weather_data",automation,,,,,16,,0,"2024-09-26T22:19:03.549736953Z",,,,,
,,,,"Sep 26 22:18:03 automation grafana-agent[1126]: ts=2024-09-26T22:18:03.567200647Z caller=collector.go:185 level=error integration=node_exporter msg=""collector failed"" name=powersupplyclass duration_seconds=0.001108514 err=""could not get power_supply class info: error obtaining power_supply class info: failed to read file \""/sys/class/power_supply/BAT0/power_now\"": no such device""","2026-09-26T22:18:03.000+0000",,,,,"collector.go:185",,,,22,26,18,september,3,saturday,2026,local,"0.001108514","could not get power_supply class info: error obtaining power_supply class info: failed to read file \",,,,automation,,,,,"weather_index_report","node_exporter",,,,,error,1,,,,"collector failed",powersupplyclass,,,"__::__-[]:_=--::._=.:_=_=_=""_""_=_=._=""_____:_____:",,,,"weather-data (1)","weather_data",automation,,,,,16,,0,"2024-09-26T22:18:03.567200647Z",,,,,
,,,,"Sep 26 22:18:03 automation grafana-agent[1126]: ts=2024-09-26T22:18:03.567200647Z caller=collector.go:185 level=error integration=node_exporter msg=""collector failed"" name=powersupplyclass duration_seconds=0.001108514 err=""could not get power_supply class info: error obtaining power_supply class info: failed to read file \""/sys/class/power_supply/BAT0/power_now\"": no such device""","2026-09-26T22:18:03.000+0000",,,,,"collector.go:185",,,,22,26,18,september,3,saturday,2026,local,"0.001108514","could not get power_supply class info: error obtaining power_supply class info: failed to read file \",,,,automation,,,,,"weather_index_report","node_exporter",,,,,error,1,,,,"collector failed",powersupplyclass,,,"__::__-[]:_=--::._=.:_=_=_=""_""_=_=._=""_____:_____:",,,,"weather-data (1)","weather_data",automation,,,,,16,,0,"2024-09-26T22:18:03.567200647Z",,,,,
,,,,"Sep 26 22:17:03 automation grafana-agent[1126]: ts=2024-09-26T22:17:03.563686162Z caller=collector.go:185 level=error integration=node_exporter msg=""collector failed"" name=powersupplyclass duration_seconds=0.001902345 err=""could not get power_supply class info: error obtaining power_supply class info: failed to read file \""/sys/class/power_supply/BAT0/power_now\"": no such device""","2026-09-26T22:17:03.000+0000",,,,,"collector.go:185",,,,22,26,17,september,3,saturday,2026,local,"0.001902345","could not get power_supply class info: error obtaining power_supply class info: failed to read file \",,,,automation,,,,,"weather_index_report","node_exporter",,,,,error,1,,,,"collector failed",powersupplyclass,,,"__::__-[]:_=--::._=.:_=_=_=""_""_=_=._=""_____:_____:",,,,"weather-data (1)","weather_data",automation,,,,,16,,0,"2024-09-26T22:17:03.563686162Z",,,,,
,,,,"Sep 26 22:17:03 automation grafana-agent[1126]: ts=2024-09-26T22:17:03.563686162Z caller=collector.go:185 level=error integration=node_exporter msg=""collector failed"" name=powersupplyclass duration_seconds=0.001902345 err=""could not get power_supply class info: error obtaining power_supply class info: failed to read file \""/sys/class/power_supply/BAT0/power_now\"": no such device""","2026-09-26T22:17:03.000+0000",,,,,"collector.go:185",,,,22,26,17,september,3,saturday,2026,local,"0.001902345","could not get power_supply class info: error obtaining power_supply class info: failed to read file \",,,,automation,,,,,"weather_index_report","node_exporter",,,,,error,1,,,,"collector failed",powersupplyclass,,,"__::__-[]:_=--::._=.:_=_=_=""_""_=_=._=""_____:_____:",,,,"weather-data (1)","weather_data",automation,,,,,16,,0,"2024-09-26T22:17:03.563686162Z",,,,,
,,,,"Sep 26 22:17:01 automation CRON[20955]: (root) CMD (   cd / && run-parts --report /etc/cron.hourly)","2026-09-26T22:17:01.000+0000",,,,,,,,,22,26,17,september,1,saturday,2026,local,,,,,,automation,,,,,"weather_index_report",,,,,,,1,,,,,,,,"__::__[]:_()__(____/_&&_-_--_//.)",,,,"weather-data (1)","weather_data",automation,,,,,16,,0,,,,,,
,,,,"Sep 26 22:17:01 automation CRON[20955]: (root) CMD (   cd / && run-parts --report /etc/cron.hourly)","2026-09-26T22:17:01.000+0000",,,,,,,,,22,26,17,september,1,saturday,2026,local,,,,,,automation,,,,,"weather_index_report",,,,,,,1,,,,,,,,"__::__[]:_()__(____/_&&_-_--_//.)",,,,"weather-data (1)","weather_data",automation,,,,,16,,0,,,,,,
,,,,"Sep 26 22:16:03 automation grafana-agent[1126]: ts=2024-09-26T22:16:03.559230494Z caller=collector.go:185 level=error integration=node_exporter msg=""collector failed"" name=powersupplyclass duration_seconds=0.001970909 err=""could not get power_supply class info: error obtaining power_supply class info: failed to read file \""/sys/class/power_supply/BAT0/power_now\"": no such device""","2026-09-26T22:16:03.000+0000",,,,,"collector.go:185",,,,22,26,16,september,3,saturday,2026,local,"0.001970909","could not get power_supply class info: error obtaining power_supply class info: failed to read file \",,,,automation,,,,,"weather_index_report","node_exporter",,,,,error,1,,,,"collector failed",powersupplyclass,,,"__::__-[]:_=--::._=.:_=_=_=""_""_=_=._=""_____:_____:",,,,"weather-data (1)","weather_data",automation,,,,,16,,0,"2024-09-26T22:16:03.559230494Z",,,,,
,,,,"Sep 26 22:16:03 automation grafana-agent[1126]: ts=2024-09-26T22:16:03.559230494Z caller=collector.go:185 level=error integration=node_exporter msg=""collector failed"" name=powersupplyclass duration_seconds=0.001970909 err=""could not get power_supply class info: error obtaining power_supply class info: failed to read file \""/sys/class/power_supply/BAT0/power_now\"": no such device""","2026-09-26T22:16:03.000+0000",,,,,"collector.go:185",,,,22,26,16,september,3,saturday,2026,local,"0.001970909","could not get power_supply class info: error obtaining power_supply class info: failed to read file \",,,,automation,,,,,"weather_index_report","node_exporter",,,,,error,1,,,,"collector failed",powersupplyclass,,,"__::__-[]:_=--::._=.:_=_=_=""_""_=_=._=""_____:_____:",,,,"weather-data (1)","weather_data",automation,,,,,16,,0,"2024-09-26T22:16:03.559230494Z",,,,,
,,,,"Sep 26 22:15:17 automation grafana-agent[1126]: ts=2024-09-26T22:15:17.939245526Z caller=cleaner.go:203 level=warn agent=prometheus component=cleaner msg=""unable to find segment mtime of WAL"" name=/var/lib/grafana-agent/.cache err=""unable to open WAL: open /var/lib/grafana-agent/.cache/wal: no such file or directory""","2026-09-26T22:15:17.000+0000",prometheus,,,,"cleaner.go:203",,cleaner,,22,26,15,september,17,saturday,2026,local,,"unable to open WAL: open /var/lib/grafana-agent/.cache/wal: no such file or directory",,,,automation,,,,,"weather_index_report",,,,,,warn,1,,,,"unable to find segment mtime of WAL","/var/lib/grafana-agent/.cache",,,"__::__-[]:_=--::._=.:_=_=_=_=""______""_=///-/._=""__",,,,"weather-data (1)","weather_data",automation,,,,,16,,0,"2024-09-26T22:15:17.939245526Z",,,,,
,,,,"Sep 26 22:15:17 automation grafana-agent[1126]: ts=2024-09-26T22:15:17.939245526Z caller=cleaner.go:203 level=warn agent=prometheus component=cleaner msg=""unable to find segment mtime of WAL"" name=/var/lib/grafana-agent/.cache err=""unable to open WAL: open /var/lib/grafana-agent/.cache/wal: no such file or directory""","2026-09-26T22:15:17.000+0000",prometheus,,,,"cleaner.go:203",,cleaner,,22,26,15,september,17,saturday,2026,local,,"unable to open WAL: open /var/lib/grafana-agent/.cache/wal: no such file or directory",,,,automation,,,,,"weather_index_report",,,,,,warn,1,,,,"unable to find segment mtime of WAL","/var/lib/grafana-agent/.cache",,,"__::__-[]:_=--::._=.:_=_=_=_=""______""_=///-/._=""__",,,,"weather-data (1)","weather_data",automation,,,,,16,,0,"2024-09-26T22:15:17.939245526Z",,,,,
,,,,"Sep 26 22:15:03 automation grafana-agent[1126]: ts=2024-09-26T22:15:03.55862193Z caller=collector.go:185 level=error integration=node_exporter msg=""collector failed"" name=powersupplyclass duration_seconds=0.001391281 err=""could not get power_supply class info: error obtaining power_supply class info: failed to read file \""/sys/class/power_supply/BAT0/power_now\"": no such device""","2026-09-26T22:15:03.000+0000",,,,,"collector.go:185",,,,22,26,15,september,3,saturday,2026,local,"0.001391281","could not get power_supply class info: error obtaining power_supply class info: failed to read file \",,,,automation,,,,,"weather_index_report","node_exporter",,,,,error,1,,,,"collector failed",powersupplyclass,,,"__::__-[]:_=--::._=.:_=_=_=""_""_=_=._=""_____:_____:",,,,"weather-data (1)","weather_data",automation,,,,,16,,0,"2024-09-26T22:15:03.55862193Z",,,,,
,,,,"Sep 26 22:15:03 automation grafana-agent[1126]: ts=2024-09-26T22:15:03.55862193Z caller=collector.go:185 level=error integration=node_exporter msg=""collector failed"" name=powersupplyclass duration_seconds=0.001391281 err=""could not get power_supply class info: error obtaining power_supply class info: failed to read file \""/sys/class/power_supply/BAT0/power_now\"": no such device""","2026-09-26T22:15:03.000+0000",,,,,"collector.go:185",,,,22,26,15,september,3,saturday,2026,local,"0.001391281","could not get power_supply class info: error obtaining power_supply class info: failed to read file \",,,,automation,,,,,"weather_index_report","node_exporter",,,,,error,1,,,,"collector failed",powersupplyclass,,,"__::__-[]:_=--::._=.:_=_=_=""_""_=_=._=""_____:_____:",,,,"weather-data (1)","weather_data",automation,,,,,16,,0,"2024-09-26T22:15:03.55862193Z",,,,,
,,,,"Sep 26 22:15:01 automation CRON[20952]: (root) CMD (command -v debian-sa1 > /dev/null && debian-sa1 1 1)","2026-09-26T22:15:01.000+0000",,,,,,,,,22,26,15,september,1,saturday,2026,local,,,,,,automation,,,,,"weather_index_report",,,,,,,1,,,,,,,,"__::__[]:_()__(_-_-_>_//_&&_-__)",,,,"weather-data (1)","weather_data",automation,,,,,16,,0,,,,,,
,,,,"Sep 26 22:15:01 automation CRON[20952]: (root) CMD (command -v debian-sa1 > /dev/null && debian-sa1 1 1)","2026-09-26T22:15:01.000+0000",,,,,,,,,22,26,15,september,1,saturday,2026,local,,,,,,automation,,,,,"weather_index_report",,,,,,,1,,,,,,,,"__::__[]:_()__(_-_-_>_//_&&_-__)",,,,"weather-data (1)","weather_data",automation,,,,,16,,0,,,,,,
,,,,"Sep 26 22:14:06 automation systemd-networkd[940]: enp0s3: Configured","2026-09-26T22:14:06.000+0000",,,,,,,,,22,26,14,september,6,saturday,2026,local,,,,,,automation,,,,,"weather_index_report",,,,,,,1,,,,,,,,"__::__-[]:_:_",,,,"weather-data (1)","weather_data",automation,,,,,16,,0,,,,,,
,,,,"Sep 26 22:14:06 automation systemd-networkd[940]: enp0s3: DHCPv4 address 192.168.140.153/24 via 192.168.140.254","2026-09-26T22:14:06.000+0000",,,,,,,,,22,26,14,september,6,saturday,2026,local,,,,,,automation,,,,,"weather_index_report",,,,,,,1,,,,,,,,"__::__-[]:_:___.../__...",,,,"weather-data (1)","weather_data",automation,,,,,16,,0,,,,,,
,,,,"Sep 26 22:14:06 automation systemd-networkd[940]: enp0s3: Configured","2026-09-26T22:14:06.000+0000",,,,,,,,,22,26,14,september,6,saturday,2026,local,,,,,,automation,,,,,"weather_index_report",,,,,,,1,,,,,,,,"__::__-[]:_:_",,,,"weather-data (1)","weather_data",automation,,,,,16,,0,,,,,,
,,,,"Sep 26 22:14:06 automation systemd-networkd[940]: enp0s3: DHCPv4 address 192.168.140.153/24 via 192.168.140.254","2026-09-26T22:14:06.000+0000",,,,,,,,,22,26,14,september,6,saturday,2026,local,,,,,,automation,,,,,"weather_index_report",,,,,,,1,,,,,,,,"__::__-[]:_:___.../__...",,,,"weather-data (1)","weather_data",automation,,,,,16,,0,,,,,,
,,,,"Sep 26 22:14:04 automation kernel: [149398.463815] e1000: enp0s3 NIC Link is Up 1000 Mbps Full Duplex, Flow Control: RX","2026-09-26T22:14:04.000+0000",,,,,,,,,22,26,14,september,4,saturday,2026,local,,,,,,automation,,,,,"weather_index_report",,,,,,,1,,,,,,,,"__::__:_[.]_:_________,__:_",,,,"weather-data (1)","weather_data",automation,,,,,16,,0,,,,,,
,,,,"Sep 26 22:14:04 automation systemd-networkd[940]: enp0s3: Gained carrier","2026-09-26T22:14:04.000+0000",,,,,,,,,22,26,14,september,4,saturday,2026,local,,,,,,automation,,,,,"weather_index_report",,,,,,,1,,,,,,,,"__::__-[]:_:__",,,,"weather-data (1)","weather_data",automation,,,,,16,,0,,,,,,
,,,,"Sep 26 22:14:04 automation kernel: [149398.463815] e1000: enp0s3 NIC Link is Up 1000 Mbps Full Duplex, Flow Control: RX","2026-09-26T22:14:04.000+0000",,,,,,,,,22,26,14,september,4,saturday,2026,local,,,,,,automation,,,,,"weather_index_report",,,,,,,1,,,,,,,,"__::__:_[.]_:_________,__:_",,,,"weather-data (1)","weather_data",automation,,,,,16,,0,,,,,,
,,,,"Sep 26 22:14:04 automation systemd-networkd[940]: enp0s3: Gained carrier","2026-09-26T22:14:04.000+0000",,,,,,,,,22,26,14,september,4,saturday,2026,local,,,,,,automation,,,,,"weather_index_report",,,,,,,1,,,,,,,,"__::__-[]:_:__",,,,"weather-data (1)","weather_data",automation,,,,,16,,0,,,,,,
,,,,"Sep 26 22:14:03 automation grafana-agent[1126]: ts=2024-09-26T22:14:03.560737155Z caller=collector.go:185 level=error integration=node_exporter msg=""collector failed"" name=powersupplyclass duration_seconds=0.001432148 err=""could not get power_supply class info: error obtaining power_supply class info: failed to read file \""/sys/class/power_supply/BAT0/power_now\"": no such device""","2026-09-26T22:14:03.000+0000",,,,,"collector.go:185",,,,22,26,14,september,3,saturday,2026,local,"0.001432148","could not get power_supply class info: error obtaining power_supply class info: failed to read file \",,,,automation,,,,,"weather_index_report","node_exporter",,,,,error,1,,,,"collector failed",powersupplyclass,,,"__::__-[]:_=--::._=.:_=_=_=""_""_=_=._=""_____:_____:",,,,"weather-data (1)","weather_data",automation,,,,,16,,0,"2024-09-26T22:14:03.560737155Z",,,,,
,,,,"Sep 26 22:14:03 automation grafana-agent[1126]: ts=2024-09-26T22:14:03.560737155Z caller=collector.go:185 level=error integration=node_exporter msg=""collector failed"" name=powersupplyclass duration_seconds=0.001432148 err=""could not get power_supply class info: error obtaining power_supply class info: failed to read file \""/sys/class/power_supply/BAT0/power_now\"": no such device""","2026-09-26T22:14:03.000+0000",,,,,"collector.go:185",,,,22,26,14,september,3,saturday,2026,local,"0.001432148","could not get power_supply class info: error obtaining power_supply class info: failed to read file \",,,,automation,,,,,"weather_index_report","node_exporter",,,,,error,1,,,,"collector failed",powersupplyclass,,,"__::__-[]:_=--::._=.:_=_=_=""_""_=_=._=""_____:_____:",,,,"weather-data (1)","weather_data",automation,,,,,16,,0,"2024-09-26T22:14:03.560737155Z",,,,,
,,,,"Sep 26 22:14:00 automation systemd[1]: Started Hostname Service.","2026-09-26T22:14:00.000+0000",,,,,,,,,22,26,14,september,0,saturday,2026,local,,,,,,automation,,,,,"weather_index_report",,,,,,,1,,,,,,,,"__::__[]:___.",,,,"weather-data (1)","weather_data",automation,,,,,16,,0,,,,,,
,,,,"Sep 26 22:14:00 automation systemd[1]: Starting Hostname Service...","2026-09-26T22:14:00.000+0000",,,,,,,,,22,26,14,september,0,saturday,2026,local,,,,,,automation,,,,,"weather_index_report",,,,,,,1,,,,,,,,"__::__[]:___...",,,,"weather-data (1)","weather_data",automation,,,,,16,,0,,,,,,
,,,,"Sep 26 22:14:00 automation systemd-timesyncd[740]: No network connectivity, watching for changes.","2026-09-26T22:14:00.000+0000",,,,,,,,,22,26,14,september,0,saturday,2026,local,,,,,,automation,,,,,"weather_index_report",,,,,,,1,,,,,,,,"__::__-[]:___,___.",,,,"weather-data (1)","weather_data",automation,,,,,16,,0,,,,,,
,,,,"Sep 26 22:14:00 automation systemd-networkd[940]: enp0s3: DHCPv6 lease lost","2026-09-26T22:14:00.000+0000",,,,,,,,,22,26,14,september,0,saturday,2026,local,,,,,,automation,,,,,"weather_index_report",,,,,,,1,,,,,,,,"__::__-[]:_:___",,,,"weather-data (1)","weather_data",automation,,,,,16,,0,,,,,,
,,,,"Sep 26 22:14:00 automation dbus-daemon[1060]: [system] Successfully activated service 'org.freedesktop.hostname1'","2026-09-26T22:14:00.000+0000",,,,,,,,,22,26,14,september,0,saturday,2026,local,,,,,,automation,,,,,"weather_index_report",,,,,,,1,,,,,,,,"__::__-[]:_[]____'..'",,,,"weather-data (1)","weather_data",automation,,,,,16,,0,,,,,,
,,,,"Sep 26 22:14:00 automation systemd-networkd[940]: enp0s3: DHCP lease lost","2026-09-26T22:14:00.000+0000",,,,,,,,,22,26,14,september,0,saturday,2026,local,,,,,,automation,,,,,"weather_index_report",,,,,,,1,,,,,,,,"__::__-[]:_:___",,,,"weather-data (1)","weather_data",automation,,,,,16,,0,,,,,,
,,,,"Sep 26 22:14:00 automation dbus-daemon[1060]: [system] Activating via systemd: service name='org.freedesktop.hostname1' unit='dbus-org.freedesktop.hostname1.service' requested by ':1.2' (uid=100 pid=940 comm=""/lib/systemd/systemd-networkd "" label=""unconfined"")","2026-09-26T22:14:00.000+0000",,,,,,"/lib/systemd/systemd-networkd",,,22,26,14,september,0,saturday,2026,local,,,,,,automation,,,,,"weather_index_report",,unconfined,,,,,1,,,,,"'org.freedesktop.hostname1'",940,,"__::__-[]:_[]___:__='..'_='-...'___':.'_(=_=_=""///",,,,"weather-data (1)","weather_data",automation,,,,,16,,0,,100,"'dbus-org.freedesktop.hostname1.service'",,,
,,,,"Sep 26 22:14:00 automation systemd-networkd[940]: enp0s3: Lost carrier","2026-09-26T22:14:00.000+0000",,,,,,,,,22,26,14,september,0,saturday,2026,local,,,,,,automation,,,,,"weather_index_report",,,,,,,1,,,,,,,,"__::__-[]:_:__",,,,"weather-data (1)","weather_data",automation,,,,,16,,0,,,,,,
,,,,"Sep 26 22:14:00 automation kernel: [149394.432577] e1000: enp0s3 NIC Link is Down","2026-09-26T22:14:00.000+0000",,,,,,,,,22,26,14,september,0,saturday,2026,local,,,,,,automation,,,,,"weather_index_report",,,,,,,1,,,,,,,,"__::__:_[.]_:_____",,,,"weather-data (1)","weather_data",automation,,,,,16,,0,,,,,,
,,,,"Sep 26 22:14:00 automation systemd[1]: Started Hostname Service.","2026-09-26T22:14:00.000+0000",,,,,,,,,22,26,14,september,0,saturday,2026,local,,,,,,automation,,,,,"weather_index_report",,,,,,,1,,,,,,,,"__::__[]:___.",,,,"weather-data (1)","weather_data",automation,,,,,16,,0,,,,,,
,,,,"Sep 26 22:14:00 automation systemd[1]: Starting Hostname Service...","2026-09-26T22:14:00.000+0000",,,,,,,,,22,26,14,september,0,saturday,2026,local,,,,,,automation,,,,,"weather_index_report",,,,,,,1,,,,,,,,"__::__[]:___...",,,,"weather-data (1)","weather_data",automation,,,,,16,,0,,,,,,
,,,,"Sep 26 22:14:00 automation systemd-timesyncd[740]: No network connectivity, watching for changes.","2026-09-26T22:14:00.000+0000",,,,,,,,,22,26,14,september,0,saturday,2026,local,,,,,,automation,,,,,"weather_index_report",,,,,,,1,,,,,,,,"__::__-[]:___,___.",,,,"weather-data (1)","weather_data",automation,,,,,16,,0,,,,,,
,,,,"Sep 26 22:14:00 automation systemd-networkd[940]: enp0s3: DHCPv6 lease lost","2026-09-26T22:14:00.000+0000",,,,,,,,,22,26,14,september,0,saturday,2026,local,,,,,,automation,,,,,"weather_index_report",,,,,,,1,,,,,,,,"__::__-[]:_:___",,,,"weather-data (1)","weather_data",automation,,,,,16,,0,,,,,,
,,,,"Sep 26 22:14:00 automation dbus-daemon[1060]: [system] Successfully activated service 'org.freedesktop.hostname1'","2026-09-26T22:14:00.000+0000",,,,,,,,,22,26,14,september,0,saturday,2026,local,,,,,,automation,,,,,"weather_index_report",,,,,,,1,,,,,,,,"__::__-[]:_[]____'..'",,,,"weather-data (1)","weather_data",automation,,,,,16,,0,,,,,,
,,,,"Sep 26 22:14:00 automation systemd-networkd[940]: enp0s3: DHCP lease lost","2026-09-26T22:14:00.000+0000",,,,,,,,,22,26,14,september,0,saturday,2026,local,,,,,,automation,,,,,"weather_index_report",,,,,,,1,,,,,,,,"__::__-[]:_:___",,,,"weather-data (1)","weather_data",automation,,,,,16,,0,,,,,,
,,,,"Sep 26 22:14:00 automation dbus-daemon[1060]: [system] Activating via systemd: service name='org.freedesktop.hostname1' unit='dbus-org.freedesktop.hostname1.service' requested by ':1.2' (uid=100 pid=940 comm=""/lib/systemd/systemd-networkd "" label=""unconfined"")","2026-09-26T22:14:00.000+0000",,,,,,"/lib/systemd/systemd-networkd",,,22,26,14,september,0,saturday,2026,local,,,,,,automation,,,,,"weather_index_report",,unconfined,,,,,1,,,,,"'org.freedesktop.hostname1'",940,,"__::__-[]:_[]___:__='..'_='-...'___':.'_(=_=_=""///",,,,"weather-data (1)","weather_data",automation,,,,,16,,0,,100,"'dbus-org.freedesktop.hostname1.service'",,,
,,,,"Sep 26 22:14:00 automation systemd-networkd[940]: enp0s3: Lost carrier","2026-09-26T22:14:00.000+0000",,,,,,,,,22,26,14,september,0,saturday,2026,local,,,,,,automation,,,,,"weather_index_report",,,,,,,1,,,,,,,,"__::__-[]:_:__",,,,"weather-data (1)","weather_data",automation,,,,,16,,0,,,,,,
,,,,"Sep 26 22:14:00 automation kernel: [149394.432577] e1000: enp0s3 NIC Link is Down","2026-09-26T22:14:00.000+0000",,,,,,,,,22,26,14,september,0,saturday,2026,local,,,,,,automation,,,,,"weather_index_report",,,,,,,1,,,,,,,,"__::__:_[.]_:_____",,,,"weather-data (1)","weather_data",automation,,,,,16,,0,,,,,,
,,,,"Sep 26 22:07:01 automation CRON[20913]: (root) CMD (   test -x /etc/cron.daily/popularity-contest && /etc/cron.daily/popularity-contest --crond)","2026-09-26T22:07:01.000+0000",,,,,,,,,22,26,7,september,1,saturday,2026,local,,,,,,automation,,,,,"weather_index_report",,,,,,,1,,,,,,,,"__::__[]:_()__(____-_//./-_&&_//./-_--)",,,,"weather-data (1)","weather_data",automation,,,,,16,,0,,,,,,
,,,,"Sep 26 22:07:01 automation CRON[20913]: (root) CMD (   test -x /etc/cron.daily/popularity-contest && /etc/cron.daily/popularity-contest --crond)","2026-09-26T22:07:01.000+0000",,,,,,,,,22,26,7,september,1,saturday,2026,local,,,,,,automation,,,,,"weather_index_report",,,,,,,1,,,,,,,,"__::__[]:_()__(____-_//./-_&&_//./-_--)",,,,"weather-data (1)","weather_data",automation,,,,,16,,0,,,,,,
,,,,"Sep 26 22:05:01 automation CRON[20910]: (root) CMD (command -v debian-sa1 > /dev/null && debian-sa1 1 1)","2026-09-26T22:05:01.000+0000",,,,,,,,,22,26,5,september,1,saturday,2026,local,,,,,,automation,,,,,"weather_index_report",,,,,,,1,,,,,,,,"__::__[]:_()__(_-_-_>_//_&&_-__)",,,,"weather-data (1)","weather_data",automation,,,,,16,,0,,,,,,
,,,,"Sep 26 22:05:01 automation CRON[20910]: (root) CMD (command -v debian-sa1 > /dev/null && debian-sa1 1 1)","2026-09-26T22:05:01.000+0000",,,,,,,,,22,26,5,september,1,saturday,2026,local,,,,,,automation,,,,,"weather_index_report",,,,,,,1,,,,,,,,"__::__[]:_()__(_-_-_>_//_&&_-__)",,,,"weather-data (1)","weather_data",automation,,,,,16,,0,,,,,,
,,,,"Sep 26 21:55:42 automation systemd-networkd[940]: enp0s3: Configured","2026-09-26T21:55:42.000+0000",,,,,,,,,21,26,55,september,42,saturday,2026,local,,,,,,automation,,,,,"weather_index_report",,,,,,,1,,,,,,,,"__::__-[]:_:_",,,,"weather-data (1)","weather_data",automation,,,,,16,,0,,,,,,
,,,,"Sep 26 21:55:42 automation systemd-networkd[940]: enp0s3: Configured","2026-09-26T21:55:42.000+0000",,,,,,,,,21,26,55,september,42,saturday,2026,local,,,,,,automation,,,,,"weather_index_report",,,,,,,1,,,,,,,,"__::__-[]:_:_",,,,"weather-data (1)","weather_data",automation,,,,,16,,0,,,,,,
,,,,"Sep 26 21:55:40 automation systemd-networkd[940]: enp0s3: DHCPv4 address 192.168.0.18/24 via 192.168.0.1","2026-09-26T21:55:40.000+0000",,,,,,,,,21,26,55,september,40,saturday,2026,local,,,,,,automation,,,,,"weather_index_report",,,,,,,1,,,,,,,,"__::__-[]:_:___.../__...",,,,"weather-data (1)","weather_data",automation,,,,,16,,0,,,,,,
,,,,"Sep 26 21:55:40 automation kernel: [148294.468457] e1000: enp0s3 NIC Link is Up 1000 Mbps Full Duplex, Flow Control: RX","2026-09-26T21:55:40.000+0000",,,,,,,,,21,26,55,september,40,saturday,2026,local,,,,,,automation,,,,,"weather_index_report",,,,,,,1,,,,,,,,"__::__:_[.]_:_________,__:_",,,,"weather-data (1)","weather_data",automation,,,,,16,,0,,,,,,
,,,,"Sep 26 21:55:40 automation systemd-timesyncd[740]: Network configuration changed, trying to establish connection.","2026-09-26T21:55:40.000+0000",,,,,,,,,21,26,55,september,40,saturday,2026,local,,,,,,automation,,,,,"weather_index_report",,,,,,,1,,,,,,,,"__::__-[]:___,____.",,,,"weather-data (1)","weather_data",automation,,,,,16,,0,,,,,,
,,,,"Sep 26 21:55:40 automation systemd-networkd[940]: enp0s3: Gained carrier","2026-09-26T21:55:40.000+0000",,,,,,,,,21,26,55,september,40,saturday,2026,local,,,,,,automation,,,,,"weather_index_report",,,,,,,1,,,,,,,,"__::__-[]:_:__",,,,"weather-data (1)","weather_data",automation,,,,,16,,0,,,,,,
,,,,"Sep 26 21:55:40 automation systemd-networkd[940]: enp0s3: DHCPv4 address 192.168.0.18/24 via 192.168.0.1","2026-09-26T21:55:40.000+0000",,,,,,,,,21,26,55,september,40,saturday,2026,local,,,,,,automation,,,,,"weather_index_report",,,,,,,1,,,,,,,,"__::__-[]:_:___.../__...",,,,"weather-data (1)","weather_data",automation,,,,,16,,0,,,,,,
,,,,"Sep 26 21:55:40 automation kernel: [148294.468457] e1000: enp0s3 NIC Link is Up 1000 Mbps Full Duplex, Flow Control: RX","2026-09-26T21:55:40.000+0000",,,,,,,,,21,26,55,september,40,saturday,2026,local,,,,,,automation,,,,,"weather_index_report",,,,,,,1,,,,,,,,"__::__:_[.]_:_________,__:_",,,,"weather-data (1)","weather_data",automation,,,,,16,,0,,,,,,
,,,,"Sep 26 21:55:40 automation systemd-timesyncd[740]: Network configuration changed, trying to establish connection.","2026-09-26T21:55:40.000+0000",,,,,,,,,21,26,55,september,40,saturday,2026,local,,,,,,automation,,,,,"weather_index_report",,,,,,,1,,,,,,,,"__::__-[]:___,____.",,,,"weather-data (1)","weather_data",automation,,,,,16,,0,,,,,,
,,,,"Sep 26 21:55:40 automation systemd-networkd[940]: enp0s3: Gained carrier","2026-09-26T21:55:40.000+0000",,,,,,,,,21,26,55,september,40,saturday,2026,local,,,,,,automation,,,,,"weather_index_report",,,,,,,1,,,,,,,,"__::__-[]:_:__",,,,"weather-data (1)","weather_data",automation,,,,,16,,0,,,,,,
,,,,"Sep 26 21:55:34 automation systemd[1]: Started Hostname Service.","2026-09-26T21:55:34.000+0000",,,,,,,,,21,26,55,september,34,saturday,2026,local,,,,,,automation,,,,,"weather_index_report",,,,,,,1,,,,,,,,"__::__[]:___.",,,,"weather-data (1)","weather_data",automation,,,,,16,,0,,,,,,
,,,,"Sep 26 21:55:34 automation dbus-daemon[1060]: [system] Successfully activated service 'org.freedesktop.hostname1'","2026-09-26T21:55:34.000+0000",,,,,,,,,21,26,55,september,34,saturday,2026,local,,,,,,automation,,,,,"weather_index_report",,,,,,,1,,,,,,,,"__::__-[]:_[]____'..'",,,,"weather-data (1)","weather_data",automation,,,,,16,,0,,,,,,
,,,,"Sep 26 21:55:34 automation systemd[1]: Starting Hostname Service...","2026-09-26T21:55:34.000+0000",,,,,,,,,21,26,55,september,34,saturday,2026,local,,,,,,automation,,,,,"weather_index_report",,,,,,,1,,,,,,,,"__::__[]:___...",,,,"weather-data (1)","weather_data",automation,,,,,16,,0,,,,,,
,,,,"Sep 26 21:55:34 automation dbus-daemon[1060]: [system] Activating via systemd: service name='org.freedesktop.hostname1' unit='dbus-org.freedesktop.hostname1.service' requested by ':1.2' (uid=100 pid=940 comm=""/lib/systemd/systemd-networkd "" label=""unconfined"")","2026-09-26T21:55:34.000+0000",,,,,,"/lib/systemd/systemd-networkd",,,21,26,55,september,34,saturday,2026,local,,,,,,automation,,,,,"weather_index_report",,unconfined,,,,,1,,,,,"'org.freedesktop.hostname1'",940,,"__::__-[]:_[]___:__='..'_='-...'___':.'_(=_=_=""///",,,,"weather-data (1)","weather_data",automation,,,,,16,,0,,100,"'dbus-org.freedesktop.hostname1.service'",,,
,,,,"Sep 26 21:55:34 automation systemd-networkd[940]: enp0s3: DHCPv6 lease lost","2026-09-26T21:55:34.000+0000",,,,,,,,,21,26,55,september,34,saturday,2026,local,,,,,,automation,,,,,"weather_index_report",,,,,,,1,,,,,,,,"__::__-[]:_:___",,,,"weather-data (1)","weather_data",automation,,,,,16,,0,,,,,,
,,,,"Sep 26 21:55:34 automation systemd-networkd[940]: enp0s3: DHCP lease lost","2026-09-26T21:55:34.000+0000",,,,,,,,,21,26,55,september,34,saturday,2026,local,,,,,,automation,,,,,"weather_index_report",,,,,,,1,,,,,,,,"__::__-[]:_:___",,,,"weather-data (1)","weather_data",automation,,,,,16,,0,,,,,,
,,,,"Sep 26 21:55:34 automation systemd-networkd[940]: enp0s3: Lost carrier","2026-09-26T21:55:34.000+0000",,,,,,,,,21,26,55,september,34,saturday,2026,local,,,,,,automation,,,,,"weather_index_report",,,,,,,1,,,,,,,,"__::__-[]:_:__",,,,"weather-data (1)","weather_data",automation,,,,,16,,0,,,,,,
,,,,"Sep 26 21:55:34 automation kernel: [148288.408180] e1000: enp0s3 NIC Link is Down","2026-09-26T21:55:34.000+0000",,,,,,,,,21,26,55,september,34,saturday,2026,local,,,,,,automation,,,,,"weather_index_report",,,,,,,1,,,,,,,,"__::__:_[.]_:_____",,,,"weather-data (1)","weather_data",automation,,,,,16,,0,,,,,,
,,,,"Sep 26 21:55:34 automation systemd[1]: Started Hostname Service.","2026-09-26T21:55:34.000+0000",,,,,,,,,21,26,55,september,34,saturday,2026,local,,,,,,automation,,,,,"weather_index_report",,,,,,,1,,,,,,,,"__::__[]:___.",,,,"weather-data (1)","weather_data",automation,,,,,16,,0,,,,,,
,,,,"Sep 26 21:55:34 automation dbus-daemon[1060]: [system] Successfully activated service 'org.freedesktop.hostname1'","2026-09-26T21:55:34.000+0000",,,,,,,,,21,26,55,september,34,saturday,2026,local,,,,,,automation,,,,,"weather_index_report",,,,,,,1,,,,,,,,"__::__-[]:_[]____'..'",,,,"weather-data (1)","weather_data",automation,,,,,16,,0,,,,,,
,,,,"Sep 26 21:55:34 automation systemd[1]: Starting Hostname Service...","2026-09-26T21:55:34.000+0000",,,,,,,,,21,26,55,september,34,saturday,2026,local,,,,,,automation,,,,,"weather_index_report",,,,,,,1,,,,,,,,"__::__[]:___...",,,,"weather-data (1)","weather_data",automation,,,,,16,,0,,,,,,
,,,,"Sep 26 21:55:34 automation dbus-daemon[1060]: [system] Activating via systemd: service name='org.freedesktop.hostname1' unit='dbus-org.freedesktop.hostname1.service' requested by ':1.2' (uid=100 pid=940 comm=""/lib/systemd/systemd-networkd "" label=""unconfined"")","2026-09-26T21:55:34.000+0000",,,,,,"/lib/systemd/systemd-networkd",,,21,26,55,september,34,saturday,2026,local,,,,,,automation,,,,,"weather_index_report",,unconfined,,,,,1,,,,,"'org.freedesktop.hostname1'",940,,"__::__-[]:_[]___:__='..'_='-...'___':.'_(=_=_=""///",,,,"weather-data (1)","weather_data",automation,,,,,16,,0,,100,"'dbus-org.freedesktop.hostname1.service'",,,
,,,,"Sep 26 21:55:34 automation systemd-networkd[940]: enp0s3: DHCPv6 lease lost","2026-09-26T21:55:34.000+0000",,,,,,,,,21,26,55,september,34,saturday,2026,local,,,,,,automation,,,,,"weather_index_report",,,,,,,1,,,,,,,,"__::__-[]:_:___",,,,"weather-data (1)","weather_data",automation,,,,,16,,0,,,,,,
,,,,"Sep 26 21:55:34 automation systemd-networkd[940]: enp0s3: DHCP lease lost","2026-09-26T21:55:34.000+0000",,,,,,,,,21,26,55,september,34,saturday,2026,local,,,,,,automation,,,,,"weather_index_report",,,,,,,1,,,,,,,,"__::__-[]:_:___",,,,"weather-data (1)","weather_data",automation,,,,,16,,0,,,,,,
,,,,"Sep 26 21:55:34 automation systemd-networkd[940]: enp0s3: Lost carrier","2026-09-26T21:55:34.000+0000",,,,,,,,,21,26,55,september,34,saturday,2026,local,,,,,,automation,,,,,"weather_index_report",,,,,,,1,,,,,,,,"__::__-[]:_:__",,,,"weather-data (1)","weather_data",automation,,,,,16,,0,,,,,,
,,,,"Sep 26 21:55:34 automation kernel: [148288.408180] e1000: enp0s3 NIC Link is Down","2026-09-26T21:55:34.000+0000",,,,,,,,,21,26,55,september,34,saturday,2026,local,,,,,,automation,,,,,"weather_index_report",,,,,,,1,,,,,,,,"__::__:_[.]_:_____",,,,"weather-data (1)","weather_data",automation,,,,,16,,0,,,,,,
,,,,"Sep 26 21:55:01 automation CRON[20875]: (root) CMD (command -v debian-sa1 > /dev/null && debian-sa1 1 1)","2026-09-26T21:55:01.000+0000",,,,,,,,,21,26,55,september,1,saturday,2026,local,,,,,,automation,,,,,"weather_index_report",,,,,,,1,,,,,,,,"__::__[]:_()__(_-_-_>_//_&&_-__)",,,,"weather-data (1)","weather_data",automation,,,,,16,,0,,,,,,
,,,,"Sep 26 21:55:01 automation CRON[20875]: (root) CMD (command -v debian-sa1 > /dev/null && debian-sa1 1 1)","2026-09-26T21:55:01.000+0000",,,,,,,,,21,26,55,september,1,saturday,2026,local,,,,,,automation,,,,,"weather_index_report",,,,,,,1,,,,,,,,"__::__[]:_()__(_-_-_>_//_&&_-__)",,,,"weather-data (1)","weather_data",automation,,,,,16,,0,,,,,,
,,,,"Sep 26 21:47:51 automation systemd-timesyncd[740]: Synchronized to time server [2620:2d:4000:1::3f]:123 (ntp.ubuntu.com).","2026-09-26T21:47:51.000+0000",,,,,,,,,21,26,47,september,51,saturday,2026,local,,,,,,automation,,,,,"weather_index_report",,,,,,,1,,,,,,,,"__::__-[]:_____[:::::]:_(..).",,,,"weather-data (1)","weather_data",automation,,,,,16,,0,,,,,,
,,,,"Sep 26 21:47:51 automation systemd-timesyncd[740]: Network configuration changed, trying to establish connection.","2026-09-26T21:47:51.000+0000",,,,,,,,,21,26,47,september,51,saturday,2026,local,,,,,,automation,,,,,"weather_index_report",,,,,,,1,,,,,,,,"__::__-[]:___,____.",,,,"weather-data (1)","weather_data",automation,,,,,16,,0,,,,,,
,,,,"Sep 26 21:47:51 automation systemd-networkd[940]: enp0s3: Configured","2026-09-26T21:47:51.000+0000",,,,,,,,,21,26,47,september,51,saturday,2026,local,,,,,,automation,,,,,"weather_index_report",,,,,,,1,,,,,,,,"__::__-[]:_:_",,,,"weather-data (1)","weather_data",automation,,,,,16,,0,,,,,,
,,,,"Sep 26 21:47:51 automation systemd-networkd[940]: enp0s3: DHCPv4 address 192.168.0.18/24 via 192.168.0.1","2026-09-26T21:47:51.000+0000",,,,,,,,,21,26,47,september,51,saturday,2026,local,,,,,,automation,,,,,"weather_index_report",,,,,,,1,,,,,,,,"__::__-[]:_:___.../__...",,,,"weather-data (1)","weather_data",automation,,,,,16,,0,,,,,,
,,,,"Sep 26 21:47:51 automation systemd[1]: Started Hostname Service.","2026-09-26T21:47:51.000+0000",,,,,,,,,21,26,47,september,51,saturday,2026,local,,,,,,automation,,,,,"weather_index_report",,,,,,,1,,,,,,,,"__::__[]:___.",,,,"weather-data (1)","weather_data",automation,,,,,16,,0,,,,,,
,,,,"Sep 26 21:47:51 automation dbus-daemon[1060]: [system] Successfully activated service 'org.freedesktop.hostname1'","2026-09-26T21:47:51.000+0000",,,,,,,,,21,26,47,september,51,saturday,2026,local,,,,,,automation,,,,,"weather_index_report",,,,,,,1,,,,,,,,"__::__-[]:_[]____'..'",,,,"weather-data (1)","weather_data",automation,,,,,16,,0,,,,,,
,,,,"Sep 26 21:47:51 automation systemd-timesyncd[740]: Synchronized to time server [2620:2d:4000:1::3f]:123 (ntp.ubuntu.com).","2026-09-26T21:47:51.000+0000",,,,,,,,,21,26,47,september,51,saturday,2026,local,,,,,,automation,,,,,"weather_index_report",,,,,,,1,,,,,,,,"__::__-[]:_____[:::::]:_(..).",,,,"weather-data (1)","weather_data",automation,,,,,16,,0,,,,,,
,,,,"Sep 26 21:47:51 automation systemd[1]: Starting Hostname Service...","2026-09-26T21:47:51.000+0000",,,,,,,,,21,26,47,september,51,saturday,2026,local,,,,,,automation,,,,,"weather_index_report",,,,,,,1,,,,,,,,"__::__[]:___...",,,,"weather-data (1)","weather_data",automation,,,,,16,,0,,,,,,
,,,,"Sep 26 21:47:51 automation systemd-timesyncd[740]: Network configuration changed, trying to establish connection.","2026-09-26T21:47:51.000+0000",,,,,,,,,21,26,47,september,51,saturday,2026,local,,,,,,automation,,,,,"weather_index_report",,,,,,,1,,,,,,,,"__::__-[]:___,____.",,,,"weather-data (1)","weather_data",automation,,,,,16,,0,,,,,,
,,,,"Sep 26 21:47:51 automation dbus-daemon[1060]: [system] Activating via systemd: service name='org.freedesktop.hostname1' unit='dbus-org.freedesktop.hostname1.service' requested by ':1.2' (uid=100 pid=940 comm=""/lib/systemd/systemd-networkd "" label=""unconfined"")","2026-09-26T21:47:51.000+0000",,,,,,"/lib/systemd/systemd-networkd",,,21,26,47,september,51,saturday,2026,local,,,,,,automation,,,,,"weather_index_report",,unconfined,,,,,1,,,,,"'org.freedesktop.hostname1'",940,,"__::__-[]:_[]___:__='..'_='-...'___':.'_(=_=_=""///",,,,"weather-data (1)","weather_data",automation,,,,,16,,0,,100,"'dbus-org.freedesktop.hostname1.service'",,,
,,,,"Sep 26 21:47:51 automation systemd-networkd[940]: enp0s3: DHCP lease lost","2026-09-26T21:47:51.000+0000",,,,,,,,,21,26,47,september,51,saturday,2026,local,,,,,,automation,,,,,"weather_index_report",,,,,,,1,,,,,,,,"__::__-[]:_:___",,,,"weather-data (1)","weather_data",automation,,,,,16,,0,,,,,,
,,,,"Sep 26 21:47:51 automation systemd-timesyncd[740]: Synchronized to time server [2620:2d:4000:1::3f]:123 (ntp.ubuntu.com).","2026-09-26T21:47:51.000+0000",,,,,,,,,21,26,47,september,51,saturday,2026,local,,,,,,automation,,,,,"weather_index_report",,,,,,,1,,,,,,,,"__::__-[]:_____[:::::]:_(..).",,,,"weather-data (1)","weather_data",automation,,,,,16,,0,,,,,,
,,,,"Sep 26 21:47:51 automation systemd-timesyncd[740]: Network configuration changed, trying to establish connection.","2026-09-26T21:47:51.000+0000",,,,,,,,,21,26,47,september,51,saturday,2026,local,,,,,,automation,,,,,"weather_index_report",,,,,,,1,,,,,,,,"__::__-[]:___,____.",,,,"weather-data (1)","weather_data",automation,,,,,16,,0,,,,,,
,,,,"Sep 26 21:47:51 automation systemd-networkd[940]: enp0s3: Configured","2026-09-26T21:47:51.000+0000",,,,,,,,,21,26,47,september,51,saturday,2026,local,,,,,,automation,,,,,"weather_index_report",,,,,,,1,,,,,,,,"__::__-[]:_:_",,,,"weather-data (1)","weather_data",automation,,,,,16,,0,,,,,,
,,,,"Sep 26 21:47:51 automation systemd-networkd[940]: enp0s3: DHCPv4 address 192.168.0.18/24 via 192.168.0.1","2026-09-26T21:47:51.000+0000",,,,,,,,,21,26,47,september,51,saturday,2026,local,,,,,,automation,,,,,"weather_index_report",,,,,,,1,,,,,,,,"__::__-[]:_:___.../__...",,,,"weather-data (1)","weather_data",automation,,,,,16,,0,,,,,,
,,,,"Sep 26 21:47:51 automation systemd[1]: Started Hostname Service.","2026-09-26T21:47:51.000+0000",,,,,,,,,21,26,47,september,51,saturday,2026,local,,,,,,automation,,,,,"weather_index_report",,,,,,,1,,,,,,,,"__::__[]:___.",,,,"weather-data (1)","weather_data",automation,,,,,16,,0,,,,,,
,,,,"Sep 26 21:47:51 automation dbus-daemon[1060]: [system] Successfully activated service 'org.freedesktop.hostname1'","2026-09-26T21:47:51.000+0000",,,,,,,,,21,26,47,september,51,saturday,2026,local,,,,,,automation,,,,,"weather_index_report",,,,,,,1,,,,,,,,"__::__-[]:_[]____'..'",,,,"weather-data (1)","weather_data",automation,,,,,16,,0,,,,,,
,,,,"Sep 26 21:47:51 automation systemd-timesyncd[740]: Synchronized to time server [2620:2d:4000:1::3f]:123 (ntp.ubuntu.com).","2026-09-26T21:47:51.000+0000",,,,,,,,,21,26,47,september,51,saturday,2026,local,,,,,,automation,,,,,"weather_index_report",,,,,,,1,,,,,,,,"__::__-[]:_____[:::::]:_(..).",,,,"weather-data (1)","weather_data",automation,,,,,16,,0,,,,,,
,,,,"Sep 26 21:47:51 automation systemd[1]: Starting Hostname Service...","2026-09-26T21:47:51.000+0000",,,,,,,,,21,26,47,september,51,saturday,2026,local,,,,,,automation,,,,,"weather_index_report",,,,,,,1,,,,,,,,"__::__[]:___...",,,,"weather-data (1)","weather_data",automation,,,,,16,,0,,,,,,
,,,,"Sep 26 21:47:51 automation systemd-timesyncd[740]: Network configuration changed, trying to establish connection.","2026-09-26T21:47:51.000+0000",,,,,,,,,21,26,47,september,51,saturday,2026,local,,,,,,automation,,,,,"weather_index_report",,,,,,,1,,,,,,,,"__::__-[]:___,____.",,,,"weather-data (1)","weather_data",automation,,,,,16,,0,,,,,,
,,,,"Sep 26 21:47:51 automation dbus-daemon[1060]: [system] Activating via systemd: service name='org.freedesktop.hostname1' unit='dbus-org.freedesktop.hostname1.service' requested by ':1.2' (uid=100 pid=940 comm=""/lib/systemd/systemd-networkd "" label=""unconfined"")","2026-09-26T21:47:51.000+0000",,,,,,"/lib/systemd/systemd-networkd",,,21,26,47,september,51,saturday,2026,local,,,,,,automation,,,,,"weather_index_report",,unconfined,,,,,1,,,,,"'org.freedesktop.hostname1'",940,,"__::__-[]:_[]___:__='..'_='-...'___':.'_(=_=_=""///",,,,"weather-data (1)","weather_data",automation,,,,,16,,0,,100,"'dbus-org.freedesktop.hostname1.service'",,,
,,,,"Sep 26 21:47:51 automation systemd-networkd[940]: enp0s3: DHCP lease lost","2026-09-26T21:47:51.000+0000",,,,,,,,,21,26,47,september,51,saturday,2026,local,,,,,,automation,,,,,"weather_index_report",,,,,,,1,,,,,,,,"__::__-[]:_:___",,,,"weather-data (1)","weather_data",automation,,,,,16,,0,,,,,,
,,,,"Sep 26 21:45:17 automation grafana-agent[1126]: ts=2024-09-26T21:45:17.939693189Z caller=cleaner.go:203 level=warn agent=prometheus component=cleaner msg=""unable to find segment mtime of WAL"" name=/var/lib/grafana-agent/.cache err=""unable to open WAL: open /var/lib/grafana-agent/.cache/wal: no such file or directory""","2026-09-26T21:45:17.000+0000",prometheus,,,,"cleaner.go:203",,cleaner,,21,26,45,september,17,saturday,2026,local,,"unable to open WAL: open /var/lib/grafana-agent/.cache/wal: no such file or directory",,,,automation,,,,,"weather_index_report",,,,,,warn,1,,,,"unable to find segment mtime of WAL","/var/lib/grafana-agent/.cache",,,"__::__-[]:_=--::._=.:_=_=_=_=""______""_=///-/._=""__",,,,"weather-data (1)","weather_data",automation,,,,,16,,0,"2024-09-26T21:45:17.939693189Z",,,,,
,,,,"Sep 26 21:45:17 automation grafana-agent[1126]: ts=2024-09-26T21:45:17.939693189Z caller=cleaner.go:203 level=warn agent=prometheus component=cleaner msg=""unable to find segment mtime of WAL"" name=/var/lib/grafana-agent/.cache err=""unable to open WAL: open /var/lib/grafana-agent/.cache/wal: no such file or directory""","2026-09-26T21:45:17.000+0000",prometheus,,,,"cleaner.go:203",,cleaner,,21,26,45,september,17,saturday,2026,local,,"unable to open WAL: open /var/lib/grafana-agent/.cache/wal: no such file or directory",,,,automation,,,,,"weather_index_report",,,,,,warn,1,,,,"unable to find segment mtime of WAL","/var/lib/grafana-agent/.cache",,,"__::__-[]:_=--::._=.:_=_=_=_=""______""_=///-/._=""__",,,,"weather-data (1)","weather_data",automation,,,,,16,,0,"2024-09-26T21:45:17.939693189Z",,,,,
,,,,"Sep 26 21:45:01 automation CRON[20833]: (root) CMD (command -v debian-sa1 > /dev/null && debian-sa1 1 1)","2026-09-26T21:45:01.000+0000",,,,,,,,,21,26,45,september,1,saturday,2026,local,,,,,,automation,,,,,"weather_index_report",,,,,,,1,,,,,,,,"__::__[]:_()__(_-_-_>_//_&&_-__)",,,,"weather-data (1)","weather_data",automation,,,,,16,,0,,,,,,
,,,,"Sep 26 21:45:01 automation CRON[20833]: (root) CMD (command -v debian-sa1 > /dev/null && debian-sa1 1 1)","2026-09-26T21:45:01.000+0000",,,,,,,,,21,26,45,september,1,saturday,2026,local,,,,,,automation,,,,,"weather_index_report",,,,,,,1,,,,,,,,"__::__[]:_()__(_-_-_>_//_&&_-__)",,,,"weather-data (1)","weather_data",automation,,,,,16,,0,,,,,,
,,,,"Sep 26 21:35:01 automation CRON[20826]: (root) CMD (command -v debian-sa1 > /dev/null && debian-sa1 1 1)","2026-09-26T21:35:01.000+0000",,,,,,,,,21,26,35,september,1,saturday,2026,local,,,,,,automation,,,,,"weather_index_report",,,,,,,1,,,,,,,,"__::__[]:_()__(_-_-_>_//_&&_-__)",,,,"weather-data (1)","weather_data",automation,,,,,16,,0,,,,,,
,,,,"Sep 26 21:35:01 automation CRON[20826]: (root) CMD (command -v debian-sa1 > /dev/null && debian-sa1 1 1)","2026-09-26T21:35:01.000+0000",,,,,,,,,21,26,35,september,1,saturday,2026,local,,,,,,automation,,,,,"weather_index_report",,,,,,,1,,,,,,,,"__::__[]:_()__(_-_-_>_//_&&_-__)",,,,"weather-data (1)","weather_data",automation,,,,,16,,0,,,,,,
,,,,"Sep 26 21:25:01 automation CRON[20821]: (root) CMD (command -v debian-sa1 > /dev/null && debian-sa1 1 1)","2026-09-26T21:25:01.000+0000",,,,,,,,,21,26,25,september,1,saturday,2026,local,,,,,,automation,,,,,"weather_index_report",,,,,,,1,,,,,,,,"__::__[]:_()__(_-_-_>_//_&&_-__)",,,,"weather-data (1)","weather_data",automation,,,,,16,,0,,,,,,
,,,,"Sep 26 21:25:01 automation CRON[20821]: (root) CMD (command -v debian-sa1 > /dev/null && debian-sa1 1 1)","2026-09-26T21:25:01.000+0000",,,,,,,,,21,26,25,september,1,saturday,2026,local,,,,,,automation,,,,,"weather_index_report",,,,,,,1,,,,,,,,"__::__[]:_()__(_-_-_>_//_&&_-__)",,,,"weather-data (1)","weather_data",automation,,,,,16,,0,,,,,,
,,,,"Sep 26 21:22:00 automation systemd[1]: Started Ubuntu Advantage Timer for running repeated jobs.","2026-09-26T21:22:00.000+0000",,,,,,,,,21,26,22,september,0,saturday,2026,local,,,,,,automation,,,,,"weather_index_report",,,,,,,1,,,,,,,,"__::__[]:________.",,,,"weather-data (1)","weather_data",automation,,,,,16,,0,,,,,,
,,,,"Sep 26 21:22:00 automation systemd[1]: Started Ubuntu Advantage Timer for running repeated jobs.","2026-09-26T21:22:00.000+0000",,,,,,,,,21,26,22,september,0,saturday,2026,local,,,,,,automation,,,,,"weather_index_report",,,,,,,1,,,,,,,,"__::__[]:________.",,,,"weather-data (1)","weather_data",automation,,,,,16,,0,,,,,,
,,,,"Sep 26 21:21:59 automation systemd[1]: Started Daily apt download activities.","2026-09-26T21:21:59.000+0000",,,,,,,,,21,26,21,september,59,saturday,2026,local,,,,,,automation,,,,,"weather_index_report",,,,,,,1,,,,,,,,"__::__[]:_____.",,,,"weather-data (1)","weather_data",automation,,,,,16,,0,,,,,,
,,,,"Sep 26 21:21:59 automation systemd[1]: Starting Daily apt download activities...","2026-09-26T21:21:59.000+0000",,,,,,,,,21,26,21,september,59,saturday,2026,local,,,,,,automation,,,,,"weather_index_report",,,,,,,1,,,,,,,,"__::__[]:_____...",,,,"weather-data (1)","weather_data",automation,,,,,16,,0,,,,,,
,,,,"Sep 26 21:21:59 automation systemd[1]: Starting Ubuntu Advantage Timer for running repeated jobs...","2026-09-26T21:21:59.000+0000",,,,,,,,,21,26,21,september,59,saturday,2026,local,,,,,,automation,,,,,"weather_index_report",,,,,,,1,,,,,,,,"__::__[]:________...",,,,"weather-data (1)","weather_data",automation,,,,,16,,0,,,,,,
,,,,"Sep 26 21:21:59 automation systemd-timesyncd[740]: Synchronized to time server [2620:2d:4000:1::3f]:123 (ntp.ubuntu.com).","2026-09-26T21:21:59.000+0000",,,,,,,,,21,26,21,september,59,saturday,2026,local,,,,,,automation,,,,,"weather_index_report",,,,,,,1,,,,,,,,"__::__-[]:_____[:::::]:_(..).",,,,"weather-data (1)","weather_data",automation,,,,,16,,0,,,,,,
,,,,"Sep 26 21:21:59 automation systemd[1]: Started Daily apt download activities.","2026-09-26T21:21:59.000+0000",,,,,,,,,21,26,21,september,59,saturday,2026,local,,,,,,automation,,,,,"weather_index_report",,,,,,,1,,,,,,,,"__::__[]:_____.",,,,"weather-data (1)","weather_data",automation,,,,,16,,0,,,,,,
,,,,"Sep 26 21:21:59 automation systemd[1]: Starting Daily apt download activities...","2026-09-26T21:21:59.000+0000",,,,,,,,,21,26,21,september,59,saturday,2026,local,,,,,,automation,,,,,"weather_index_report",,,,,,,1,,,,,,,,"__::__[]:_____...",,,,"weather-data (1)","weather_data",automation,,,,,16,,0,,,,,,
,,,,"Sep 26 21:21:59 automation systemd[1]: Starting Ubuntu Advantage Timer for running repeated jobs...","2026-09-26T21:21:59.000+0000",,,,,,,,,21,26,21,september,59,saturday,2026,local,,,,,,automation,,,,,"weather_index_report",,,,,,,1,,,,,,,,"__::__[]:________...",,,,"weather-data (1)","weather_data",automation,,,,,16,,0,,,,,,
,,,,"Sep 26 21:21:59 automation systemd-timesyncd[740]: Synchronized to time server [2620:2d:4000:1::3f]:123 (ntp.ubuntu.com).","2026-09-26T21:21:59.000+0000",,,,,,,,,21,26,21,september,59,saturday,2026,local,,,,,,automation,,,,,"weather_index_report",,,,,,,1,,,,,,,,"__::__-[]:_____[:::::]:_(..).",,,,"weather-data (1)","weather_data",automation,,,,,16,,0,,,,,,
,,,,"Sep 26 20:35:01 automation CRON[20744]: (root) CMD (command -v debian-sa1 > /dev/null && debian-sa1 1 1)","2026-09-26T20:35:01.000+0000",,,,,,,,,20,26,35,september,1,saturday,2026,local,,,,,,automation,,,,,"weather_index_report",,,,,,,1,,,,,,,,"__::__[]:_()__(_-_-_>_//_&&_-__)",,,,"weather-data (1)","weather_data",automation,,,,,16,,0,,,,,,
,,,,"Sep 26 20:35:01 automation CRON[20744]: (root) CMD (command -v debian-sa1 > /dev/null && debian-sa1 1 1)","2026-09-26T20:35:01.000+0000",,,,,,,,,20,26,35,september,1,saturday,2026,local,,,,,,automation,,,,,"weather_index_report",,,,,,,1,,,,,,,,"__::__[]:_()__(_-_-_>_//_&&_-__)",,,,"weather-data (1)","weather_data",automation,,,,,16,,0,,,,,,
,,,,"Sep 26 20:34:27 automation grafana-agent[1126]: ts=2024-09-26T20:34:27.383052072Z caller=cleaner.go:203 level=warn agent=prometheus component=cleaner msg=""unable to find segment mtime of WAL"" name=/var/lib/grafana-agent/.cache err=""unable to open WAL: open /var/lib/grafana-agent/.cache/wal: no such file or directory""","2026-09-26T20:34:27.000+0000",prometheus,,,,"cleaner.go:203",,cleaner,,20,26,34,september,27,saturday,2026,local,,"unable to open WAL: open /var/lib/grafana-agent/.cache/wal: no such file or directory",,,,automation,,,,,"weather_index_report",,,,,,warn,1,,,,"unable to find segment mtime of WAL","/var/lib/grafana-agent/.cache",,,"__::__-[]:_=--::._=.:_=_=_=_=""______""_=///-/._=""__",,,,"weather-data (1)","weather_data",automation,,,,,16,,0,"2024-09-26T20:34:27.383052072Z",,,,,
,,,,"Sep 26 20:34:27 automation grafana-agent[1126]: ts=2024-09-26T20:34:27.383052072Z caller=cleaner.go:203 level=warn agent=prometheus component=cleaner msg=""unable to find segment mtime of WAL"" name=/var/lib/grafana-agent/.cache err=""unable to open WAL: open /var/lib/grafana-agent/.cache/wal: no such file or directory""","2026-09-26T20:34:27.000+0000",prometheus,,,,"cleaner.go:203",,cleaner,,20,26,34,september,27,saturday,2026,local,,"unable to open WAL: open /var/lib/grafana-agent/.cache/wal: no such file or directory",,,,automation,,,,,"weather_index_report",,,,,,warn,1,,,,"unable to find segment mtime of WAL","/var/lib/grafana-agent/.cache",,,"__::__-[]:_=--::._=.:_=_=_=_=""______""_=///-/._=""__",,,,"weather-data (1)","weather_data",automation,,,,,16,,0,"2024-09-26T20:34:27.383052072Z",,,,,
,,,,"Sep 26 20:25:01 automation CRON[20739]: (root) CMD (command -v debian-sa1 > /dev/null && debian-sa1 1 1)","2026-09-26T20:25:01.000+0000",,,,,,,,,20,26,25,september,1,saturday,2026,local,,,,,,automation,,,,,"weather_index_report",,,,,,,1,,,,,,,,"__::__[]:_()__(_-_-_>_//_&&_-__)",,,,"weather-data (1)","weather_data",automation,,,,,16,,0,,,,,,
,,,,"Sep 26 20:25:01 automation CRON[20739]: (root) CMD (command -v debian-sa1 > /dev/null && debian-sa1 1 1)","2026-09-26T20:25:01.000+0000",,,,,,,,,20,26,25,september,1,saturday,2026,local,,,,,,automation,,,,,"weather_index_report",,,,,,,1,,,,,,,,"__::__[]:_()__(_-_-_>_//_&&_-__)",,,,"weather-data (1)","weather_data",automation,,,,,16,,0,,,,,,
,,,,"Sep 26 20:17:01 automation CRON[20734]: (root) CMD (   cd / && run-parts --report /etc/cron.hourly)","2026-09-26T20:17:01.000+0000",,,,,,,,,20,26,17,september,1,saturday,2026,local,,,,,,automation,,,,,"weather_index_report",,,,,,,1,,,,,,,,"__::__[]:_()__(____/_&&_-_--_//.)",,,,"weather-data (1)","weather_data",automation,,,,,16,,0,,,,,,
,,,,"Sep 26 20:17:01 automation CRON[20734]: (root) CMD (   cd / && run-parts --report /etc/cron.hourly)","2026-09-26T20:17:01.000+0000",,,,,,,,,20,26,17,september,1,saturday,2026,local,,,,,,automation,,,,,"weather_index_report",,,,,,,1,,,,,,,,"__::__[]:_()__(____/_&&_-_--_//.)",,,,"weather-data (1)","weather_data",automation,,,,,16,,0,,,,,,
,,,,"Sep 26 20:15:02 automation CRON[20731]: (root) CMD (command -v debian-sa1 > /dev/null && debian-sa1 1 1)","2026-09-26T20:15:02.000+0000",,,,,,,,,20,26,15,september,2,saturday,2026,local,,,,,,automation,,,,,"weather_index_report",,,,,,,1,,,,,,,,"__::__[]:_()__(_-_-_>_//_&&_-__)",,,,"weather-data (1)","weather_data",automation,,,,,16,,0,,,,,,
,,,,"Sep 26 20:15:02 automation CRON[20731]: (root) CMD (command -v debian-sa1 > /dev/null && debian-sa1 1 1)","2026-09-26T20:15:02.000+0000",,,,,,,,,20,26,15,september,2,saturday,2026,local,,,,,,automation,,,,,"weather_index_report",,,,,,,1,,,,,,,,"__::__[]:_()__(_-_-_>_//_&&_-__)",,,,"weather-data (1)","weather_data",automation,,,,,16,,0,,,,,,
,,,,"Sep 26 20:07:02 automation systemd-networkd[940]: enp0s3: Configured","2026-09-26T20:07:02.000+0000",,,,,,,,,20,26,7,september,2,saturday,2026,local,,,,,,automation,,,,,"weather_index_report",,,,,,,1,,,,,,,,"__::__-[]:_:_",,,,"weather-data (1)","weather_data",automation,,,,,16,,0,,,,,,
,,,,"Sep 26 20:07:02 automation systemd-networkd[940]: enp0s3: Configured","2026-09-26T20:07:02.000+0000",,,,,,,,,20,26,7,september,2,saturday,2026,local,,,,,,automation,,,,,"weather_index_report",,,,,,,1,,,,,,,,"__::__-[]:_:_",,,,"weather-data (1)","weather_data",automation,,,,,16,,0,,,,,,
,,,,"Sep 26 20:07:00 automation systemd-networkd[940]: enp0s3: DHCPv4 address 192.168.0.18/24 via 192.168.0.1","2026-09-26T20:07:00.000+0000",,,,,,,,,20,26,7,september,0,saturday,2026,local,,,,,,automation,,,,,"weather_index_report",,,,,,,1,,,,,,,,"__::__-[]:_:___.../__...",,,,"weather-data (1)","weather_data",automation,,,,,16,,0,,,,,,
,,,,"Sep 26 20:07:00 automation systemd-timesyncd[740]: Network configuration changed, trying to establish connection.","2026-09-26T20:07:00.000+0000",,,,,,,,,20,26,7,september,0,saturday,2026,local,,,,,,automation,,,,,"weather_index_report",,,,,,,1,,,,,,,,"__::__-[]:___,____.",,,,"weather-data (1)","weather_data",automation,,,,,16,,0,,,,,,
,,,,"Sep 26 20:07:00 automation systemd-networkd[940]: enp0s3: Gained carrier","2026-09-26T20:07:00.000+0000",,,,,,,,,20,26,7,september,0,saturday,2026,local,,,,,,automation,,,,,"weather_index_report",,,,,,,1,,,,,,,,"__::__-[]:_:__",,,,"weather-data (1)","weather_data",automation,,,,,16,,0,,,,,,
,,,,"Sep 26 20:07:00 automation kernel: [144225.266047] e1000: enp0s3 NIC Link is Up 1000 Mbps Full Duplex, Flow Control: RX","2026-09-26T20:07:00.000+0000",,,,,,,,,20,26,7,september,0,saturday,2026,local,,,,,,automation,,,,,"weather_index_report",,,,,,,1,,,,,,,,"__::__:_[.]_:_________,__:_",,,,"weather-data (1)","weather_data",automation,,,,,16,,0,,,,,,
,,,,"Sep 26 20:07:00 automation systemd-networkd[940]: enp0s3: DHCPv4 address 192.168.0.18/24 via 192.168.0.1","2026-09-26T20:07:00.000+0000",,,,,,,,,20,26,7,september,0,saturday,2026,local,,,,,,automation,,,,,"weather_index_report",,,,,,,1,,,,,,,,"__::__-[]:_:___.../__...",,,,"weather-data (1)","weather_data",automation,,,,,16,,0,,,,,,
,,,,"Sep 26 20:07:00 automation systemd-timesyncd[740]: Network configuration changed, trying to establish connection.","2026-09-26T20:07:00.000+0000",,,,,,,,,20,26,7,september,0,saturday,2026,local,,,,,,automation,,,,,"weather_index_report",,,,,,,1,,,,,,,,"__::__-[]:___,____.",,,,"weather-data (1)","weather_data",automation,,,,,16,,0,,,,,,
,,,,"Sep 26 20:07:00 automation systemd-networkd[940]: enp0s3: Gained carrier","2026-09-26T20:07:00.000+0000",,,,,,,,,20,26,7,september,0,saturday,2026,local,,,,,,automation,,,,,"weather_index_report",,,,,,,1,,,,,,,,"__::__-[]:_:__",,,,"weather-data (1)","weather_data",automation,,,,,16,,0,,,,,,
,,,,"Sep 26 20:07:00 automation kernel: [144225.266047] e1000: enp0s3 NIC Link is Up 1000 Mbps Full Duplex, Flow Control: RX","2026-09-26T20:07:00.000+0000",,,,,,,,,20,26,7,september,0,saturday,2026,local,,,,,,automation,,,,,"weather_index_report",,,,,,,1,,,,,,,,"__::__:_[.]_:_________,__:_",,,,"weather-data (1)","weather_data",automation,,,,,16,,0,,,,,,
,,,,"Sep 26 20:06:54 automation systemd[1]: Started Hostname Service.","2026-09-26T20:06:54.000+0000",,,,,,,,,20,26,6,september,54,saturday,2026,local,,,,,,automation,,,,,"weather_index_report",,,,,,,1,,,,,,,,"__::__[]:___.",,,,"weather-data (1)","weather_data",automation,,,,,16,,0,,,,,,
,,,,"Sep 26 20:06:54 automation dbus-daemon[1060]: [system] Successfully activated service 'org.freedesktop.hostname1'","2026-09-26T20:06:54.000+0000",,,,,,,,,20,26,6,september,54,saturday,2026,local,,,,,,automation,,,,,"weather_index_report",,,,,,,1,,,,,,,,"__::__-[]:_[]____'..'",,,,"weather-data (1)","weather_data",automation,,,,,16,,0,,,,,,
,,,,"Sep 26 20:06:54 automation systemd[1]: Starting Hostname Service...","2026-09-26T20:06:54.000+0000",,,,,,,,,20,26,6,september,54,saturday,2026,local,,,,,,automation,,,,,"weather_index_report",,,,,,,1,,,,,,,,"__::__[]:___...",,,,"weather-data (1)","weather_data",automation,,,,,16,,0,,,,,,
,,,,"Sep 26 20:06:54 automation systemd-networkd[940]: enp0s3: DHCPv6 lease lost","2026-09-26T20:06:54.000+0000",,,,,,,,,20,26,6,september,54,saturday,2026,local,,,,,,automation,,,,,"weather_index_report",,,,,,,1,,,,,,,,"__::__-[]:_:___",,,,"weather-data (1)","weather_data",automation,,,,,16,,0,,,,,,
,,,,"Sep 26 20:06:54 automation systemd-networkd[940]: enp0s3: DHCP lease lost","2026-09-26T20:06:54.000+0000",,,,,,,,,20,26,6,september,54,saturday,2026,local,,,,,,automation,,,,,"weather_index_report",,,,,,,1,,,,,,,,"__::__-[]:_:___",,,,"weather-data (1)","weather_data",automation,,,,,16,,0,,,,,,
,,,,"Sep 26 20:06:54 automation dbus-daemon[1060]: [system] Activating via systemd: service name='org.freedesktop.hostname1' unit='dbus-org.freedesktop.hostname1.service' requested by ':1.2' (uid=100 pid=940 comm=""/lib/systemd/systemd-networkd "" label=""unconfined"")","2026-09-26T20:06:54.000+0000",,,,,,"/lib/systemd/systemd-networkd",,,20,26,6,september,54,saturday,2026,local,,,,,,automation,,,,,"weather_index_report",,unconfined,,,,,1,,,,,"'org.freedesktop.hostname1'",940,,"__::__-[]:_[]___:__='..'_='-...'___':.'_(=_=_=""///",,,,"weather-data (1)","weather_data",automation,,,,,16,,0,,100,"'dbus-org.freedesktop.hostname1.service'",,,
,,,,"Sep 26 20:06:54 automation systemd-networkd[940]: enp0s3: Lost carrier","2026-09-26T20:06:54.000+0000",,,,,,,,,20,26,6,september,54,saturday,2026,local,,,,,,automation,,,,,"weather_index_report",,,,,,,1,,,,,,,,"__::__-[]:_:__",,,,"weather-data (1)","weather_data",automation,,,,,16,,0,,,,,,
,,,,"Sep 26 20:06:54 automation kernel: [144219.217305] e1000: enp0s3 NIC Link is Down","2026-09-26T20:06:54.000+0000",,,,,,,,,20,26,6,september,54,saturday,2026,local,,,,,,automation,,,,,"weather_index_report",,,,,,,1,,,,,,,,"__::__:_[.]_:_____",,,,"weather-data (1)","weather_data",automation,,,,,16,,0,,,,,,
,,,,"Sep 26 20:06:54 automation systemd[1]: Started Hostname Service.","2026-09-26T20:06:54.000+0000",,,,,,,,,20,26,6,september,54,saturday,2026,local,,,,,,automation,,,,,"weather_index_report",,,,,,,1,,,,,,,,"__::__[]:___.",,,,"weather-data (1)","weather_data",automation,,,,,16,,0,,,,,,
,,,,"Sep 26 20:06:54 automation dbus-daemon[1060]: [system] Successfully activated service 'org.freedesktop.hostname1'","2026-09-26T20:06:54.000+0000",,,,,,,,,20,26,6,september,54,saturday,2026,local,,,,,,automation,,,,,"weather_index_report",,,,,,,1,,,,,,,,"__::__-[]:_[]____'..'",,,,"weather-data (1)","weather_data",automation,,,,,16,,0,,,,,,
,,,,"Sep 26 20:06:54 automation systemd[1]: Starting Hostname Service...","2026-09-26T20:06:54.000+0000",,,,,,,,,20,26,6,september,54,saturday,2026,local,,,,,,automation,,,,,"weather_index_report",,,,,,,1,,,,,,,,"__::__[]:___...",,,,"weather-data (1)","weather_data",automation,,,,,16,,0,,,,,,
,,,,"Sep 26 20:06:54 automation systemd-networkd[940]: enp0s3: DHCPv6 lease lost","2026-09-26T20:06:54.000+0000",,,,,,,,,20,26,6,september,54,saturday,2026,local,,,,,,automation,,,,,"weather_index_report",,,,,,,1,,,,,,,,"__::__-[]:_:___",,,,"weather-data (1)","weather_data",automation,,,,,16,,0,,,,,,
,,,,"Sep 26 20:06:54 automation systemd-networkd[940]: enp0s3: DHCP lease lost","2026-09-26T20:06:54.000+0000",,,,,,,,,20,26,6,september,54,saturday,2026,local,,,,,,automation,,,,,"weather_index_report",,,,,,,1,,,,,,,,"__::__-[]:_:___",,,,"weather-data (1)","weather_data",automation,,,,,16,,0,,,,,,
,,,,"Sep 26 20:06:54 automation dbus-daemon[1060]: [system] Activating via systemd: service name='org.freedesktop.hostname1' unit='dbus-org.freedesktop.hostname1.service' requested by ':1.2' (uid=100 pid=940 comm=""/lib/systemd/systemd-networkd "" label=""unconfined"")","2026-09-26T20:06:54.000+0000",,,,,,"/lib/systemd/systemd-networkd",,,20,26,6,september,54,saturday,2026,local,,,,,,automation,,,,,"weather_index_report",,unconfined,,,,,1,,,,,"'org.freedesktop.hostname1'",940,,"__::__-[]:_[]___:__='..'_='-...'___':.'_(=_=_=""///",,,,"weather-data (1)","weather_data",automation,,,,,16,,0,,100,"'dbus-org.freedesktop.hostname1.service'",,,
,,,,"Sep 26 20:06:54 automation systemd-networkd[940]: enp0s3: Lost carrier","2026-09-26T20:06:54.000+0000",,,,,,,,,20,26,6,september,54,saturday,2026,local,,,,,,automation,,,,,"weather_index_report",,,,,,,1,,,,,,,,"__::__-[]:_:__",,,,"weather-data (1)","weather_data",automation,,,,,16,,0,,,,,,
,,,,"Sep 26 20:06:54 automation kernel: [144219.217305] e1000: enp0s3 NIC Link is Down","2026-09-26T20:06:54.000+0000",,,,,,,,,20,26,6,september,54,saturday,2026,local,,,,,,automation,,,,,"weather_index_report",,,,,,,1,,,,,,,,"__::__:_[.]_:_____",,,,"weather-data (1)","weather_data",automation,,,,,16,,0,,,,,,
,,,,"Sep 26 20:05:01 automation CRON[20695]: (root) CMD (command -v debian-sa1 > /dev/null && debian-sa1 1 1)","2026-09-26T20:05:01.000+0000",,,,,,,,,20,26,5,september,1,saturday,2026,local,,,,,,automation,,,,,"weather_index_report",,,,,,,1,,,,,,,,"__::__[]:_()__(_-_-_>_//_&&_-__)",,,,"weather-data (1)","weather_data",automation,,,,,16,,0,,,,,,
,,,,"Sep 26 20:05:01 automation CRON[20695]: (root) CMD (command -v debian-sa1 > /dev/null && debian-sa1 1 1)","2026-09-26T20:05:01.000+0000",,,,,,,,,20,26,5,september,1,saturday,2026,local,,,,,,automation,,,,,"weather_index_report",,,,,,,1,,,,,,,,"__::__[]:_()__(_-_-_>_//_&&_-__)",,,,"weather-data (1)","weather_data",automation,,,,,16,,0,,,,,,
,,,,"Sep 26 20:04:27 automation grafana-agent[1126]: ts=2024-09-26T20:04:27.396347986Z caller=cleaner.go:203 level=warn agent=prometheus component=cleaner msg=""unable to find segment mtime of WAL"" name=/var/lib/grafana-agent/.cache err=""unable to open WAL: open /var/lib/grafana-agent/.cache/wal: no such file or directory""","2026-09-26T20:04:27.000+0000",prometheus,,,,"cleaner.go:203",,cleaner,,20,26,4,september,27,saturday,2026,local,,"unable to open WAL: open /var/lib/grafana-agent/.cache/wal: no such file or directory",,,,automation,,,,,"weather_index_report",,,,,,warn,1,,,,"unable to find segment mtime of WAL","/var/lib/grafana-agent/.cache",,,"__::__-[]:_=--::._=.:_=_=_=_=""______""_=///-/._=""__",,,,"weather-data (1)","weather_data",automation,,,,,16,,0,"2024-09-26T20:04:27.396347986Z",,,,,
,,,,"Sep 26 20:04:27 automation grafana-agent[1126]: ts=2024-09-26T20:04:27.396347986Z caller=cleaner.go:203 level=warn agent=prometheus component=cleaner msg=""unable to find segment mtime of WAL"" name=/var/lib/grafana-agent/.cache err=""unable to open WAL: open /var/lib/grafana-agent/.cache/wal: no such file or directory""","2026-09-26T20:04:27.000+0000",prometheus,,,,"cleaner.go:203",,cleaner,,20,26,4,september,27,saturday,2026,local,,"unable to open WAL: open /var/lib/grafana-agent/.cache/wal: no such file or directory",,,,automation,,,,,"weather_index_report",,,,,,warn,1,,,,"unable to find segment mtime of WAL","/var/lib/grafana-agent/.cache",,,"__::__-[]:_=--::._=.:_=_=_=_=""______""_=///-/._=""__",,,,"weather-data (1)","weather_data",automation,,,,,16,,0,"2024-09-26T20:04:27.396347986Z",,,,,
,,,,"Sep 26 20:04:11 automation systemd-timesyncd[740]: Synchronized to time server [2620:2d:4000:1::41]:123 (ntp.ubuntu.com).","2026-09-26T20:04:11.000+0000",,,,,,,,,20,26,4,september,11,saturday,2026,local,,,,,,automation,,,,,"weather_index_report",,,,,,,1,,,,,,,,"__::__-[]:_____[:::::]:_(..).",,,,"weather-data (1)","weather_data",automation,,,,,16,,0,,,,,,
,,,,"Sep 26 20:04:11 automation systemd-timesyncd[740]: Synchronized to time server [2620:2d:4000:1::41]:123 (ntp.ubuntu.com).","2026-09-26T20:04:11.000+0000",,,,,,,,,20,26,4,september,11,saturday,2026,local,,,,,,automation,,,,,"weather_index_report",,,,,,,1,,,,,,,,"__::__-[]:_____[:::::]:_(..).",,,,"weather-data (1)","weather_data",automation,,,,,16,,0,,,,,,
,,,,"Sep 26 20:04:10 automation systemd-timesyncd[740]: Network configuration changed, trying to establish connection.","2026-09-26T20:04:10.000+0000",,,,,,,,,20,26,4,september,10,saturday,2026,local,,,,,,automation,,,,,"weather_index_report",,,,,,,1,,,,,,,,"__::__-[]:___,____.",,,,"weather-data (1)","weather_data",automation,,,,,16,,0,,,,,,
,,,,"Sep 26 20:04:10 automation systemd-networkd[940]: enp0s3: Configured","2026-09-26T20:04:10.000+0000",,,,,,,,,20,26,4,september,10,saturday,2026,local,,,,,,automation,,,,,"weather_index_report",,,,,,,1,,,,,,,,"__::__-[]:_:_",,,,"weather-data (1)","weather_data",automation,,,,,16,,0,,,,,,
,,,,"Sep 26 20:04:10 automation systemd-networkd[940]: enp0s3: DHCPv4 address 192.168.0.18/24 via 192.168.0.1","2026-09-26T20:04:10.000+0000",,,,,,,,,20,26,4,september,10,saturday,2026,local,,,,,,automation,,,,,"weather_index_report",,,,,,,1,,,,,,,,"__::__-[]:_:___.../__...",,,,"weather-data (1)","weather_data",automation,,,,,16,,0,,,,,,
,,,,"Sep 26 20:04:10 automation systemd[1]: Started Hostname Service.","2026-09-26T20:04:10.000+0000",,,,,,,,,20,26,4,september,10,saturday,2026,local,,,,,,automation,,,,,"weather_index_report",,,,,,,1,,,,,,,,"__::__[]:___.",,,,"weather-data (1)","weather_data",automation,,,,,16,,0,,,,,,
,,,,"Sep 26 20:04:10 automation dbus-daemon[1060]: [system] Successfully activated service 'org.freedesktop.hostname1'","2026-09-26T20:04:10.000+0000",,,,,,,,,20,26,4,september,10,saturday,2026,local,,,,,,automation,,,,,"weather_index_report",,,,,,,1,,,,,,,,"__::__-[]:_[]____'..'",,,,"weather-data (1)","weather_data",automation,,,,,16,,0,,,,,,
,,,,"Sep 26 20:04:10 automation systemd-timesyncd[740]: Synchronized to time server [2620:2d:4000:1::41]:123 (ntp.ubuntu.com).","2026-09-26T20:04:10.000+0000",,,,,,,,,20,26,4,september,10,saturday,2026,local,,,,,,automation,,,,,"weather_index_report",,,,,,,1,,,,,,,,"__::__-[]:_____[:::::]:_(..).",,,,"weather-data (1)","weather_data",automation,,,,,16,,0,,,,,,
,,,,"Sep 26 20:04:10 automation systemd[1]: Starting Hostname Service...","2026-09-26T20:04:10.000+0000",,,,,,,,,20,26,4,september,10,saturday,2026,local,,,,,,automation,,,,,"weather_index_report",,,,,,,1,,,,,,,,"__::__[]:___...",,,,"weather-data (1)","weather_data",automation,,,,,16,,0,,,,,,
,,,,"Sep 26 20:04:10 automation dbus-daemon[1060]: [system] Activating via systemd: service name='org.freedesktop.hostname1' unit='dbus-org.freedesktop.hostname1.service' requested by ':1.2' (uid=100 pid=940 comm=""/lib/systemd/systemd-networkd "" label=""unconfined"")","2026-09-26T20:04:10.000+0000",,,,,,"/lib/systemd/systemd-networkd",,,20,26,4,september,10,saturday,2026,local,,,,,,automation,,,,,"weather_index_report",,unconfined,,,,,1,,,,,"'org.freedesktop.hostname1'",940,,"__::__-[]:_[]___:__='..'_='-...'___':.'_(=_=_=""///",,,,"weather-data (1)","weather_data",automation,,,,,16,,0,,100,"'dbus-org.freedesktop.hostname1.service'",,,
,,,,"Sep 26 20:04:10 automation systemd-timesyncd[740]: Network configuration changed, trying to establish connection.","2026-09-26T20:04:10.000+0000",,,,,,,,,20,26,4,september,10,saturday,2026,local,,,,,,automation,,,,,"weather_index_report",,,,,,,1,,,,,,,,"__::__-[]:___,____.",,,,"weather-data (1)","weather_data",automation,,,,,16,,0,,,,,,
,,,,"Sep 26 20:04:10 automation systemd-networkd[940]: enp0s3: DHCP lease lost","2026-09-26T20:04:10.000+0000",,,,,,,,,20,26,4,september,10,saturday,2026,local,,,,,,automation,,,,,"weather_index_report",,,,,,,1,,,,,,,,"__::__-[]:_:___",,,,"weather-data (1)","weather_data",automation,,,,,16,,0,,,,,,
,,,,"Sep 26 20:04:10 automation systemd-timesyncd[740]: Network configuration changed, trying to establish connection.","2026-09-26T20:04:10.000+0000",,,,,,,,,20,26,4,september,10,saturday,2026,local,,,,,,automation,,,,,"weather_index_report",,,,,,,1,,,,,,,,"__::__-[]:___,____.",,,,"weather-data (1)","weather_data",automation,,,,,16,,0,,,,,,
,,,,"Sep 26 20:04:10 automation systemd-networkd[940]: enp0s3: Configured","2026-09-26T20:04:10.000+0000",,,,,,,,,20,26,4,september,10,saturday,2026,local,,,,,,automation,,,,,"weather_index_report",,,,,,,1,,,,,,,,"__::__-[]:_:_",,,,"weather-data (1)","weather_data",automation,,,,,16,,0,,,,,,
,,,,"Sep 26 20:04:10 automation systemd-networkd[940]: enp0s3: DHCPv4 address 192.168.0.18/24 via 192.168.0.1","2026-09-26T20:04:10.000+0000",,,,,,,,,20,26,4,september,10,saturday,2026,local,,,,,,automation,,,,,"weather_index_report",,,,,,,1,,,,,,,,"__::__-[]:_:___.../__...",,,,"weather-data (1)","weather_data",automation,,,,,16,,0,,,,,,
,,,,"Sep 26 20:04:10 automation systemd[1]: Started Hostname Service.","2026-09-26T20:04:10.000+0000",,,,,,,,,20,26,4,september,10,saturday,2026,local,,,,,,automation,,,,,"weather_index_report",,,,,,,1,,,,,,,,"__::__[]:___.",,,,"weather-data (1)","weather_data",automation,,,,,16,,0,,,,,,
,,,,"Sep 26 20:04:10 automation dbus-daemon[1060]: [system] Successfully activated service 'org.freedesktop.hostname1'","2026-09-26T20:04:10.000+0000",,,,,,,,,20,26,4,september,10,saturday,2026,local,,,,,,automation,,,,,"weather_index_report",,,,,,,1,,,,,,,,"__::__-[]:_[]____'..'",,,,"weather-data (1)","weather_data",automation,,,,,16,,0,,,,,,
,,,,"Sep 26 20:04:10 automation systemd-timesyncd[740]: Synchronized to time server [2620:2d:4000:1::41]:123 (ntp.ubuntu.com).","2026-09-26T20:04:10.000+0000",,,,,,,,,20,26,4,september,10,saturday,2026,local,,,,,,automation,,,,,"weather_index_report",,,,,,,1,,,,,,,,"__::__-[]:_____[:::::]:_(..).",,,,"weather-data (1)","weather_data",automation,,,,,16,,0,,,,,,
,,,,"Sep 26 20:04:10 automation systemd[1]: Starting Hostname Service...","2026-09-26T20:04:10.000+0000",,,,,,,,,20,26,4,september,10,saturday,2026,local,,,,,,automation,,,,,"weather_index_report",,,,,,,1,,,,,,,,"__::__[]:___...",,,,"weather-data (1)","weather_data",automation,,,,,16,,0,,,,,,
,,,,"Sep 26 20:04:10 automation dbus-daemon[1060]: [system] Activating via systemd: service name='org.freedesktop.hostname1' unit='dbus-org.freedesktop.hostname1.service' requested by ':1.2' (uid=100 pid=940 comm=""/lib/systemd/systemd-networkd "" label=""unconfined"")","2026-09-26T20:04:10.000+0000",,,,,,"/lib/systemd/systemd-networkd",,,20,26,4,september,10,saturday,2026,local,,,,,,automation,,,,,"weather_index_report",,unconfined,,,,,1,,,,,"'org.freedesktop.hostname1'",940,,"__::__-[]:_[]___:__='..'_='-...'___':.'_(=_=_=""///",,,,"weather-data (1)","weather_data",automation,,,,,16,,0,,100,"'dbus-org.freedesktop.hostname1.service'",,,
,,,,"Sep 26 20:04:10 automation systemd-timesyncd[740]: Network configuration changed, trying to establish connection.","2026-09-26T20:04:10.000+0000",,,,,,,,,20,26,4,september,10,saturday,2026,local,,,,,,automation,,,,,"weather_index_report",,,,,,,1,,,,,,,,"__::__-[]:___,____.",,,,"weather-data (1)","weather_data",automation,,,,,16,,0,,,,,,
,,,,"Sep 26 20:04:10 automation systemd-networkd[940]: enp0s3: DHCP lease lost","2026-09-26T20:04:10.000+0000",,,,,,,,,20,26,4,september,10,saturday,2026,local,,,,,,automation,,,,,"weather_index_report",,,,,,,1,,,,,,,,"__::__-[]:_:___",,,,"weather-data (1)","weather_data",automation,,,,,16,,0,,,,,,
,,,,"Sep 26 19:55:01 automation CRON[20646]: (root) CMD (command -v debian-sa1 > /dev/null && debian-sa1 1 1)","2026-09-26T19:55:01.000+0000",,,,,,,,,19,26,55,september,1,saturday,2026,local,,,,,,automation,,,,,"weather_index_report",,,,,,,1,,,,,,,,"__::__[]:_()__(_-_-_>_//_&&_-__)",,,,"weather-data (1)","weather_data",automation,,,,,16,,0,,,,,,
,,,,"Sep 26 19:55:01 automation CRON[20646]: (root) CMD (command -v debian-sa1 > /dev/null && debian-sa1 1 1)","2026-09-26T19:55:01.000+0000",,,,,,,,,19,26,55,september,1,saturday,2026,local,,,,,,automation,,,,,"weather_index_report",,,,,,,1,,,,,,,,"__::__[]:_()__(_-_-_>_//_&&_-__)",,,,"weather-data (1)","weather_data",automation,,,,,16,,0,,,,,,
,,,,"Sep 26 19:45:01 automation CRON[20642]: (root) CMD (command -v debian-sa1 > /dev/null && debian-sa1 1 1)","2026-09-26T19:45:01.000+0000",,,,,,,,,19,26,45,september,1,saturday,2026,local,,,,,,automation,,,,,"weather_index_report",,,,,,,1,,,,,,,,"__::__[]:_()__(_-_-_>_//_&&_-__)",,,,"weather-data (1)","weather_data",automation,,,,,16,,0,,,,,,
,,,,"Sep 26 19:45:01 automation CRON[20642]: (root) CMD (command -v debian-sa1 > /dev/null && debian-sa1 1 1)","2026-09-26T19:45:01.000+0000",,,,,,,,,19,26,45,september,1,saturday,2026,local,,,,,,automation,,,,,"weather_index_report",,,,,,,1,,,,,,,,"__::__[]:_()__(_-_-_>_//_&&_-__)",,,,"weather-data (1)","weather_data",automation,,,,,16,,0,,,,,,
,,,,"Sep 26 19:35:01 automation CRON[20636]: (root) CMD (command -v debian-sa1 > /dev/null && debian-sa1 1 1)","2026-09-26T19:35:01.000+0000",,,,,,,,,19,26,35,september,1,saturday,2026,local,,,,,,automation,,,,,"weather_index_report",,,,,,,1,,,,,,,,"__::__[]:_()__(_-_-_>_//_&&_-__)",,,,"weather-data (1)","weather_data",automation,,,,,16,,0,,,,,,
,,,,"Sep 26 19:35:01 automation CRON[20636]: (root) CMD (command -v debian-sa1 > /dev/null && debian-sa1 1 1)","2026-09-26T19:35:01.000+0000",,,,,,,,,19,26,35,september,1,saturday,2026,local,,,,,,automation,,,,,"weather_index_report",,,,,,,1,,,,,,,,"__::__[]:_()__(_-_-_>_//_&&_-__)",,,,"weather-data (1)","weather_data",automation,,,,,16,,0,,,,,,
,,,,"Sep 26 19:34:27 automation grafana-agent[1126]: ts=2024-09-26T19:34:27.386924345Z caller=cleaner.go:203 level=warn agent=prometheus component=cleaner msg=""unable to find segment mtime of WAL"" name=/var/lib/grafana-agent/.cache err=""unable to open WAL: open /var/lib/grafana-agent/.cache/wal: no such file or directory""","2026-09-26T19:34:27.000+0000",prometheus,,,,"cleaner.go:203",,cleaner,,19,26,34,september,27,saturday,2026,local,,"unable to open WAL: open /var/lib/grafana-agent/.cache/wal: no such file or directory",,,,automation,,,,,"weather_index_report",,,,,,warn,1,,,,"unable to find segment mtime of WAL","/var/lib/grafana-agent/.cache",,,"__::__-[]:_=--::._=.:_=_=_=_=""______""_=///-/._=""__",,,,"weather-data (1)","weather_data",automation,,,,,16,,0,"2024-09-26T19:34:27.386924345Z",,,,,
,,,,"Sep 26 19:34:27 automation grafana-agent[1126]: ts=2024-09-26T19:34:27.386924345Z caller=cleaner.go:203 level=warn agent=prometheus component=cleaner msg=""unable to find segment mtime of WAL"" name=/var/lib/grafana-agent/.cache err=""unable to open WAL: open /var/lib/grafana-agent/.cache/wal: no such file or directory""","2026-09-26T19:34:27.000+0000",prometheus,,,,"cleaner.go:203",,cleaner,,19,26,34,september,27,saturday,2026,local,,"unable to open WAL: open /var/lib/grafana-agent/.cache/wal: no such file or directory",,,,automation,,,,,"weather_index_report",,,,,,warn,1,,,,"unable to find segment mtime of WAL","/var/lib/grafana-agent/.cache",,,"__::__-[]:_=--::._=.:_=_=_=_=""______""_=///-/._=""__",,,,"weather-data (1)","weather_data",automation,,,,,16,,0,"2024-09-26T19:34:27.386924345Z",,,,,
,,,,"Sep 26 19:25:01 automation CRON[20630]: (root) CMD (command -v debian-sa1 > /dev/null && debian-sa1 1 1)","2026-09-26T19:25:01.000+0000",,,,,,,,,19,26,25,september,1,saturday,2026,local,,,,,,automation,,,,,"weather_index_report",,,,,,,1,,,,,,,,"__::__[]:_()__(_-_-_>_//_&&_-__)",,,,"weather-data (1)","weather_data",automation,,,,,16,,0,,,,,,
,,,,"Sep 26 19:25:01 automation CRON[20630]: (root) CMD (command -v debian-sa1 > /dev/null && debian-sa1 1 1)","2026-09-26T19:25:01.000+0000",,,,,,,,,19,26,25,september,1,saturday,2026,local,,,,,,automation,,,,,"weather_index_report",,,,,,,1,,,,,,,,"__::__[]:_()__(_-_-_>_//_&&_-__)",,,,"weather-data (1)","weather_data",automation,,,,,16,,0,,,,,,
,,,,"Sep 26 19:17:01 automation CRON[20625]: (root) CMD (   cd / && run-parts --report /etc/cron.hourly)","2026-09-26T19:17:01.000+0000",,,,,,,,,19,26,17,september,1,saturday,2026,local,,,,,,automation,,,,,"weather_index_report",,,,,,,1,,,,,,,,"__::__[]:_()__(____/_&&_-_--_//.)",,,,"weather-data (1)","weather_data",automation,,,,,16,,0,,,,,,
,,,,"Sep 26 19:17:01 automation CRON[20625]: (root) CMD (   cd / && run-parts --report /etc/cron.hourly)","2026-09-26T19:17:01.000+0000",,,,,,,,,19,26,17,september,1,saturday,2026,local,,,,,,automation,,,,,"weather_index_report",,,,,,,1,,,,,,,,"__::__[]:_()__(____/_&&_-_--_//.)",,,,"weather-data (1)","weather_data",automation,,,,,16,,0,,,,,,
,,,,"Sep 26 19:15:01 automation CRON[20622]: (root) CMD (command -v debian-sa1 > /dev/null && debian-sa1 1 1)","2026-09-26T19:15:01.000+0000",,,,,,,,,19,26,15,september,1,saturday,2026,local,,,,,,automation,,,,,"weather_index_report",,,,,,,1,,,,,,,,"__::__[]:_()__(_-_-_>_//_&&_-__)",,,,"weather-data (1)","weather_data",automation,,,,,16,,0,,,,,,
,,,,"Sep 26 19:15:01 automation CRON[20622]: (root) CMD (command -v debian-sa1 > /dev/null && debian-sa1 1 1)","2026-09-26T19:15:01.000+0000",,,,,,,,,19,26,15,september,1,saturday,2026,local,,,,,,automation,,,,,"weather_index_report",,,,,,,1,,,,,,,,"__::__[]:_()__(_-_-_>_//_&&_-__)",,,,"weather-data (1)","weather_data",automation,,,,,16,,0,,,,,,
,,,,"Sep 26 19:05:01 automation CRON[20617]: (root) CMD (command -v debian-sa1 > /dev/null && debian-sa1 1 1)","2026-09-26T19:05:01.000+0000",,,,,,,,,19,26,5,september,1,saturday,2026,local,,,,,,automation,,,,,"weather_index_report",,,,,,,1,,,,,,,,"__::__[]:_()__(_-_-_>_//_&&_-__)",,,,"weather-data (1)","weather_data",automation,,,,,16,,0,,,,,,
,,,,"Sep 26 19:05:01 automation CRON[20617]: (root) CMD (command -v debian-sa1 > /dev/null && debian-sa1 1 1)","2026-09-26T19:05:01.000+0000",,,,,,,,,19,26,5,september,1,saturday,2026,local,,,,,,automation,,,,,"weather_index_report",,,,,,,1,,,,,,,,"__::__[]:_()__(_-_-_>_//_&&_-__)",,,,"weather-data (1)","weather_data",automation,,,,,16,,0,,,,,,
,,,,"Sep 26 19:04:27 automation grafana-agent[1126]: ts=2024-09-26T19:04:27.384793636Z caller=cleaner.go:203 level=warn agent=prometheus component=cleaner msg=""unable to find segment mtime of WAL"" name=/var/lib/grafana-agent/.cache err=""unable to open WAL: open /var/lib/grafana-agent/.cache/wal: no such file or directory""","2026-09-26T19:04:27.000+0000",prometheus,,,,"cleaner.go:203",,cleaner,,19,26,4,september,27,saturday,2026,local,,"unable to open WAL: open /var/lib/grafana-agent/.cache/wal: no such file or directory",,,,automation,,,,,"weather_index_report",,,,,,warn,1,,,,"unable to find segment mtime of WAL","/var/lib/grafana-agent/.cache",,,"__::__-[]:_=--::._=.:_=_=_=_=""______""_=///-/._=""__",,,,"weather-data (1)","weather_data",automation,,,,,16,,0,"2024-09-26T19:04:27.384793636Z",,,,,
,,,,"Sep 26 19:04:27 automation grafana-agent[1126]: ts=2024-09-26T19:04:27.384793636Z caller=cleaner.go:203 level=warn agent=prometheus component=cleaner msg=""unable to find segment mtime of WAL"" name=/var/lib/grafana-agent/.cache err=""unable to open WAL: open /var/lib/grafana-agent/.cache/wal: no such file or directory""","2026-09-26T19:04:27.000+0000",prometheus,,,,"cleaner.go:203",,cleaner,,19,26,4,september,27,saturday,2026,local,,"unable to open WAL: open /var/lib/grafana-agent/.cache/wal: no such file or directory",,,,automation,,,,,"weather_index_report",,,,,,warn,1,,,,"unable to find segment mtime of WAL","/var/lib/grafana-agent/.cache",,,"__::__-[]:_=--::._=.:_=_=_=_=""______""_=///-/._=""__",,,,"weather-data (1)","weather_data",automation,,,,,16,,0,"2024-09-26T19:04:27.384793636Z",,,,,
,,,,"Sep 26 19:04:11 automation systemd-timesyncd[740]: Synchronized to time server [2620:2d:4000:1::41]:123 (ntp.ubuntu.com).","2026-09-26T19:04:11.000+0000",,,,,,,,,19,26,4,september,11,saturday,2026,local,,,,,,automation,,,,,"weather_index_report",,,,,,,1,,,,,,,,"__::__-[]:_____[:::::]:_(..).",,,,"weather-data (1)","weather_data",automation,,,,,16,,0,,,,,,
,,,,"Sep 26 19:04:11 automation systemd-timesyncd[740]: Synchronized to time server [2620:2d:4000:1::41]:123 (ntp.ubuntu.com).","2026-09-26T19:04:11.000+0000",,,,,,,,,19,26,4,september,11,saturday,2026,local,,,,,,automation,,,,,"weather_index_report",,,,,,,1,,,,,,,,"__::__-[]:_____[:::::]:_(..).",,,,"weather-data (1)","weather_data",automation,,,,,16,,0,,,,,,
,,,,"Sep 26 19:04:10 automation systemd-networkd[940]: enp0s3: Configured","2026-09-26T19:04:10.000+0000",,,,,,,,,19,26,4,september,10,saturday,2026,local,,,,,,automation,,,,,"weather_index_report",,,,,,,1,,,,,,,,"__::__-[]:_:_",,,,"weather-data (1)","weather_data",automation,,,,,16,,0,,,,,,
,,,,"Sep 26 19:04:10 automation systemd-timesyncd[740]: Network configuration changed, trying to establish connection.","2026-09-26T19:04:10.000+0000",,,,,,,,,19,26,4,september,10,saturday,2026,local,,,,,,automation,,,,,"weather_index_report",,,,,,,1,,,,,,,,"__::__-[]:___,____.",,,,"weather-data (1)","weather_data",automation,,,,,16,,0,,,,,,
,,,,"Sep 26 19:04:10 automation systemd-networkd[940]: enp0s3: DHCPv4 address 192.168.0.18/24 via 192.168.0.1","2026-09-26T19:04:10.000+0000",,,,,,,,,19,26,4,september,10,saturday,2026,local,,,,,,automation,,,,,"weather_index_report",,,,,,,1,,,,,,,,"__::__-[]:_:___.../__...",,,,"weather-data (1)","weather_data",automation,,,,,16,,0,,,,,,
,,,,"Sep 26 19:04:10 automation systemd[1]: Started Hostname Service.","2026-09-26T19:04:10.000+0000",,,,,,,,,19,26,4,september,10,saturday,2026,local,,,,,,automation,,,,,"weather_index_report",,,,,,,1,,,,,,,,"__::__[]:___.",,,,"weather-data (1)","weather_data",automation,,,,,16,,0,,,,,,
,,,,"Sep 26 19:04:10 automation dbus-daemon[1060]: [system] Successfully activated service 'org.freedesktop.hostname1'","2026-09-26T19:04:10.000+0000",,,,,,,,,19,26,4,september,10,saturday,2026,local,,,,,,automation,,,,,"weather_index_report",,,,,,,1,,,,,,,,"__::__-[]:_[]____'..'",,,,"weather-data (1)","weather_data",automation,,,,,16,,0,,,,,,
,,,,"Sep 26 19:04:10 automation systemd-timesyncd[740]: Synchronized to time server [2620:2d:4000:1::41]:123 (ntp.ubuntu.com).","2026-09-26T19:04:10.000+0000",,,,,,,,,19,26,4,september,10,saturday,2026,local,,,,,,automation,,,,,"weather_index_report",,,,,,,1,,,,,,,,"__::__-[]:_____[:::::]:_(..).",,,,"weather-data (1)","weather_data",automation,,,,,16,,0,,,,,,
,,,,"Sep 26 19:04:10 automation systemd[1]: Starting Hostname Service...","2026-09-26T19:04:10.000+0000",,,,,,,,,19,26,4,september,10,saturday,2026,local,,,,,,automation,,,,,"weather_index_report",,,,,,,1,,,,,,,,"__::__[]:___...",,,,"weather-data (1)","weather_data",automation,,,,,16,,0,,,,,,
,,,,"Sep 26 19:04:10 automation dbus-daemon[1060]: [system] Activating via systemd: service name='org.freedesktop.hostname1' unit='dbus-org.freedesktop.hostname1.service' requested by ':1.2' (uid=100 pid=940 comm=""/lib/systemd/systemd-networkd "" label=""unconfined"")","2026-09-26T19:04:10.000+0000",,,,,,"/lib/systemd/systemd-networkd",,,19,26,4,september,10,saturday,2026,local,,,,,,automation,,,,,"weather_index_report",,unconfined,,,,,1,,,,,"'org.freedesktop.hostname1'",940,,"__::__-[]:_[]___:__='..'_='-...'___':.'_(=_=_=""///",,,,"weather-data (1)","weather_data",automation,,,,,16,,0,,100,"'dbus-org.freedesktop.hostname1.service'",,,
,,,,"Sep 26 19:04:10 automation systemd-timesyncd[740]: Network configuration changed, trying to establish connection.","2026-09-26T19:04:10.000+0000",,,,,,,,,19,26,4,september,10,saturday,2026,local,,,,,,automation,,,,,"weather_index_report",,,,,,,1,,,,,,,,"__::__-[]:___,____.",,,,"weather-data (1)","weather_data",automation,,,,,16,,0,,,,,,
,,,,"Sep 26 19:04:10 automation systemd-networkd[940]: enp0s3: DHCP lease lost","2026-09-26T19:04:10.000+0000",,,,,,,,,19,26,4,september,10,saturday,2026,local,,,,,,automation,,,,,"weather_index_report",,,,,,,1,,,,,,,,"__::__-[]:_:___",,,,"weather-data (1)","weather_data",automation,,,,,16,,0,,,,,,
,,,,"Sep 26 19:04:10 automation systemd-networkd[940]: enp0s3: Configured","2026-09-26T19:04:10.000+0000",,,,,,,,,19,26,4,september,10,saturday,2026,local,,,,,,automation,,,,,"weather_index_report",,,,,,,1,,,,,,,,"__::__-[]:_:_",,,,"weather-data (1)","weather_data",automation,,,,,16,,0,,,,,,
,,,,"Sep 26 19:04:10 automation systemd-timesyncd[740]: Network configuration changed, trying to establish connection.","2026-09-26T19:04:10.000+0000",,,,,,,,,19,26,4,september,10,saturday,2026,local,,,,,,automation,,,,,"weather_index_report",,,,,,,1,,,,,,,,"__::__-[]:___,____.",,,,"weather-data (1)","weather_data",automation,,,,,16,,0,,,,,,
,,,,"Sep 26 19:04:10 automation systemd-networkd[940]: enp0s3: DHCPv4 address 192.168.0.18/24 via 192.168.0.1","2026-09-26T19:04:10.000+0000",,,,,,,,,19,26,4,september,10,saturday,2026,local,,,,,,automation,,,,,"weather_index_report",,,,,,,1,,,,,,,,"__::__-[]:_:___.../__...",,,,"weather-data (1)","weather_data",automation,,,,,16,,0,,,,,,
,,,,"Sep 26 19:04:10 automation systemd[1]: Started Hostname Service.","2026-09-26T19:04:10.000+0000",,,,,,,,,19,26,4,september,10,saturday,2026,local,,,,,,automation,,,,,"weather_index_report",,,,,,,1,,,,,,,,"__::__[]:___.",,,,"weather-data (1)","weather_data",automation,,,,,16,,0,,,,,,
,,,,"Sep 26 19:04:10 automation dbus-daemon[1060]: [system] Successfully activated service 'org.freedesktop.hostname1'","2026-09-26T19:04:10.000+0000",,,,,,,,,19,26,4,september,10,saturday,2026,local,,,,,,automation,,,,,"weather_index_report",,,,,,,1,,,,,,,,"__::__-[]:_[]____'..'",,,,"weather-data (1)","weather_data",automation,,,,,16,,0,,,,,,
,,,,"Sep 26 19:04:10 automation systemd-timesyncd[740]: Synchronized to time server [2620:2d:4000:1::41]:123 (ntp.ubuntu.com).","2026-09-26T19:04:10.000+0000",,,,,,,,,19,26,4,september,10,saturday,2026,local,,,,,,automation,,,,,"weather_index_report",,,,,,,1,,,,,,,,"__::__-[]:_____[:::::]:_(..).",,,,"weather-data (1)","weather_data",automation,,,,,16,,0,,,,,,
,,,,"Sep 26 19:04:10 automation systemd[1]: Starting Hostname Service...","2026-09-26T19:04:10.000+0000",,,,,,,,,19,26,4,september,10,saturday,2026,local,,,,,,automation,,,,,"weather_index_report",,,,,,,1,,,,,,,,"__::__[]:___...",,,,"weather-data (1)","weather_data",automation,,,,,16,,0,,,,,,
,,,,"Sep 26 19:04:10 automation dbus-daemon[1060]: [system] Activating via systemd: service name='org.freedesktop.hostname1' unit='dbus-org.freedesktop.hostname1.service' requested by ':1.2' (uid=100 pid=940 comm=""/lib/systemd/systemd-networkd "" label=""unconfined"")","2026-09-26T19:04:10.000+0000",,,,,,"/lib/systemd/systemd-networkd",,,19,26,4,september,10,saturday,2026,local,,,,,,automation,,,,,"weather_index_report",,unconfined,,,,,1,,,,,"'org.freedesktop.hostname1'",940,,"__::__-[]:_[]___:__='..'_='-...'___':.'_(=_=_=""///",,,,"weather-data (1)","weather_data",automation,,,,,16,,0,,100,"'dbus-org.freedesktop.hostname1.service'",,,
,,,,"Sep 26 19:04:10 automation systemd-timesyncd[740]: Network configuration changed, trying to establish connection.","2026-09-26T19:04:10.000+0000",,,,,,,,,19,26,4,september,10,saturday,2026,local,,,,,,automation,,,,,"weather_index_report",,,,,,,1,,,,,,,,"__::__-[]:___,____.",,,,"weather-data (1)","weather_data",automation,,,,,16,,0,,,,,,
,,,,"Sep 26 19:04:10 automation systemd-networkd[940]: enp0s3: DHCP lease lost","2026-09-26T19:04:10.000+0000",,,,,,,,,19,26,4,september,10,saturday,2026,local,,,,,,automation,,,,,"weather_index_report",,,,,,,1,,,,,,,,"__::__-[]:_:___",,,,"weather-data (1)","weather_data",automation,,,,,16,,0,,,,,,
,,,,"Sep 26 18:55:01 automation CRON[20565]: (root) CMD (command -v debian-sa1 > /dev/null && debian-sa1 1 1)","2026-09-26T18:55:01.000+0000",,,,,,,,,18,26,55,september,1,saturday,2026,local,,,,,,automation,,,,,"weather_index_report",,,,,,,1,,,,,,,,"__::__[]:_()__(_-_-_>_//_&&_-__)",,,,"weather-data (1)","weather_data",automation,,,,,16,,0,,,,,,
,,,,"Sep 26 18:55:01 automation CRON[20565]: (root) CMD (command -v debian-sa1 > /dev/null && debian-sa1 1 1)","2026-09-26T18:55:01.000+0000",,,,,,,,,18,26,55,september,1,saturday,2026,local,,,,,,automation,,,,,"weather_index_report",,,,,,,1,,,,,,,,"__::__[]:_()__(_-_-_>_//_&&_-__)",,,,"weather-data (1)","weather_data",automation,,,,,16,,0,,,,,,
,,,,"Sep 26 18:45:01 automation CRON[20560]: (root) CMD (command -v debian-sa1 > /dev/null && debian-sa1 1 1)","2026-09-26T18:45:01.000+0000",,,,,,,,,18,26,45,september,1,saturday,2026,local,,,,,,automation,,,,,"weather_index_report",,,,,,,1,,,,,,,,"__::__[]:_()__(_-_-_>_//_&&_-__)",,,,"weather-data (1)","weather_data",automation,,,,,16,,0,,,,,,
,,,,"Sep 26 18:45:01 automation CRON[20560]: (root) CMD (command -v debian-sa1 > /dev/null && debian-sa1 1 1)","2026-09-26T18:45:01.000+0000",,,,,,,,,18,26,45,september,1,saturday,2026,local,,,,,,automation,,,,,"weather_index_report",,,,,,,1,,,,,,,,"__::__[]:_()__(_-_-_>_//_&&_-__)",,,,"weather-data (1)","weather_data",automation,,,,,16,,0,,,,,,
,,,,"Oct 12 18:38:41 automation systemd[1]: proc-sys-fs-binfmt_misc.automount: Got automount request for /proc/sys/fs/binfmt_misc, triggered by 522 (snap)
Oct 12 18:38:41 automation systemd[1]: proc-sys-fs-binfmt_misc.automount: Automount point already active?
Oct 12 18:38:41 automation systemd[1]: proc-sys-fs-binfmt_misc.automount: Got automount request for /proc/sys/fs/binfmt_misc, triggered by 522 (snap)
Oct 12 18:38:41 automation systemd[1]: proc-sys-fs-binfmt_misc.automount: Automount point already active?
Oct 12 18:38:41 automation systemd[1]: proc-sys-fs-binfmt_misc.automount: Got automount request for /proc/sys/fs/binfmt_misc, triggered by 522 (snap)
Oct 12 18:38:41 automation systemd[1]: proc-sys-fs-binfmt_misc.automount: Automount point already active?
Oct 12 18:38:41 automation systemd[1]: proc-sys-fs-binfmt_misc.automount: Got automount request for /proc/sys/fs/binfmt_misc, triggered by 522 (snap)
Oct 12 18:38:41 automation systemd[1]: proc-sys-fs-binfmt_misc.automount: Automount point already active?
Oct 12 18:38:41 automation systemd[1]: proc-sys-fs-binfmt_misc.automount: Got automount request for /proc/sys/fs/binfmt_misc, triggered by 522 (snap)
Oct 12 18:38:41 automation systemd[1]: proc-sys-fs-binfmt_misc.automount: Automount point already active?
Oct 12 18:38:41 automation systemd[1]: proc-sys-fs-binfmt_misc.automount: Got automount request for /proc/sys/fs/binfmt_misc, triggered by 522 (snap)
Oct 12 18:38:41 automation systemd[1]: proc-sys-fs-binfmt_misc.automount: Automount point already active?
Oct 12 18:38:41 automation systemd[1]: proc-sys-fs-binfmt_misc.automount: Got automount request for /proc/sys/fs/binfmt_misc, triggered by 522 (snap)
Oct 12 18:38:41 automation systemd[1]: proc-sys-fs-binfmt_misc.automount: Automount point already active?
Oct 12 18:38:41 automation systemd[1]: proc-sys-fs-binfmt_misc.automount: Got automount request for /proc/sys/fs/binfmt_misc, triggered by 522 (snap)
Oct 12 18:38:41 automation systemd[1]: proc-sys-fs-binfmt_misc.automount: Automount point already active?
Oct 12 18:38:41 automation systemd[1]: proc-sys-fs-binfmt_misc.automount: Got automount request for /proc/sys/fs/binfmt_misc, triggered by 522 (snap)
Oct 12 18:38:41 automation systemd[1]: proc-sys-fs-binfmt_misc.automount: Automount point already active?
Oct 12 18:38:41 automation systemd[1]: proc-sys-fs-binfmt_misc.automount: Got automount request for /proc/sys/fs/binfmt_misc, triggered by 522 (snap)
Oct 12 18:38:41 automation systemd[1]: proc-sys-fs-binfmt_misc.automount: Automount point already active?
Oct 12 18:38:41 automation systemd[1]: proc-sys-fs-binfmt_misc.automount: Got automount request for /proc/sys/fs/binfmt_misc, triggered by 522 (snap)
Oct 12 18:38:41 automation systemd[1]: proc-sys-fs-binfmt_misc.automount: Automount point already active?
Oct 12 18:38:41 automation systemd[1]: proc-sys-fs-binfmt_misc.automount: Got automount request for /proc/sys/fs/binfmt_misc, triggered by 522 (snap)
Oct 12 18:38:41 automation systemd[1]: proc-sys-fs-binfmt_misc.automount: Automount point already active?
Oct 12 18:38:41 automation systemd[1]: proc-sys-fs-binfmt_misc.automount: Got automount request for /proc/sys/fs/binfmt_misc, triggered by 522 (snap)
Oct 12 18:38:41 automation systemd[1]: proc-sys-fs-binfmt_misc.automount: Automount point already active?
Oct 12 18:38:41 automation systemd[1]: proc-sys-fs-binfmt_misc.automount: Got automount request for /proc/sys/fs/binfmt_misc, triggered by 522 (snap)
Oct 12 18:38:41 automation systemd[1]: proc-sys-fs-binfmt_misc.automount: Automount point already active?
Oct 12 18:38:41 automation systemd[1]: proc-sys-fs-binfmt_misc.automount: Got automount request for /proc/sys/fs/binfmt_misc, triggered by 522 (snap)
Oct 12 18:38:41 automation systemd[1]: proc-sys-fs-binfmt_misc.automount: Automount point already active?
Oct 12 18:38:41 automation systemd[1]: proc-sys-fs-binfmt_misc.automount: Got automount request for /proc/sys/fs/binfmt_misc, triggered by 522 (snap)
Oct 12 18:38:41 automation systemd[1]: proc-sys-fs-binfmt_misc.automount: Automount point already active?
Oct 12 18:38:41 automation systemd[1]: proc-sys-fs-binfmt_misc.automount: Got automount request for /proc/sys/fs/binfmt_misc, triggered by 522 (snap)
Oct 12 18:38:41 automation systemd[1]: proc-sys-fs-binfmt_misc.automount: Automount point already active?
Oct 12 18:38:41 automation systemd[1]: proc-sys-fs-binfmt_misc.automount: Got automount request for /proc/sys/fs/binfmt_misc, triggered by 522 (snap)
Oct 12 18:38:41 automation systemd[1]: proc-sys-fs-binfmt_misc.automount: Automount point already active?
Oct 12 18:38:41 automation systemd[1]: proc-sys-fs-binfmt_misc.automount: Got automount request for /proc/sys/fs/binfmt_misc, triggered by 522 (snap)
Oct 12 18:38:41 automation systemd[1]: proc-sys-fs-binfmt_misc.automount: Automount point already active?
Oct 12 18:38:41 automation systemd[1]: proc-sys-fs-binfmt_misc.automount: Got automount request for /proc/sys/fs/binfmt_misc, triggered by 522 (snap)
Oct 12 18:38:41 automation systemd[1]: proc-sys-fs-binfmt_misc.automount: Automount point already active?
Oct 12 18:38:41 automation systemd[1]: proc-sys-fs-binfmt_misc.automount: Got automount request for /proc/sys/fs/binfmt_misc, triggered by 522 (snap)
Oct 12 18:38:41 automation systemd[1]: proc-sys-fs-binfmt_misc.automount: Automount point already active?
Oct 12 18:38:41 automation systemd[1]: proc-sys-fs-binfmt_misc.automount: Got automount request for /proc/sys/fs/binfmt_misc, triggered by 522 (snap)
Oct 12 18:38:41 automation systemd[1]: proc-sys-fs-binfmt_misc.automount: Automount point already active?
Oct 12 18:38:41 automation systemd[1]: proc-sys-fs-binfmt_misc.automount: Got automount request for /proc/sys/fs/binfmt_misc, triggered by 522 (snap)
Oct 12 18:38:41 automation systemd[1]: proc-sys-fs-binfmt_misc.automount: Automount point already active?
Oct 12 18:38:41 automation systemd[1]: proc-sys-fs-binfmt_misc.automount: Got automount request for /proc/sys/fs/binfmt_misc, triggered by 522 (snap)
Oct 12 18:38:41 automation systemd[1]: proc-sys-fs-binfmt_misc.automount: Automount point already active?
Oct 12 18:38:41 automation systemd[1]: proc-sys-fs-binfmt_misc.automount: Got automount request for /proc/sys/fs/binfmt_misc, triggered by 522 (snap)
Oct 12 18:38:41 automation systemd[1]: proc-sys-fs-binfmt_misc.automount: Automount point already active?
Oct 12 18:38:41 automation systemd[1]: proc-sys-fs-binfmt_misc.automount: Got automount request for /proc/sys/fs/binfmt_misc, triggered by 538 (snap)
Oct 12 18:38:41 automation systemd[1]: proc-sys-fs-binfmt_misc.automount: Automount point already active?
Oct 12 18:38:41 automation systemd[1]: proc-sys-fs-binfmt_misc.automount: Got automount request for /proc/sys/fs/binfmt_misc, triggered by 538 (snap)
Oct 12 18:38:41 automation systemd[1]: proc-sys-fs-binfmt_misc.automount: Automount point already active?
Oct 12 18:38:41 automation systemd[1]: proc-sys-fs-binfmt_misc.automount: Got automount request for /proc/sys/fs/binfmt_misc, triggered by 538 (snap)
Oct 12 18:38:41 automation systemd[1]: proc-sys-fs-binfmt_misc.automount: Automount point already active?
Oct 12 18:38:41 automation systemd[1]: proc-sys-fs-binfmt_misc.automount: Got automount request for /proc/sys/fs/binfmt_misc, triggered by 538 (snap)
Oct 12 18:38:41 automation systemd[1]: proc-sys-fs-binfmt_misc.automount: Automount point already active?
Oct 12 18:38:41 automation systemd[1]: proc-sys-fs-binfmt_misc.automount: Got automount request for /proc/sys/fs/binfmt_misc, triggered by 538 (snap)
Oct 12 18:38:41 automation systemd[1]: proc-sys-fs-binfmt_misc.automount: Automount point already active?
Oct 12 18:38:41 automation systemd[1]: proc-sys-fs-binfmt_misc.automount: Got automount request for /proc/sys/fs/binfmt_misc, triggered by 538 (snap)
Oct 12 18:38:41 automation systemd[1]: proc-sys-fs-binfmt_misc.automount: Automount point already active?
Oct 12 18:38:41 automation systemd[1]: proc-sys-fs-binfmt_misc.automount: Got automount request for /proc/sys/fs/binfmt_misc, triggered by 538 (snap)
Oct 12 18:38:41 automation systemd[1]: proc-sys-fs-binfmt_misc.automount: Automount point already active?
Oct 12 18:38:41 automation systemd[1]: proc-sys-fs-binfmt_misc.automount: Got automount request for /proc/sys/fs/binfmt_misc, triggered by 538 (snap)
Oct 12 18:38:41 automation systemd[1]: proc-sys-fs-binfmt_misc.automount: Automount point already active?
Oct 12 18:38:41 automation systemd[1]: proc-sys-fs-binfmt_misc.automount: Got automount request for /proc/sys/fs/binfmt_misc, triggered by 538 (snap)
Oct 12 18:38:41 automation systemd[1]: proc-sys-fs-binfmt_misc.automount: Automount point already active?
Oct 12 18:38:41 automation systemd[1]: proc-sys-fs-binfmt_misc.automount: Got automount request for /proc/sys/fs/binfmt_misc, triggered by 538 (snap)
Oct 12 18:38:41 automation systemd[1]: proc-sys-fs-binfmt_misc.automount: Automount point already active?
Oct 12 18:38:41 automation systemd[1]: Created slice system-lvm2\x2dpvscan.slice.
Oct 12 18:38:41 automation systemd[1]: Starting LVM2 PV scan on device 8:3...
Oct 12 18:38:41 automation systemd[1]: Started LVM2 PV scan on device 8:3.
Oct 12 18:38:41 automation systemd[1]: Started Flush Journal to Persistent Storage.
Oct 12 18:38:41 automation systemd[1]: Found device VBOX_HARDDISK 2.
Oct 12 18:38:41 automation systemd[1]: Starting File System Check on /dev/disk/by-uuid/f6a4ee84-0f31-4dd0-a9c9-a7fb3d675f58...
Oct 12 18:38:41 automation systemd[1]: Started File System Check Daemon to report status.
Oct 12 18:38:41 automation systemd-fsck[624]: /dev/sda2: recovering journal
Oct 12 18:38:41 automation systemd-fsck[624]: /dev/sda2: clean, 309/65536 files, 51813/262144 blocks
Oct 12 18:38:41 automation systemd[1]: Started File System Check on /dev/disk/by-uuid/f6a4ee84-0f31-4dd0-a9c9-a7fb3d675f58.
Oct 12 18:38:41 automation systemd[1]: Mounting /boot...
Oct 12 18:38:41 automation systemd[1]: Mounted /boot.
Oct 12 18:38:41 automation systemd[1]: Reached target Local File Systems.
Oct 12 18:38:41 automation systemd[1]: Starting Tell Plymouth To Write Out Runtime Data...
Oct 12 18:38:41 automation systemd[1]: Starting ebtables ruleset management...
Oct 12 18:38:41 automation systemd[1]: Starting Set console font and keymap...
Oct 12 18:38:41 automation systemd[1]: Starting AppArmor initialization...
Oct 12 18:38:41 automation systemd[1]: Starting Create Volatile Files and Directories...
Oct 12 18:38:41 automation systemd[1]: Started Set console font and keymap.
Oct 12 18:38:41 automation systemd[1]: Started Tell Plymouth To Write Out Runtime Data.
Oct 12 18:38:41 automation systemd[1]: Started Create Volatile Files and Directories.
Oct 12 18:38:41 automation systemd[1]: Starting Update UTMP about System Boot/Shutdown...
Oct 12 18:38:41 automation systemd[1]: Starting Network Time Synchronization...
Oct 12 18:38:41 automation systemd[1]: Started Update UTMP about System Boot/Shutdown.
Oct 12 18:38:41 automation apparmor[672]:  * Starting AppArmor profiles
Oct 12 18:38:41 automation systemd[1]: Started ebtables ruleset management.
Oct 12 18:38:41 automation systemd[1]: Started Network Time Synchronization.
Oct 12 18:38:41 automation systemd[1]: Reached target System Time Synchronized.
Oct 12 18:38:41 automation apparmor[672]: Skipping profile in /etc/apparmor.d/disable: usr.sbin.rsyslogd
Oct 12 18:38:41 automation apparmor[672]:    ...done.
Oct 12 18:38:41 automation systemd[1]: Started AppArmor initialization.
Oct 12 18:38:41 automation systemd[1]: Starting Load AppArmor profiles managed internally by snapd...
Oct 12 18:38:41 automation systemd[1]: Starting Initial cloud-init job (pre-networking)...
Oct 12 18:38:41 automation systemd[1]: Started Load AppArmor profiles managed internally by snapd.
Oct 12 18:38:41 automation cloud-init[848]: Cloud-init v. 23.1.2-0ubuntu0~18.04.1 running 'init-local' at Sat, 12 Oct 2024 18:38:34 +0000. Up 21.61 seconds.
Oct 12 18:38:41 automation systemd[1]: Started Initial cloud-init job (pre-networking).
Oct 12 18:38:41 automation systemd[1]: Reached target Network (Pre).
Oct 12 18:38:41 automation systemd[1]: Starting Network Service...
Oct 12 18:38:41 automation systemd-networkd[915]: Enumeration completed
Oct 12 18:38:41 automation systemd[1]: Started Network Service.
Oct 12 18:38:41 automation systemd[1]: Starting Wait for Network to be Configured...
Oct 12 18:38:41 automation systemd-networkd[915]: enp0s3: IPv6 successfully enabled
Oct 12 18:38:41 automation systemd[1]: Starting Network Name Resolution...
Oct 12 18:38:41 automation systemd-networkd[915]: lo: Link is not managed by us
Oct 12 18:38:41 automation systemd-networkd[915]: enp0s3: Link UP
Oct 12 18:38:41 automation systemd-networkd[915]: enp0s3: Gained carrier
Oct 12 18:38:41 automation systemd-resolved[934]: Positive Trust Anchors:
Oct 12 18:38:41 automation systemd-resolved[934]: . IN DS 19036 8 2 49aac11d7b6f6446702e54a1607371607a1a41855200fd2ce1cdde32f24e8fb5
Oct 12 18:38:41 automation systemd-resolved[934]: . IN DS 20326 8 2 e06d44b80b8f1d39a95c0b0d7c65d08458e880409bbc683457104237c7f8ec8d
Oct 12 18:38:41 automation systemd-resolved[934]: Negative trust anchors: 10.in-addr.arpa 16.172.in-addr.arpa 17.172.in-addr.arpa 18.172.in-addr.arpa 19.172.in-addr.arpa 20.172.in-addr.arpa 21.172.in-addr.arpa 22.172.in-addr.arpa 23.172.in-addr.arpa 24.172.in-addr.arpa 25.172.in-addr.arpa 26.172.in-addr.arpa 27.172.in-addr.arpa 28.172.in-addr.arpa 29.172.in-addr.arpa 30.172.in-addr.arpa 31.172.in-addr.arpa 168.192.in-addr.arpa d.f.ip6.arpa corp home internal intranet lan local private test
Oct 12 18:38:41 automation systemd-resolved[934]: Using system hostname 'automation'.
Oct 12 18:38:41 automation systemd[1]: Started Network Name Resolution.
Oct 12 18:38:41 automation systemd[1]: Reached target Network.
Oct 12 18:38:41 automation systemd[1]: Reached target Host and Network Name Lookups.
Oct 12 18:38:41 automation systemd-networkd[915]: enp0s3: Gained IPv6LL
Oct 12 18:38:41 automation systemd-timesyncd[744]: Network configuration changed, trying to establish connection.
Oct 12 18:38:41 automation systemd-timesyncd[744]: message repeated 2 times: [ Network configuration changed, trying to establish connection.]
Oct 12 18:38:41 automation systemd-networkd[915]: enp0s3: DHCPv4 address 192.168.0.32/24 via 192.168.0.1
Oct 12 18:38:41 automation systemd-networkd[915]: Not connected to system bus, not setting hostname.
Oct 12 18:38:41 automation systemd-timesyncd[744]: Network configuration changed, trying to establish connection.
Oct 12 18:38:41 automation systemd-networkd[915]: enp0s3: Configured
Oct 12 18:38:41 automation systemd-networkd-wait-online[933]: managing: enp0s3
Oct 12 18:38:41 automation systemd-networkd-wait-online[933]: ignoring: lo
Oct 12 18:38:41 automation systemd-timesyncd[744]: Network configuration changed, trying to establish connection.
Oct 12 18:38:41 automation systemd[1]: Started Wait for Network to be Configured.
Oct 12 18:38:41 automation systemd[1]: Starting Initial cloud-init job (metadata service crawler)...","2026-09-26T18:38:41.000+0000",,,,,,,,,18,26,38,september,41,saturday,2026,local,,,,,,automation,,,,,"weather_index_report",,,,,,,136,,,,,,,,"__::__[]:_---.:_____////,____()__::__[]:_---.:____",,,,"weather-data (1)","weather_data",automation,,,,,16,,7,,,,,,
,1,3,0,"Oct 12 18:38:41 automation kernel: [    1.489829] BIOS EDD facility v0.16 2004-Jun-25, 0 devices found
Oct 12 18:38:41 automation kernel: [    1.489830] EDD information not available.
Oct 12 18:38:41 automation kernel: [    1.540250] ata2.00: ATAPI: VBOX CD-ROM, 1.0, max UDMA/133
Oct 12 18:38:41 automation kernel: [    1.552719] ata2.00: configured for UDMA/33
Oct 12 18:38:41 automation kernel: [    1.553451] scsi 1:0:0:0: CD-ROM            VBOX     CD-ROM           1.0  PQ: 0 ANSI: 5
Oct 12 18:38:41 automation kernel: [    1.622432] sr 1:0:0:0: [sr0] scsi3-mmc drive: 32x/32x xa/form2 tray
Oct 12 18:38:41 automation kernel: [    1.622434] cdrom: Uniform CD-ROM driver Revision: 3.20
Oct 12 18:38:41 automation kernel: [    1.622544] sr 1:0:0:0: Attached scsi CD-ROM sr0
Oct 12 18:38:41 automation kernel: [    1.622661] sr 1:0:0:0: Attached scsi generic sg0 type 5
Oct 12 18:38:41 automation kernel: [    1.624551] Freeing unused kernel image memory: 2480K
Oct 12 18:38:41 automation kernel: [    1.636217] Write protecting the kernel read-only data: 20480k
Oct 12 18:38:41 automation kernel: [    1.636829] Freeing unused kernel image memory: 2008K
Oct 12 18:38:41 automation kernel: [    1.637295] Freeing unused kernel image memory: 1820K
Oct 12 18:38:41 automation kernel: [    1.642142] x86/mm: Checked W+X mappings: passed, no W+X pages found.
Oct 12 18:38:41 automation kernel: [    1.716403] e1000: Intel(R) PRO/1000 Network Driver - version 7.3.21-k8-NAPI
Oct 12 18:38:41 automation kernel: [    1.716403] e1000: Copyright (c) 1999-2006 Intel Corporation.
Oct 12 18:38:41 automation kernel: [    1.726358] ACPI: Video Device [GFX0] (multi-head: yes  rom: no  post: no)
Oct 12 18:38:41 automation kernel: [    1.726416] input: Video Bus as /devices/LNXSYSTM:00/LNXSYBUS:00/PNP0A03:00/LNXVIDEO:00/input/input4
Oct 12 18:38:41 automation kernel: [    1.747129] AVX2 version of gcm_enc/dec engaged.
Oct 12 18:38:41 automation kernel: [    1.747131] AES CTR mode by8 optimization enabled
Oct 12 18:38:41 automation kernel: [    1.848864] usb 2-1: new full-speed USB device number 2 using ohci-pci
Oct 12 18:38:41 automation kernel: [    1.959190] input: ImExPS/2 Generic Explorer Mouse as /devices/platform/i8042/serio1/input/input5
Oct 12 18:38:41 automation kernel: [    2.165891] e1000 0000:00:03.0 eth0: (PCI:33MHz:32-bit) 08:00:27:9f:cb:cc
Oct 12 18:38:41 automation kernel: [    2.165894] e1000 0000:00:03.0 eth0: Intel(R) PRO/1000 Network Connection
Oct 12 18:38:41 automation kernel: [    2.166237] piix4_smbus 0000:00:07.0: SMBus Host Controller at 0x4100, revision 0
Oct 12 18:38:41 automation kernel: [    2.166732] ahci 0000:00:0d.0: version 3.0
Oct 12 18:38:41 automation kernel: [    2.167441] ahci 0000:00:0d.0: SSS flag set, parallel bus scan disabled
Oct 12 18:38:41 automation kernel: [    2.167467] e1000 0000:00:03.0 enp0s3: renamed from eth0
Oct 12 18:38:41 automation kernel: [    2.167569] ahci 0000:00:0d.0: AHCI 0001.0100 32 slots 1 ports 3 Gbps 0x1 impl SATA mode
Oct 12 18:38:41 automation kernel: [    2.167571] ahci 0000:00:0d.0: flags: 64bit ncq stag only ccc 
Oct 12 18:38:41 automation kernel: [    2.169186] scsi host2: ahci
Oct 12 18:38:41 automation kernel: [    2.169231] ata3: SATA max UDMA/133 abar m8192@0xf0806000 port 0xf0806100 irq 21
Oct 12 18:38:41 automation kernel: [    2.170081] [drm] DMA map mode: Using physical TTM page addresses.
Oct 12 18:38:41 automation kernel: [    2.170204] [drm] Capabilities:
Oct 12 18:38:41 automation kernel: [    2.170205] [drm]   Rect copy.
Oct 12 18:38:41 automation kernel: [    2.170205] [drm]   Cursor.
Oct 12 18:38:41 automation kernel: [    2.170205] [drm]   Cursor bypass.
Oct 12 18:38:41 automation kernel: [    2.170206] [drm]   Cursor bypass 2.
Oct 12 18:38:41 automation kernel: [    2.170206] [drm]   Alpha cursor.
Oct 12 18:38:41 automation kernel: [    2.170206] [drm]   Extended Fifo.
Oct 12 18:38:41 automation kernel: [    2.170207] [drm]   Pitchlock.
Oct 12 18:38:41 automation kernel: [    2.170207] [drm]   Irq mask.
Oct 12 18:38:41 automation kernel: [    2.170207] [drm]   GMR.
Oct 12 18:38:41 automation kernel: [    2.170208] [drm]   Traces.
Oct 12 18:38:41 automation kernel: [    2.170208] [drm]   GMR2.
Oct 12 18:38:41 automation kernel: [    2.170208] [drm]   Screen Object 2.
Oct 12 18:38:41 automation kernel: [    2.170209] [drm]   Command Buffers.
Oct 12 18:38:41 automation kernel: [    2.170210] [drm] Max GMR ids is 8192
Oct 12 18:38:41 automation kernel: [    2.170210] [drm] Max number of GMR pages is 1048576
Oct 12 18:38:41 automation kernel: [    2.170211] [drm] Max dedicated hypervisor surface memory is 507904 kiB
Oct 12 18:38:41 automation kernel: [    2.170211] [drm] Maximum display memory size is 16384 kiB
Oct 12 18:38:41 automation kernel: [    2.170212] [drm] VRAM at 0xe0000000 size is 16384 kiB
Oct 12 18:38:41 automation kernel: [    2.170212] [drm] MMIO at 0xf0000000 size is 2048 kiB
Oct 12 18:38:41 automation kernel: [    2.170213] [drm] global init.
Oct 12 18:38:41 automation kernel: [    2.170412] [TTM] Zone  kernel: Available graphics memory: 1756610 kiB
Oct 12 18:38:41 automation kernel: [    2.170413] [TTM] Initializing pool allocator
Oct 12 18:38:41 automation kernel: [    2.170415] [TTM] Initializing DMA pool allocator
Oct 12 18:38:41 automation kernel: [    2.170594] [drm] Supports vblank timestamp caching Rev 2 (21.10.2013).
Oct 12 18:38:41 automation kernel: [    2.170595] [drm] No driver support for vblank timestamp query.
Oct 12 18:38:41 automation kernel: [    2.170809] [drm] Screen Objects Display Unit initialized
Oct 12 18:38:41 automation kernel: [    2.170850] [drm] width 720
Oct 12 18:38:41 automation kernel: [    2.170856] [drm] height 400
Oct 12 18:38:41 automation kernel: [    2.170859] [drm] bpp 32
Oct 12 18:38:41 automation kernel: [    2.170984] [drm] Fifo max 0x00200000 min 0x00001000 cap 0x00000355
Oct 12 18:38:41 automation kernel: [    2.171099] [drm] Using command buffers with DMA pool.
Oct 12 18:38:41 automation kernel: [    2.171105] [drm] DX: no.
Oct 12 18:38:41 automation kernel: [    2.171106] [drm] Atomic: yes
Oct 12 18:38:41 automation kernel: [    2.171122] [drm:vmw_host_log [vmwgfx]] *ERROR* Failed to send log
Oct 12 18:38:41 automation kernel: [    2.171723] [drm:vmw_host_log [vmwgfx]] *ERROR* Failed to send log
Oct 12 18:38:41 automation kernel: [    2.174180] fbcon: svgadrmfb (fb0) is primary device
Oct 12 18:38:41 automation kernel: [    2.175545] Console: switching to colour frame buffer device 100x37
Oct 12 18:38:41 automation kernel: [    2.176060] [drm] Initialized vmwgfx 2.14.0 20170612 for 0000:00:02.0 on minor 0
Oct 12 18:38:41 automation kernel: [    2.200737] usb 2-1: New USB device found, idVendor=80ee, idProduct=0021
Oct 12 18:38:41 automation kernel: [    2.200739] usb 2-1: New USB device strings: Mfr=1, Product=3, SerialNumber=0
Oct 12 18:38:41 automation kernel: [    2.200740] usb 2-1: Product: USB Tablet
Oct 12 18:38:41 automation kernel: [    2.200741] usb 2-1: Manufacturer: VirtualBox
Oct 12 18:38:41 automation kernel: [    2.207726] hidraw: raw HID events driver (C) Jiri Kosina
Oct 12 18:38:41 automation kernel: [    2.612309] ata3: SATA link up 3.0 Gbps (SStatus 123 SControl 300)
Oct 12 18:38:41 automation kernel: [    2.612691] ata3.00: ATA-6: VBOX HARDDISK, 1.0, max UDMA/133
Oct 12 18:38:41 automation kernel: [    2.612693] ata3.00: 83886080 sectors, multi 128: LBA48 NCQ (depth 31/32)
Oct 12 18:38:41 automation kernel: [    2.613075] ata3.00: configured for UDMA/133
Oct 12 18:38:41 automation kernel: [    2.613243] scsi 2:0:0:0: Direct-Access     ATA      VBOX HARDDISK    1.0  PQ: 0 ANSI: 5
Oct 12 18:38:41 automation kernel: [    2.613391] sd 2:0:0:0: Attached scsi generic sg1 type 0
Oct 12 18:38:41 automation kernel: [    2.613400] sd 2:0:0:0: [sda] 83886080 512-byte logical blocks: (42.9 GB/40.0 GiB)
Oct 12 18:38:41 automation kernel: [    2.613406] sd 2:0:0:0: [sda] Write Protect is off
Oct 12 18:38:41 automation kernel: [    2.613407] sd 2:0:0:0: [sda] Mode Sense: 00 3a 00 00
Oct 12 18:38:41 automation kernel: [    2.613417] sd 2:0:0:0: [sda] Write cache: enabled, read cache: enabled, doesn't support DPO or FUA
Oct 12 18:38:41 automation kernel: [    2.670816]  sda: sda1 sda2 sda3
Oct 12 18:38:41 automation kernel: [    2.671218] sd 2:0:0:0: [sda] Attached SCSI disk
Oct 12 18:38:41 automation kernel: [    2.702313] usbcore: registered new interface driver usbhid
Oct 12 18:38:41 automation kernel: [    2.702314] usbhid: USB HID core driver
Oct 12 18:38:41 automation kernel: [    2.704239] input: VirtualBox USB Tablet as /devices/pci0000:00/0000:00:06.0/usb2/2-1/2-1:1.0/0003:80EE:0021.0001/input/input6
Oct 12 18:38:41 automation kernel: [    2.704303] hid-generic 0003:80EE:0021.0001: input,hidraw0: USB HID v1.10 Mouse [VirtualBox USB Tablet] on usb-0000:00:06.0-1/input0
Oct 12 18:38:41 automation kernel: [    3.088229] raid6: sse2x1   gen() 12187 MB/s
Oct 12 18:38:41 automation kernel: [    3.136799] raid6: sse2x1   xor()  7371 MB/s
Oct 12 18:38:41 automation kernel: [    3.197895] raid6: sse2x2   gen() 20598 MB/s
Oct 12 18:38:41 automation kernel: [    3.262420] raid6: sse2x2   xor() 10683 MB/s
Oct 12 18:38:41 automation kernel: [    3.326243] raid6: sse2x4   gen() 17395 MB/s
Oct 12 18:38:41 automation kernel: [    3.374393] raid6: sse2x4   xor()  9543 MB/s
Oct 12 18:38:41 automation kernel: [    3.422361] raid6: avx2x1   gen() 25134 MB/s
Oct 12 18:38:41 automation kernel: [    3.486304] raid6: avx2x1   xor() 14957 MB/s
Oct 12 18:38:41 automation kernel: [    3.551124] raid6: avx2x2   gen() 33330 MB/s
Oct 12 18:38:41 automation kernel: [    3.608481] raid6: avx2x2   xor() 17713 MB/s
Oct 12 18:38:41 automation kernel: [    3.663363] raid6: avx2x4   gen() 29143 MB/s
Oct 12 18:38:41 automation kernel: [    3.711348] raid6: avx2x4   xor() 17694 MB/s
Oct 12 18:38:41 automation kernel: [    3.711350] raid6: using algorithm avx2x2 gen() 33330 MB/s
Oct 12 18:38:41 automation kernel: [    3.711350] raid6: .... xor() 17713 MB/s, rmw enabled
Oct 12 18:38:41 automation kernel: [    3.711351] raid6: using avx2x2 recovery algorithm
Oct 12 18:38:41 automation kernel: [    3.712479] xor: automatically using best checksumming function   avx       
Oct 12 18:38:41 automation kernel: [    3.713970] async_tx: api initialized (async)
Oct 12 18:38:41 automation kernel: [    3.901388] Btrfs loaded, crc32c=crc32c-intel
Oct 12 18:38:41 automation kernel: [    5.001678] EXT4-fs (dm-0): mounted filesystem with ordered data mode. Opts: (null)
Oct 12 18:38:41 automation kernel: [    6.766250] ip_tables: (C) 2000-2006 Netfilter Core Team
Oct 12 18:38:41 automation kernel: [    6.808585] systemd[1]: systemd 237 running in system mode. (+PAM +AUDIT +SELINUX +IMA +APPARMOR +SMACK +SYSVINIT +UTMP +LIBCRYPTSETUP +GCRYPT +GNUTLS +ACL +XZ +LZ4 +SECCOMP +BLKID +ELFUTILS +KMOD -IDN2 +IDN -PCRE2 default-hierarchy=hybrid)
Oct 12 18:38:41 automation kernel: [    6.808631] systemd[1]: Detected virtualization oracle.
Oct 12 18:38:41 automation kernel: [    6.808645] systemd[1]: Detected architecture x86-64.
Oct 12 18:38:41 automation kernel: [    6.827086] systemd[1]: Set hostname to <automation>.
Oct 12 18:38:41 automation kernel: [    8.933904] systemd[1]: Reached target Mounting snaps.
Oct 12 18:38:41 automation kernel: [    8.934017] systemd[1]: Reached target Mounted snaps.
Oct 12 18:38:41 automation kernel: [    8.935287] systemd[1]: Created slice System Slice.
Oct 12 18:38:41 automation kernel: [    8.935386] systemd[1]: Listening on Network Service Netlink Socket.
Oct 12 18:38:41 automation kernel: [    8.935448] systemd[1]: Listening on Journal Audit Socket.
Oct 12 18:38:41 automation kernel: [    8.935689] systemd[1]: Created slice User and Session Slice.
Oct 12 18:38:41 automation kernel: [    9.106622] EXT4-fs (dm-0): re-mounted. Opts: (null)
Oct 12 18:38:41 automation kernel: [    9.541487] Loading iSCSI transport class v2.0-870.
Oct 12 18:38:41 automation kernel: [    9.753177] iscsi: registered transport (tcp)
Oct 12 18:38:41 automation kernel: [    9.818838] Adding 3512316k swap on /swap.img.  Priority:-2 extents:5 across:3815420k FS
Oct 12 18:38:41 automation kernel: [    9.840018] systemd-journald[448]: Received request to flush runtime journal from PID 1
Oct 12 18:38:41 automation kernel: [    9.896509] iscsi: registered transport (iser)
Oct 12 18:38:41 automation kernel: [   10.501049] systemd-journald[448]: File /var/log/journal/c334d3f2c3144140b0b233f85d8177a1/system.journal corrupted or uncleanly shut down, renaming and replacing.
Oct 12 18:38:41 automation kernel: [   11.784911] vgdrvHeartbeatInit: Setting up heartbeat to trigger every 2000 milliseconds
Oct 12 18:38:41 automation kernel: [   11.784999] input: Unspecified device as /devices/pci0000:00/0000:00:04.0/input/input7
Oct 12 18:38:41 automation kernel: [   11.785214] vboxguest: misc device minor 57, IRQ 20, I/O port d040, MMIO at 00000000f0400000 (size 0x400000)
Oct 12 18:38:41 automation kernel: [   11.785215] vboxguest: Successfully loaded version 5.2.8_KernelUbuntu (interface 0x00010004)
Oct 12 18:38:41 automation kernel: [   12.075711] RAPL PMU: API unit is 2^-32 Joules, 5 fixed counters, 10737418240 ms ovfl timer
Oct 12 18:38:41 automation kernel: [   12.075712] RAPL PMU: hw unit of domain pp0-core 2^-0 Joules
Oct 12 18:38:41 automation kernel: [   12.075713] RAPL PMU: hw unit of domain package 2^-0 Joules
Oct 12 18:38:41 automation kernel: [   12.075713] RAPL PMU: hw unit of domain dram 2^-0 Joules
Oct 12 18:38:41 automation kernel: [   12.075714] RAPL PMU: hw unit of domain pp1-gpu 2^-0 Joules
Oct 12 18:38:41 automation kernel: [   12.075714] RAPL PMU: hw unit of domain psys 2^-0 Joules
Oct 12 18:38:41 automation kernel: [   13.078408] snd_intel8x0 0000:00:05.0: white list rate for 1028:0177 is 48000
Oct 12 18:38:41 automation kernel: [   17.297241] EXT4-fs (sda2): mounted filesystem with ordered data mode. Opts: (null)
Oct 12 18:38:41 automation kernel: [   18.291096] audit: type=1400 audit(1728758311.296:2): apparmor=""STATUS"" operation=""profile_load"" profile=""unconfined"" name=""lxc-container-default"" pid=839 comm=""apparmor_parser""
Oct 12 18:38:41 automation kernel: [   18.291098] audit: type=1400 audit(1728758311.296:3): apparmor=""STATUS"" operation=""profile_load"" profile=""unconfined"" name=""lxc-container-default-cgns"" pid=839 comm=""apparmor_parser""
Oct 12 18:38:41 automation kernel: [   18.291100] audit: type=1400 audit(1728758311.296:4): apparmor=""STATUS"" operation=""profile_load"" profile=""unconfined"" name=""lxc-container-default-with-mounting"" pid=839 comm=""apparmor_parser""
Oct 12 18:38:41 automation kernel: [   18.291102] audit: type=1400 audit(1728758311.296:5): apparmor=""STATUS"" operation=""profile_load"" profile=""unconfined"" name=""lxc-container-default-with-nesting"" pid=839 comm=""apparmor_parser""
Oct 12 18:38:41 automation kernel: [   18.305254] audit: type=1400 audit(1728758311.312:6): apparmor=""STATUS"" operation=""profile_load"" profile=""unconfined"" name=""/sbin/dhclient"" pid=840 comm=""apparmor_parser""
Oct 12 18:38:41 automation kernel: [   18.305256] audit: type=1400 audit(1728758311.312:7): apparmor=""STATUS"" operation=""profile_load"" profile=""unconfined"" name=""/usr/lib/NetworkManager/nm-dhcp-client.action"" pid=840 comm=""apparmor_parser""
Oct 12 18:38:41 automation kernel: [   18.305258] audit: type=1400 audit(1728758311.312:8): apparmor=""STATUS"" operation=""profile_load"" profile=""unconfined"" name=""/usr/lib/NetworkManager/nm-dhcp-helper"" pid=840 comm=""apparmor_parser""
Oct 12 18:38:41 automation kernel: [   18.305259] audit: type=1400 audit(1728758311.312:9): apparmor=""STATUS"" operation=""profile_load"" profile=""unconfined"" name=""/usr/lib/connman/scripts/dhclient-script"" pid=840 comm=""apparmor_parser""
Oct 12 18:38:41 automation kernel: [   18.317223] audit: type=1400 audit(1728758311.324:10): apparmor=""STATUS"" operation=""profile_load"" profile=""unconfined"" name=""/usr/bin/lxc-start"" pid=842 comm=""apparmor_parser""
Oct 12 18:38:41 automation kernel: [   18.342112] audit: type=1400 audit(1728758311.348:11): apparmor=""STATUS"" operation=""profile_load"" profile=""unconfined"" name=""/usr/bin/man"" pid=843 comm=""apparmor_parser""
Oct 12 18:38:41 automation kernel: [   21.870288] IPv6: ADDRCONF(NETDEV_UP): enp0s3: link is not ready
Oct 12 18:38:41 automation kernel: [   21.876461] e1000: enp0s3 NIC Link is Up 1000 Mbps Full Duplex, Flow Control: RX
Oct 12 18:38:41 automation kernel: [   21.876739] IPv6: ADDRCONF(NETDEV_CHANGE): enp0s3: link becomes ready
Oct 12 18:38:41 automation kernel: [   26.404552] new mount options do not match the existing superblock, will be ignored
Oct 12 18:38:41 automation systemd[1]: Started Create list of required static device nodes for the current kernel.
Oct 12 18:38:41 automation systemd[1]: Starting Create Static Device Nodes in /dev...
Oct 12 18:38:41 automation systemd[1]: Starting Flush Journal to Persistent Storage...
Oct 12 18:38:41 automation systemd[1]: Started Set the console keyboard layout.
Oct 12 18:38:41 automation systemd[1]: Started Load/Save Random Seed.
Oct 12 18:38:41 automation systemd[1]: Started LVM2 metadata daemon.
Oct 12 18:38:41 automation systemd-modules-load[444]: Inserted module 'iscsi_tcp'
Oct 12 18:38:41 automation systemd[1]: Activated swap /swap.img.
Oct 12 18:38:41 automation systemd[1]: Reached target Swap.
Oct 12 18:38:41 automation lvm[447]:   1 logical volume(s) in volume group ""ubuntu-vg"" monitored
Oct 12 18:38:41 automation systemd-modules-load[444]: Inserted module 'ib_iser'
Oct 12 18:38:41 automation systemd[1]: Started Load Kernel Modules.
Oct 12 18:38:41 automation systemd[1]: Starting Apply Kernel Variables...
Oct 12 18:38:41 automation systemd[1]: Mounting Kernel Configuration File System...
Oct 12 18:38:41 automation systemd[1]: Mounting FUSE Control File System...
Oct 12 18:38:41 automation systemd[1]: Mounted Kernel Configuration File System.
Oct 12 18:38:41 automation systemd[1]: Mounted FUSE Control File System.
Oct 12 18:38:41 automation systemd[1]: Started Create Static Device Nodes in /dev.
Oct 12 18:38:41 automation systemd[1]: Starting udev Kernel Device Manager...
Oct 12 18:38:41 automation lvm[608]:   1 logical volume(s) in volume group ""ubuntu-vg"" now active
Oct 12 18:38:41 automation systemd[1]: Started Apply Kernel Variables.
Oct 12 18:38:41 automation systemd[1]: Started Monitoring of LVM2 mirrors, snapshots etc. using dmeventd or progress polling.
Oct 12 18:38:41 automation systemd[1]: Reached target Local File Systems (Pre).
Oct 12 18:38:41 automation systemd[1]: Started udev Kernel Device Manager.
Oct 12 18:38:41 automation systemd[1]: Starting Show Plymouth Boot Screen...
Oct 12 18:38:41 automation systemd[1]: Started Show Plymouth Boot Screen.
Oct 12 18:38:41 automation systemd[1]: Started Forward Password Requests to Plymouth Directory Watch.
Oct 12 18:38:41 automation systemd[1]: Reached target Local Encrypted Volumes.
Oct 12 18:38:41 automation systemd-udevd[479]: link_config: autonegotiation is unset or enabled, the speed and duplex are not writable.
Oct 12 18:38:41 automation systemd-udevd[483]: link_config: autonegotiation is unset or enabled, the speed and duplex are not writable.
Oct 12 18:38:41 automation systemd[1]: Listening on Load/Save RF Kill Switch Status /dev/rfkill Watch.
Oct 12 18:38:41 automation systemd[1]: Reached target Sound Card.
Oct 12 18:38:41 automation systemd[1]: proc-sys-fs-binfmt_misc.automount: Got automount request for /proc/sys/fs/binfmt_misc, triggered by 517 (snap)
Oct 12 18:38:41 automation systemd[1]: Mounting Arbitrary Executable File Formats File System...
Oct 12 18:38:41 automation systemd[1]: Mounted Arbitrary Executable File Formats File System.
Oct 12 18:38:41 automation systemd[1]: proc-sys-fs-binfmt_misc.automount: Got automount request for /proc/sys/fs/binfmt_misc, triggered by 517 (snap)
Oct 12 18:38:41 automation systemd[1]: proc-sys-fs-binfmt_misc.automount: Automount point already active?
Oct 12 18:38:41 automation systemd[1]: proc-sys-fs-binfmt_misc.automount: Got automount request for /proc/sys/fs/binfmt_misc, triggered by 522 (snap)
Oct 12 18:38:41 automation systemd[1]: proc-sys-fs-binfmt_misc.automount: Automount point already active?
Oct 12 18:38:41 automation systemd[1]: proc-sys-fs-binfmt_misc.automount: Got automount request for /proc/sys/fs/binfmt_misc, triggered by 522 (snap)
Oct 12 18:38:41 automation systemd[1]: proc-sys-fs-binfmt_misc.automount: Automount point already active?
Oct 12 18:38:41 automation systemd[1]: proc-sys-fs-binfmt_misc.automount: Got automount request for /proc/sys/fs/binfmt_misc, triggered by 522 (snap)
Oct 12 18:38:41 automation systemd[1]: proc-sys-fs-binfmt_misc.automount: Automount point already active?
Oct 12 18:38:41 automation systemd[1]: proc-sys-fs-binfmt_misc.automount: Got automount request for /proc/sys/fs/binfmt_misc, triggered by 522 (snap)
Oct 12 18:38:41 automation systemd[1]: proc-sys-fs-binfmt_misc.automount: Automount point already active?
Oct 12 18:38:41 automation systemd[1]: proc-sys-fs-binfmt_misc.automount: Got automount request for /proc/sys/fs/binfmt_misc, triggered by 522 (snap)
Oct 12 18:38:41 automation systemd[1]: proc-sys-fs-binfmt_misc.automount: Automount point already active?
Oct 12 18:38:41 automation systemd[1]: proc-sys-fs-binfmt_misc.automount: Got automount request for /proc/sys/fs/binfmt_misc, triggered by 522 (snap)
Oct 12 18:38:41 automation systemd[1]: proc-sys-fs-binfmt_misc.automount: Automount point already active?
Oct 12 18:38:41 automation systemd[1]: proc-sys-fs-binfmt_misc.automount: Got automount request for /proc/sys/fs/binfmt_misc, triggered by 522 (snap)
Oct 12 18:38:41 automation systemd[1]: proc-sys-fs-binfmt_misc.automount: Automount point already active?
Oct 12 18:38:41 automation systemd[1]: proc-sys-fs-binfmt_misc.automount: Got automount request for /proc/sys/fs/binfmt_misc, triggered by 522 (snap)
Oct 12 18:38:41 automation systemd[1]: proc-sys-fs-binfmt_misc.automount: Automount point already active?
Oct 12 18:38:41 automation systemd[1]: proc-sys-fs-binfmt_misc.automount: Got automount request for /proc/sys/fs/binfmt_misc, triggered by 522 (snap)
Oct 12 18:38:41 automation systemd[1]: proc-sys-fs-binfmt_misc.automount: Automount point already active?
Oct 12 18:38:41 automation systemd[1]: proc-sys-fs-binfmt_misc.automount: Got automount request for /proc/sys/fs/binfmt_misc, triggered by 522 (snap)
Oct 12 18:38:41 automation systemd[1]: proc-sys-fs-binfmt_misc.automount: Automount point already active?
Oct 12 18:38:41 automation systemd[1]: proc-sys-fs-binfmt_misc.automount: Got automount request for /proc/sys/fs/binfmt_misc, triggered by 522 (snap)
Oct 12 18:38:41 automation systemd[1]: proc-sys-fs-binfmt_misc.automount: Automount point already active?
Oct 12 18:38:41 automation systemd[1]: proc-sys-fs-binfmt_misc.automount: Got automount request for /proc/sys/fs/binfmt_misc, triggered by 522 (snap)
Oct 12 18:38:41 automation systemd[1]: proc-sys-fs-binfmt_misc.automount: Automount point already active?
Oct 12 18:38:41 automation systemd[1]: proc-sys-fs-binfmt_misc.automount: Got automount request for /proc/sys/fs/binfmt_misc, triggered by 522 (snap)
Oct 12 18:38:41 automation systemd[1]: proc-sys-fs-binfmt_misc.automount: Automount point already active?
Oct 12 18:38:41 automation systemd[1]: proc-sys-fs-binfmt_misc.automount: Got automount request for /proc/sys/fs/binfmt_misc, triggered by 522 (snap)
Oct 12 18:38:41 automation systemd[1]: proc-sys-fs-binfmt_misc.automount: Automount point already active?
Oct 12 18:38:41 automation systemd[1]: proc-sys-fs-binfmt_misc.automount: Got automount request for /proc/sys/fs/binfmt_misc, triggered by 522 (snap)
Oct 12 18:38:41 automation systemd[1]: proc-sys-fs-binfmt_misc.automount: Automount point already active?
Oct 12 18:38:41 automation systemd[1]: proc-sys-fs-binfmt_misc.automount: Got automount request for /proc/sys/fs/binfmt_misc, triggered by 522 (snap)
Oct 12 18:38:41 automation systemd[1]: proc-sys-fs-binfmt_misc.automount: Automount point already active?
Oct 12 18:38:41 automation systemd[1]: proc-sys-fs-binfmt_misc.automount: Got automount request for /proc/sys/fs/binfmt_misc, triggered by 522 (snap)
Oct 12 18:38:41 automation systemd[1]: proc-sys-fs-binfmt_misc.automount: Automount point already active?
Oct 12 18:38:41 automation systemd[1]: proc-sys-fs-binfmt_misc.automount: Got automount request for /proc/sys/fs/binfmt_misc, triggered by 522 (snap)
Oct 12 18:38:41 automation systemd[1]: proc-sys-fs-binfmt_misc.automount: Automount point already active?
Oct 12 18:38:41 automation systemd[1]: proc-sys-fs-binfmt_misc.automount: Got automount request for /proc/sys/fs/binfmt_misc, triggered by 522 (snap)
Oct 12 18:38:41 automation systemd[1]: proc-sys-fs-binfmt_misc.automount: Automount point already active?
Oct 12 18:38:41 automation systemd[1]: proc-sys-fs-binfmt_misc.automount: Got automount request for /proc/sys/fs/binfmt_misc, triggered by 522 (snap)
Oct 12 18:38:41 automation systemd[1]: proc-sys-fs-binfmt_misc.automount: Automount point already active?
Oct 12 18:38:41 automation systemd[1]: proc-sys-fs-binfmt_misc.automount: Got automount request for /proc/sys/fs/binfmt_misc, triggered by 522 (snap)
Oct 12 18:38:41 automation systemd[1]: proc-sys-fs-binfmt_misc.automount: Automount point already active?
Oct 12 18:38:41 automation systemd[1]: proc-sys-fs-binfmt_misc.automount: Got automount request for /proc/sys/fs/binfmt_misc, triggered by 522 (snap)
Oct 12 18:38:41 automation systemd[1]: proc-sys-fs-binfmt_misc.automount: Automount point already active?
Oct 12 18:38:41 automation systemd[1]: proc-sys-fs-binfmt_misc.automount: Got automount request for /proc/sys/fs/binfmt_misc, triggered by 522 (snap)
Oct 12 18:38:41 automation systemd[1]: proc-sys-fs-binfmt_misc.automount: Automount point already active?
Oct 12 18:38:41 automation systemd[1]: proc-sys-fs-binfmt_misc.automount: Got automount request for /proc/sys/fs/binfmt_misc, triggered by 522 (snap)
Oct 12 18:38:41 automation systemd[1]: proc-sys-fs-binfmt_misc.automount: Automount point already active?
Oct 12 18:38:41 automation systemd[1]: proc-sys-fs-binfmt_misc.automount: Got automount request for /proc/sys/fs/binfmt_misc, triggered by 522 (snap)
Oct 12 18:38:41 automation systemd[1]: proc-sys-fs-binfmt_misc.automount: Automount point already active?
Oct 12 18:38:41 automation systemd[1]: proc-sys-fs-binfmt_misc.automount: Got automount request for /proc/sys/fs/binfmt_misc, triggered by 522 (snap)
Oct 12 18:38:41 automation systemd[1]: proc-sys-fs-binfmt_misc.automount: Automount point already active?
Oct 12 18:38:41 automation systemd[1]: proc-sys-fs-binfmt_misc.automount: Got automount request for /proc/sys/fs/binfmt_misc, triggered by 522 (snap)
Oct 12 18:38:41 automation systemd[1]: proc-sys-fs-binfmt_misc.automount: Automount point already active?
Oct 12 18:38:41 automation systemd[1]: proc-sys-fs-binfmt_misc.automount: Got automount request for /proc/sys/fs/binfmt_misc, triggered by 522 (snap)
Oct 12 18:38:41 automation systemd[1]: proc-sys-fs-binfmt_misc.automount: Automount point already active?
Oct 12 18:38:41 automation systemd[1]: proc-sys-fs-binfmt_misc.automount: Got automount request for /proc/sys/fs/binfmt_misc, triggered by 522 (snap)
Oct 12 18:38:41 automation systemd[1]: proc-sys-fs-binfmt_misc.automount: Automount point already active?
Oct 12 18:38:41 automation systemd[1]: proc-sys-fs-binfmt_misc.automount: Got automount request for /proc/sys/fs/binfmt_misc, triggered by 522 (snap)
Oct 12 18:38:41 automation systemd[1]: proc-sys-fs-binfmt_misc.automount: Automount point already active?
Oct 12 18:38:41 automation systemd[1]: proc-sys-fs-binfmt_misc.automount: Got automount request for /proc/sys/fs/binfmt_misc, triggered by 522 (snap)
Oct 12 18:38:41 automation systemd[1]: proc-sys-fs-binfmt_misc.automount: Automount point already active?
Oct 12 18:38:41 automation systemd[1]: proc-sys-fs-binfmt_misc.automount: Got automount request for /proc/sys/fs/binfmt_misc, triggered by 522 (snap)
Oct 12 18:38:41 automation systemd[1]: proc-sys-fs-binfmt_misc.automount: Automount point already active?","2026-09-26T18:38:41.000+0000",,,,,,,,,18,26,38,september,41,saturday,2026,local,,,,,,automation,,0021,80ee,,"weather_index_report",,,,,,,257,,,,,,,,"__::__:_[____.]____._--,_____::__:_[____.]____.__:",,,,"weather-data (1)","weather_data",automation,,,,,16,,7,,,,,,
,3,2,1,"Oct 12 18:38:41 automation kernel: [    0.257326] clocksource: Switched to clocksource kvm-clock
Oct 12 18:38:41 automation kernel: [    0.279240] VFS: Disk quotas dquot_6.6.0
Oct 12 18:38:41 automation kernel: [    0.279277] VFS: Dquot-cache hash table entries: 512 (order 0, 4096 bytes)
Oct 12 18:38:41 automation kernel: [    0.279361] AppArmor: AppArmor Filesystem Enabled
Oct 12 18:38:41 automation kernel: [    0.279386] pnp: PnP ACPI init
Oct 12 18:38:41 automation kernel: [    0.279449] pnp 00:00: Plug and Play ACPI device, IDs PNP0303 (active)
Oct 12 18:38:41 automation kernel: [    0.279508] pnp 00:01: Plug and Play ACPI device, IDs PNP0f03 (active)
Oct 12 18:38:41 automation kernel: [    0.280216] pnp: PnP ACPI: found 2 devices
Oct 12 18:38:41 automation kernel: [    0.288046] clocksource: acpi_pm: mask: 0xffffff max_cycles: 0xffffff, max_idle_ns: 2085701024 ns
Oct 12 18:38:41 automation kernel: [    0.288058] pci_bus 0000:00: resource 4 [io  0x0000-0x0cf7 window]
Oct 12 18:38:41 automation kernel: [    0.288059] pci_bus 0000:00: resource 5 [io  0x0d00-0xffff window]
Oct 12 18:38:41 automation kernel: [    0.288061] pci_bus 0000:00: resource 6 [mem 0x000a0000-0x000bffff window]
Oct 12 18:38:41 automation kernel: [    0.288062] pci_bus 0000:00: resource 7 [mem 0xdb600000-0xfdffffff window]
Oct 12 18:38:41 automation kernel: [    0.288112] NET: Registered protocol family 2
Oct 12 18:38:41 automation kernel: [    0.288197] IP idents hash table entries: 65536 (order: 7, 524288 bytes)
Oct 12 18:38:41 automation kernel: [    0.288564] TCP established hash table entries: 32768 (order: 6, 262144 bytes)
Oct 12 18:38:41 automation kernel: [    0.288602] TCP bind hash table entries: 32768 (order: 7, 524288 bytes)
Oct 12 18:38:41 automation kernel: [    0.291975] TCP: Hash tables configured (established 32768 bind 32768)
Oct 12 18:38:41 automation kernel: [    0.292015] UDP hash table entries: 2048 (order: 4, 65536 bytes)
Oct 12 18:38:41 automation kernel: [    0.292025] UDP-Lite hash table entries: 2048 (order: 4, 65536 bytes)
Oct 12 18:38:41 automation kernel: [    0.292037] NET: Registered protocol family 1
Oct 12 18:38:41 automation kernel: [    0.292037] pci 0000:00:00.0: Limiting direct PCI/PCI transfers
Oct 12 18:38:41 automation kernel: [    0.292137] pci 0000:00:01.0: Activating ISA DMA hang workarounds
Oct 12 18:38:41 automation kernel: [    0.292177] pci 0000:00:02.0: Video device with shadowed ROM at [mem 0x000c0000-0x000dffff]
Oct 12 18:38:41 automation kernel: [    0.294373] PCI: CLS 0 bytes, default 64
Oct 12 18:38:41 automation kernel: [    0.294405] Unpacking initramfs...
Oct 12 18:38:41 automation kernel: [    1.366527] Freeing initrd memory: 61640K
Oct 12 18:38:41 automation kernel: [    1.366641] clocksource: tsc: mask: 0xffffffffffffffff max_cycles: 0x1128af0325d, max_idle_ns: 440795261011 ns
Oct 12 18:38:41 automation kernel: [    1.366686] platform rtc_cmos: registered platform RTC device (no PNP device found)
Oct 12 18:38:41 automation kernel: [    1.366705] Scanning for low memory corruption every 60 seconds
Oct 12 18:38:41 automation kernel: [    1.367825] Initialise system trusted keyrings
Oct 12 18:38:41 automation kernel: [    1.367832] Key type blacklist registered
Oct 12 18:38:41 automation kernel: [    1.367917] workingset: timestamp_bits=36 max_order=20 bucket_order=0
Oct 12 18:38:41 automation kernel: [    1.368650] zbud: loaded
Oct 12 18:38:41 automation kernel: [    1.369219] squashfs: version 4.0 (2009/01/31) Phillip Lougher
Oct 12 18:38:41 automation kernel: [    1.369353] fuse init (API version 7.26)
Oct 12 18:38:41 automation kernel: [    1.374912] Key type asymmetric registered
Oct 12 18:38:41 automation kernel: [    1.374914] Asymmetric key parser 'x509' registered
Oct 12 18:38:41 automation kernel: [    1.374961] Block layer SCSI generic (bsg) driver version 0.4 loaded (major 246)
Oct 12 18:38:41 automation kernel: [    1.375031] io scheduler noop registered
Oct 12 18:38:41 automation kernel: [    1.375032] io scheduler deadline registered
Oct 12 18:38:41 automation kernel: [    1.375056] io scheduler cfq registered (default)
Oct 12 18:38:41 automation kernel: [    1.375202] intel_idle: does not run on family 6 model 126
Oct 12 18:38:41 automation kernel: [    1.375321] ACPI: AC Adapter [AC] (on-line)
Oct 12 18:38:41 automation kernel: [    1.375405] input: Power Button as /devices/LNXSYSTM:00/LNXPWRBN:00/input/input0
Oct 12 18:38:41 automation kernel: [    1.375427] ACPI: Power Button [PWRF]
Oct 12 18:38:41 automation kernel: [    1.375476] input: Sleep Button as /devices/LNXSYSTM:00/LNXSLPBN:00/input/input1
Oct 12 18:38:41 automation kernel: [    1.375482] ACPI: Sleep Button [SLPF]
Oct 12 18:38:41 automation kernel: [    1.376327] ACPI: Battery Slot [BAT0] (battery present)
Oct 12 18:38:41 automation kernel: [    1.376374] Serial: 8250/16550 driver, 32 ports, IRQ sharing enabled
Oct 12 18:38:41 automation kernel: [    1.378250] Linux agpgart interface v0.103
Oct 12 18:38:41 automation kernel: [    1.379410] loop: module loaded
Oct 12 18:38:41 automation kernel: [    1.379505] ata_piix 0000:00:01.1: version 2.13
Oct 12 18:38:41 automation kernel: [    1.379885] scsi host0: ata_piix
Oct 12 18:38:41 automation kernel: [    1.379974] scsi host1: ata_piix
Oct 12 18:38:41 automation kernel: [    1.379993] ata1: PATA max UDMA/33 cmd 0x1f0 ctl 0x3f6 bmdma 0xd000 irq 14
Oct 12 18:38:41 automation kernel: [    1.379994] ata2: PATA max UDMA/33 cmd 0x170 ctl 0x376 bmdma 0xd008 irq 15
Oct 12 18:38:41 automation kernel: [    1.380111] tun: Universal TUN/TAP device driver, 1.6
Oct 12 18:38:41 automation kernel: [    1.380436] PPP generic driver version 2.4.2
Oct 12 18:38:41 automation kernel: [    1.380488] ehci_hcd: USB 2.0 'Enhanced' Host Controller (EHCI) Driver
Oct 12 18:38:41 automation kernel: [    1.380492] ehci-pci: EHCI PCI platform driver
Oct 12 18:38:41 automation kernel: [    1.381043] ehci-pci 0000:00:0b.0: EHCI Host Controller
Oct 12 18:38:41 automation kernel: [    1.381048] ehci-pci 0000:00:0b.0: new USB bus registered, assigned bus number 1
Oct 12 18:38:41 automation kernel: [    1.381215] ehci-pci 0000:00:0b.0: irq 19, io mem 0xf0805000
Oct 12 18:38:41 automation kernel: [    1.400120] ehci-pci 0000:00:0b.0: USB 2.0 started, EHCI 1.00
Oct 12 18:38:41 automation kernel: [    1.400188] usb usb1: New USB device found, idVendor=1d6b, idProduct=0002
Oct 12 18:38:41 automation kernel: [    1.400189] usb usb1: New USB device strings: Mfr=3, Product=2, SerialNumber=1
Oct 12 18:38:41 automation kernel: [    1.400190] usb usb1: Product: EHCI Host Controller
Oct 12 18:38:41 automation kernel: [    1.400191] usb usb1: Manufacturer: Linux 4.15.0-213-generic ehci_hcd
Oct 12 18:38:41 automation kernel: [    1.400192] usb usb1: SerialNumber: 0000:00:0b.0
Oct 12 18:38:41 automation kernel: [    1.400332] hub 1-0:1.0: USB hub found
Oct 12 18:38:41 automation kernel: [    1.400338] hub 1-0:1.0: 12 ports detected
Oct 12 18:38:41 automation kernel: [    1.400632] ehci-platform: EHCI generic platform driver
Oct 12 18:38:41 automation kernel: [    1.400671] ohci_hcd: USB 1.1 'Open' Host Controller (OHCI) Driver
Oct 12 18:38:41 automation kernel: [    1.400686] ohci-pci: OHCI PCI platform driver
Oct 12 18:38:41 automation kernel: [    1.401630] ohci-pci 0000:00:06.0: OHCI PCI host controller
Oct 12 18:38:41 automation kernel: [    1.401641] ohci-pci 0000:00:06.0: new USB bus registered, assigned bus number 2
Oct 12 18:38:41 automation kernel: [    1.401749] ohci-pci 0000:00:06.0: irq 22, io mem 0xf0804000
Oct 12 18:38:41 automation kernel: [    1.474168] usb usb2: New USB device found, idVendor=1d6b, idProduct=0001
Oct 12 18:38:41 automation kernel: [    1.474169] usb usb2: New USB device strings: Mfr=3, Product=2, SerialNumber=1
Oct 12 18:38:41 automation kernel: [    1.474170] usb usb2: Product: OHCI PCI host controller
Oct 12 18:38:41 automation kernel: [    1.474171] usb usb2: Manufacturer: Linux 4.15.0-213-generic ohci_hcd
Oct 12 18:38:41 automation kernel: [    1.474172] usb usb2: SerialNumber: 0000:00:06.0
Oct 12 18:38:41 automation kernel: [    1.474461] hub 2-0:1.0: USB hub found
Oct 12 18:38:41 automation kernel: [    1.474472] hub 2-0:1.0: 12 ports detected
Oct 12 18:38:41 automation kernel: [    1.474803] ohci-platform: OHCI generic platform driver
Oct 12 18:38:41 automation kernel: [    1.474815] uhci_hcd: USB Universal Host Controller Interface driver
Oct 12 18:38:41 automation kernel: [    1.474860] i8042: PNP: PS/2 Controller [PNP0303:PS2K,PNP0f03:PS2M] at 0x60,0x64 irq 1,12
Oct 12 18:38:41 automation kernel: [    1.475415] serio: i8042 KBD port at 0x60,0x64 irq 1
Oct 12 18:38:41 automation kernel: [    1.475435] serio: i8042 AUX port at 0x60,0x64 irq 12
Oct 12 18:38:41 automation kernel: [    1.475708] mousedev: PS/2 mouse device common for all mice
Oct 12 18:38:41 automation kernel: [    1.476086] input: AT Translated Set 2 keyboard as /devices/platform/i8042/serio0/input/input2
Oct 12 18:38:41 automation kernel: [    1.476534] rtc_cmos rtc_cmos: rtc core: registered rtc_cmos as rtc0
Oct 12 18:38:41 automation kernel: [    1.476576] rtc_cmos rtc_cmos: alarms up to one day, 114 bytes nvram
Oct 12 18:38:41 automation kernel: [    1.476582] i2c /dev entries driver
Oct 12 18:38:41 automation kernel: [    1.476623] device-mapper: uevent: version 1.0.3
Oct 12 18:38:41 automation kernel: [    1.476691] device-mapper: ioctl: 4.37.0-ioctl (2017-09-20) initialised: dm-devel@redhat.com
Oct 12 18:38:41 automation kernel: [    1.476723] ledtrig-cpu: registered to indicate activity on CPUs
Oct 12 18:38:41 automation kernel: [    1.477164] NET: Registered protocol family 10
Oct 12 18:38:41 automation kernel: [    1.481164] Segment Routing with IPv6
Oct 12 18:38:41 automation kernel: [    1.481271] NET: Registered protocol family 17
Oct 12 18:38:41 automation kernel: [    1.481340] Key type dns_resolver registered
Oct 12 18:38:41 automation kernel: [    1.481607] mce: Using 0 MCE banks
Oct 12 18:38:41 automation kernel: [    1.481621] RAS: Correctable Errors collector initialized.
Oct 12 18:38:41 automation kernel: [    1.481643] sched_clock: Marking stable (1481544298, 0)->(1600128342, -118584044)
Oct 12 18:38:41 automation kernel: [    1.482064] registered taskstats version 1
Oct 12 18:38:41 automation kernel: [    1.482073] Loading compiled-in X.509 certificates
Oct 12 18:38:41 automation kernel: [    1.484198] Loaded X.509 cert 'Build time autogenerated kernel key: cdc7189136aaa35407544516090e2034d9c28e14'
Oct 12 18:38:41 automation kernel: [    1.484704] Loaded X.509 cert 'Canonical Ltd. Live Patch Signing: 14df34d1a87cf37625abec039ef2bf521249b969'
Oct 12 18:38:41 automation kernel: [    1.485195] Loaded X.509 cert 'Canonical Ltd. Kernel Module Signing: 88f752e560a1e0737e31163a466ad7b70a850c19'
Oct 12 18:38:41 automation kernel: [    1.485196] blacklist: Loading compiled-in revocation X.509 certificates
Oct 12 18:38:41 automation kernel: [    1.485210] Loaded X.509 cert 'Canonical Ltd. Secure Boot Signing: 61482aa2830d0ab2ad5af10b7250da9033ddcef0'
Oct 12 18:38:41 automation kernel: [    1.485222] Loaded X.509 cert 'Canonical Ltd. Secure Boot Signing (2017): 242ade75ac4a15e50d50c84b0d45ff3eae707a03'
Oct 12 18:38:41 automation kernel: [    1.485233] Loaded X.509 cert 'Canonical Ltd. Secure Boot Signing (ESM 2018): 365188c1d374d6b07c3c8f240f8ef722433d6a8b'
Oct 12 18:38:41 automation kernel: [    1.485245] Loaded X.509 cert 'Canonical Ltd. Secure Boot Signing (2019): c0746fd6c5da3ae827864651ad66ae47fe24b3e8'
Oct 12 18:38:41 automation kernel: [    1.485258] Loaded X.509 cert 'Canonical Ltd. Secure Boot Signing (2021 v1): a8d54bbb3825cfb94fa13c9f8a594a195c107b8d'
Oct 12 18:38:41 automation kernel: [    1.485270] Loaded X.509 cert 'Canonical Ltd. Secure Boot Signing (2021 v2): 4cf046892d6fd3c9a5b03f98d845f90851dc6a8c'
Oct 12 18:38:41 automation kernel: [    1.485281] Loaded X.509 cert 'Canonical Ltd. Secure Boot Signing (2021 v3): 100437bb6de6e469b581e61cd66bce3ef4ed53af'
Oct 12 18:38:41 automation kernel: [    1.485295] Loaded X.509 cert 'Canonical Ltd. Secure Boot Signing (Ubuntu Core 2019): c1d57b8f6b743f23ee41f4f7ee292f06eecadfb9'
Oct 12 18:38:41 automation kernel: [    1.485316] zswap: loaded using pool lzo/zbud
Oct 12 18:38:41 automation kernel: [    1.488083] Key type big_key registered
Oct 12 18:38:41 automation kernel: [    1.488087] Key type trusted registered
Oct 12 18:38:41 automation kernel: [    1.489443] Key type encrypted registered
Oct 12 18:38:41 automation kernel: [    1.489446] AppArmor: AppArmor sha1 policy hashing enabled
Oct 12 18:38:41 automation kernel: [    1.489454] ima: No TPM chip found, activating TPM-bypass! (rc=-19)
Oct 12 18:38:41 automation kernel: [    1.489458] ima: Allocated hash algorithm: sha1
Oct 12 18:38:41 automation kernel: [    1.489471] evm: HMAC attrs: 0x1
Oct 12 18:38:41 automation kernel: [    1.489679]   Magic number: 12:417:645
Oct 12 18:38:41 automation kernel: [    1.489762] rtc_cmos rtc_cmos: setting system clock to 2024-10-12 18:38:14 UTC (1728758294)","2026-09-26T18:38:41.000+0000",,,,0,,,,,18,26,38,september,41,saturday,2026,local,,,,,,automation,,0002,1d6b,,"weather_index_report",,,,,,,129,,,20,,,,,"__::__:_[____.]_:____-__::__:_[____.]_:___..__::__",,,,"weather-data (1)","weather_data",automation,,,,,16,36,7,,,,,,
"/vmlinuz-4.15.0-213-generic",,,,"Oct 12 18:38:41 automation kernel: [    0.000000] Command line: BOOT_IMAGE=/vmlinuz-4.15.0-213-generic root=/dev/mapper/ubuntu--vg-ubuntu--lv ro auto=true preseed/file=/cdrom/preseed.cfg priority=critical quiet splash noprompt noshell automatic-ubiquity debian-installer/locale=en_US keyboard-configuration/layoutcode=us languagechooser/language-name=English localechooser/supported-locales=en_US.UTF-8 countrychooser/shortlist=US --
Oct 12 18:38:41 automation kernel: [    0.000000] KERNEL supported cpus:
Oct 12 18:38:41 automation kernel: [    0.000000]   Intel GenuineIntel
Oct 12 18:38:41 automation kernel: [    0.000000]   AMD AuthenticAMD
Oct 12 18:38:41 automation kernel: [    0.000000]   Centaur CentaurHauls
Oct 12 18:38:41 automation kernel: [    0.000000] x86/fpu: Supporting XSAVE feature 0x001: 'x87 floating point registers'
Oct 12 18:38:41 automation kernel: [    0.000000] x86/fpu: Supporting XSAVE feature 0x002: 'SSE registers'
Oct 12 18:38:41 automation kernel: [    0.000000] x86/fpu: Supporting XSAVE feature 0x004: 'AVX registers'
Oct 12 18:38:41 automation kernel: [    0.000000] x86/fpu: xstate_offset[2]:  576, xstate_sizes[2]:  256
Oct 12 18:38:41 automation kernel: [    0.000000] x86/fpu: Enabled xstate features 0x7, context size is 832 bytes, using 'standard' format.
Oct 12 18:38:41 automation kernel: [    0.000000] e820: BIOS-provided physical RAM map:
Oct 12 18:38:41 automation kernel: [    0.000000] BIOS-e820: [mem 0x0000000000000000-0x000000000009fbff] usable
Oct 12 18:38:41 automation kernel: [    0.000000] BIOS-e820: [mem 0x000000000009fc00-0x000000000009ffff] reserved
Oct 12 18:38:41 automation kernel: [    0.000000] BIOS-e820: [mem 0x00000000000f0000-0x00000000000fffff] reserved
Oct 12 18:38:41 automation kernel: [    0.000000] BIOS-e820: [mem 0x0000000000100000-0x00000000db5effff] usable
Oct 12 18:38:41 automation kernel: [    0.000000] BIOS-e820: [mem 0x00000000db5f0000-0x00000000db5fffff] ACPI data
Oct 12 18:38:41 automation kernel: [    0.000000] BIOS-e820: [mem 0x00000000fec00000-0x00000000fec00fff] reserved
Oct 12 18:38:41 automation kernel: [    0.000000] BIOS-e820: [mem 0x00000000fee00000-0x00000000fee00fff] reserved
Oct 12 18:38:41 automation kernel: [    0.000000] BIOS-e820: [mem 0x00000000fffc0000-0x00000000ffffffff] reserved
Oct 12 18:38:41 automation kernel: [    0.000000] NX (Execute Disable) protection: active
Oct 12 18:38:41 automation kernel: [    0.000000] SMBIOS 2.5 present.
Oct 12 18:38:41 automation kernel: [    0.000000] DMI: innotek GmbH VirtualBox/VirtualBox, BIOS VirtualBox 12/01/2006
Oct 12 18:38:41 automation kernel: [    0.000000] Hypervisor detected: KVM
Oct 12 18:38:41 automation kernel: [    0.000000] e820: update [mem 0x00000000-0x00000fff] usable ==> reserved
Oct 12 18:38:41 automation kernel: [    0.000000] e820: remove [mem 0x000a0000-0x000fffff] usable
Oct 12 18:38:41 automation kernel: [    0.000000] e820: last_pfn = 0xdb5f0 max_arch_pfn = 0x400000000
Oct 12 18:38:41 automation kernel: [    0.000000] MTRR default type: uncachable
Oct 12 18:38:41 automation kernel: [    0.000000] MTRR variable ranges disabled:
Oct 12 18:38:41 automation kernel: [    0.000000] MTRR: Disabled
Oct 12 18:38:41 automation kernel: [    0.000000] x86/PAT: MTRRs disabled, skipping PAT initialization too.
Oct 12 18:38:41 automation kernel: [    0.000000] CPU MTRRs all blank - virtualized system.
Oct 12 18:38:41 automation kernel: [    0.000000] x86/PAT: Configuration [0-7]: WB  WT  UC- UC  WB  WT  UC- UC  
Oct 12 18:38:41 automation kernel: [    0.000000] found SMP MP-table at [mem 0x0009fff0-0x0009ffff]
Oct 12 18:38:41 automation kernel: [    0.000000] Scanning 1 areas for low memory corruption
Oct 12 18:38:41 automation kernel: [    0.000000] RAMDISK: [mem 0x3078b000-0x343bcfff]
Oct 12 18:38:41 automation kernel: [    0.000000] ACPI: Early table checksum verification disabled
Oct 12 18:38:41 automation kernel: [    0.000000] ACPI: RSDP 0x00000000000E0000 000024 (v02 VBOX  )
Oct 12 18:38:41 automation kernel: [    0.000000] ACPI: XSDT 0x00000000DB5F0030 00003C (v01 VBOX   VBOXXSDT 00000001 ASL  00000061)
Oct 12 18:38:41 automation kernel: [    0.000000] ACPI: FACP 0x00000000DB5F00F0 0000F4 (v04 VBOX   VBOXFACP 00000001 ASL  00000061)
Oct 12 18:38:41 automation kernel: [    0.000000] ACPI: DSDT 0x00000000DB5F0610 002353 (v02 VBOX   VBOXBIOS 00000002 INTL 20100528)
Oct 12 18:38:41 automation kernel: [    0.000000] ACPI: FACS 0x00000000DB5F0200 000040
Oct 12 18:38:41 automation kernel: [    0.000000] ACPI: FACS 0x00000000DB5F0200 000040
Oct 12 18:38:41 automation kernel: [    0.000000] ACPI: APIC 0x00000000DB5F0240 00005C (v02 VBOX   VBOXAPIC 00000001 ASL  00000061)
Oct 12 18:38:41 automation kernel: [    0.000000] ACPI: SSDT 0x00000000DB5F02A0 00036C (v01 VBOX   VBOXCPUT 00000002 INTL 20100528)
Oct 12 18:38:41 automation kernel: [    0.000000] ACPI: Reserving FACP table memory at [mem 0xdb5f00f0-0xdb5f01e3]
Oct 12 18:38:41 automation kernel: [    0.000000] ACPI: Reserving DSDT table memory at [mem 0xdb5f0610-0xdb5f2962]
Oct 12 18:38:41 automation kernel: [    0.000000] ACPI: Reserving FACS table memory at [mem 0xdb5f0200-0xdb5f023f]
Oct 12 18:38:41 automation kernel: [    0.000000] ACPI: Reserving FACS table memory at [mem 0xdb5f0200-0xdb5f023f]
Oct 12 18:38:41 automation kernel: [    0.000000] ACPI: Reserving APIC table memory at [mem 0xdb5f0240-0xdb5f029b]
Oct 12 18:38:41 automation kernel: [    0.000000] ACPI: Reserving SSDT table memory at [mem 0xdb5f02a0-0xdb5f060b]
Oct 12 18:38:41 automation kernel: [    0.000000] ACPI: Local APIC address 0xfee00000
Oct 12 18:38:41 automation kernel: [    0.000000] No NUMA configuration found
Oct 12 18:38:41 automation kernel: [    0.000000] Faking a node at [mem 0x0000000000000000-0x00000000db5effff]
Oct 12 18:38:41 automation kernel: [    0.000000] NODE_DATA(0) allocated [mem 0xdb5c5000-0xdb5effff]
Oct 12 18:38:41 automation kernel: [    0.000000] kvm-clock: cpu 0, msr 0:db544001, primary cpu clock
Oct 12 18:38:41 automation kernel: [    0.000000] kvm-clock: Using msrs 4b564d01 and 4b564d00
Oct 12 18:38:41 automation kernel: [    0.000000] kvm-clock: using sched offset of 5257371864 cycles
Oct 12 18:38:41 automation kernel: [    0.000000] clocksource: kvm-clock: mask: 0xffffffffffffffff max_cycles: 0x1cd42e4dffb, max_idle_ns: 881590591483 ns
Oct 12 18:38:41 automation kernel: [    0.000000] Zone ranges:
Oct 12 18:38:41 automation kernel: [    0.000000]   DMA      [mem 0x0000000000001000-0x0000000000ffffff]
Oct 12 18:38:41 automation kernel: [    0.000000]   DMA32    [mem 0x0000000001000000-0x00000000db5effff]
Oct 12 18:38:41 automation kernel: [    0.000000]   Normal   empty
Oct 12 18:38:41 automation kernel: [    0.000000]   Device   empty
Oct 12 18:38:41 automation kernel: [    0.000000] Movable zone start for each node
Oct 12 18:38:41 automation kernel: [    0.000000] Early memory node ranges
Oct 12 18:38:41 automation kernel: [    0.000000]   node   0: [mem 0x0000000000001000-0x000000000009efff]
Oct 12 18:38:41 automation kernel: [    0.000000]   node   0: [mem 0x0000000000100000-0x00000000db5effff]
Oct 12 18:38:41 automation kernel: [    0.000000] Reserved but unavailable: 104 pages
Oct 12 18:38:41 automation kernel: [    0.000000] Initmem setup node 0 [mem 0x0000000000001000-0x00000000db5effff]
Oct 12 18:38:41 automation kernel: [    0.000000] On node 0 totalpages: 898446
Oct 12 18:38:41 automation kernel: [    0.000000]   DMA zone: 64 pages used for memmap
Oct 12 18:38:41 automation kernel: [    0.000000]   DMA zone: 21 pages reserved
Oct 12 18:38:41 automation kernel: [    0.000000]   DMA zone: 3998 pages, LIFO batch:0
Oct 12 18:38:41 automation kernel: [    0.000000]   DMA32 zone: 13976 pages used for memmap
Oct 12 18:38:41 automation kernel: [    0.000000]   DMA32 zone: 894448 pages, LIFO batch:31
Oct 12 18:38:41 automation kernel: [    0.000000] ACPI: PM-Timer IO Port: 0x4008
Oct 12 18:38:41 automation kernel: [    0.000000] ACPI: Local APIC address 0xfee00000
Oct 12 18:38:41 automation kernel: [    0.000000] IOAPIC[0]: apic_id 2, version 32, address 0xfec00000, GSI 0-23
Oct 12 18:38:41 automation kernel: [    0.000000] ACPI: INT_SRC_OVR (bus 0 bus_irq 0 global_irq 2 dfl dfl)
Oct 12 18:38:41 automation kernel: [    0.000000] ACPI: INT_SRC_OVR (bus 0 bus_irq 9 global_irq 9 low level)
Oct 12 18:38:41 automation kernel: [    0.000000] ACPI: IRQ0 used by override.
Oct 12 18:38:41 automation kernel: [    0.000000] ACPI: IRQ9 used by override.
Oct 12 18:38:41 automation kernel: [    0.000000] Using ACPI (MADT) for SMP configuration information
Oct 12 18:38:41 automation kernel: [    0.000000] smpboot: Allowing 2 CPUs, 0 hotplug CPUs
Oct 12 18:38:41 automation kernel: [    0.000000] PM: Registered nosave memory: [mem 0x00000000-0x00000fff]
Oct 12 18:38:41 automation kernel: [    0.000000] PM: Registered nosave memory: [mem 0x0009f000-0x0009ffff]
Oct 12 18:38:41 automation kernel: [    0.000000] PM: Registered nosave memory: [mem 0x000a0000-0x000effff]
Oct 12 18:38:41 automation kernel: [    0.000000] PM: Registered nosave memory: [mem 0x000f0000-0x000fffff]
Oct 12 18:38:41 automation kernel: [    0.000000] e820: [mem 0xdb600000-0xfebfffff] available for PCI devices
Oct 12 18:38:41 automation kernel: [    0.000000] Booting paravirtualized kernel on KVM
Oct 12 18:38:41 automation kernel: [    0.000000] clocksource: refined-jiffies: mask: 0xffffffff max_cycles: 0xffffffff, max_idle_ns: 7645519600211568 ns
Oct 12 18:38:41 automation kernel: [    0.000000] setup_percpu: NR_CPUS:8192 nr_cpumask_bits:2 nr_cpu_ids:2 nr_node_ids:1
Oct 12 18:38:41 automation kernel: [    0.000000] percpu: Embedded 50 pages/cpu s167936 r8192 d28672 u1048576
Oct 12 18:38:41 automation kernel: [    0.000000] pcpu-alloc: s167936 r8192 d28672 u1048576 alloc=1*2097152
Oct 12 18:38:41 automation kernel: [    0.000000] pcpu-alloc: [0] 0 1 
Oct 12 18:38:41 automation kernel: [    0.000000] PV qspinlock hash table entries: 256 (order: 0, 4096 bytes)
Oct 12 18:38:41 automation kernel: [    0.000000] Built 1 zonelists, mobility grouping on.  Total pages: 884385
Oct 12 18:38:41 automation kernel: [    0.000000] Policy zone: DMA32
Oct 12 18:38:41 automation kernel: [    0.000000] Kernel command line: BOOT_IMAGE=/vmlinuz-4.15.0-213-generic root=/dev/mapper/ubuntu--vg-ubuntu--lv ro auto=true preseed/file=/cdrom/preseed.cfg priority=critical quiet splash noprompt noshell automatic-ubiquity debian-installer/locale=en_US keyboard-configuration/layoutcode=us languagechooser/language-name=English localechooser/supported-locales=en_US.UTF-8 countrychooser/shortlist=US --
Oct 12 18:38:41 automation kernel: [    0.000000] Calgary: detecting Calgary via BIOS EBDA area
Oct 12 18:38:41 automation kernel: [    0.000000] Calgary: Unable to locate Rio Grande table in EBDA - bailing!
Oct 12 18:38:41 automation kernel: [    0.000000] Memory: 3445236K/3593784K available (12300K kernel code, 2477K rwdata, 4324K rodata, 2480K init, 2720K bss, 148548K reserved, 0K cma-reserved)
Oct 12 18:38:41 automation kernel: [    0.000000] SLUB: HWalign=64, Order=0-3, MinObjects=0, CPUs=2, Nodes=1
Oct 12 18:38:41 automation kernel: [    0.000000] ftrace: allocating 39508 entries in 155 pages
Oct 12 18:38:41 automation kernel: [    0.004000] Hierarchical RCU implementation.
Oct 12 18:38:41 automation kernel: [    0.004000] 	RCU restricting CPUs from NR_CPUS=8192 to nr_cpu_ids=2.
Oct 12 18:38:41 automation kernel: [    0.004000] 	Tasks RCU enabled.
Oct 12 18:38:41 automation kernel: [    0.004000] RCU: Adjusting geometry for rcu_fanout_leaf=16, nr_cpu_ids=2
Oct 12 18:38:41 automation kernel: [    0.004000] NR_IRQS: 524544, nr_irqs: 440, preallocated irqs: 16
Oct 12 18:38:41 automation kernel: [    0.004000] random: crng init done
Oct 12 18:38:41 automation kernel: [    0.004000] Console: colour VGA+ 80x25
Oct 12 18:38:41 automation kernel: [    0.004000] console [tty0] enabled
Oct 12 18:38:41 automation kernel: [    0.004000] ACPI: Core revision 20170831
Oct 12 18:38:41 automation kernel: [    0.004000] ACPI: 2 ACPI AML tables successfully acquired and loaded
Oct 12 18:38:41 automation kernel: [    0.004000] APIC: Switch to symmetric I/O mode setup
Oct 12 18:38:41 automation kernel: [    0.004000] x2apic enabled
Oct 12 18:38:41 automation kernel: [    0.004000] Switched APIC routing to physical x2apic.
Oct 12 18:38:41 automation kernel: [    0.004000] ..TIMER: vector=0x30 apic1=0 pin1=2 apic2=-1 pin2=-1
Oct 12 18:38:41 automation kernel: [    0.004000] tsc: Detected 1190.400 MHz processor
Oct 12 18:38:41 automation kernel: [    0.004000] Calibrating delay loop (skipped) preset value.. 2380.80 BogoMIPS (lpj=4761600)
Oct 12 18:38:41 automation kernel: [    0.004000] pid_max: default: 32768 minimum: 301
Oct 12 18:38:41 automation kernel: [    0.004000] Security Framework initialized
Oct 12 18:38:41 automation kernel: [    0.004000] Yama: becoming mindful.
Oct 12 18:38:41 automation kernel: [    0.004000] AppArmor: AppArmor initialized
Oct 12 18:38:41 automation kernel: [    0.004311] Dentry cache hash table entries: 524288 (order: 10, 4194304 bytes)
Oct 12 18:38:41 automation kernel: [    0.008133] Inode-cache hash table entries: 262144 (order: 9, 2097152 bytes)
Oct 12 18:38:41 automation kernel: [    0.008154] Mount-cache hash table entries: 8192 (order: 4, 65536 bytes)
Oct 12 18:38:41 automation kernel: [    0.008161] Mountpoint-cache hash table entries: 8192 (order: 4, 65536 bytes)
Oct 12 18:38:41 automation kernel: [    0.008400] Last level iTLB entries: 4KB 0, 2MB 0, 4MB 0
Oct 12 18:38:41 automation kernel: [    0.008401] Last level dTLB entries: 4KB 0, 2MB 0, 4MB 0, 1GB 0
Oct 12 18:38:41 automation kernel: [    0.008404] Spectre V1 : Mitigation: usercopy/swapgs barriers and __user pointer sanitization
Oct 12 18:38:41 automation kernel: [    0.008406] Spectre V2 : Mitigation: Retpolines
Oct 12 18:38:41 automation kernel: [    0.008406] Spectre V2 : Spectre v2 / SpectreRSB mitigation: Filling RSB on context switch
Oct 12 18:38:41 automation kernel: [    0.008407] Spectre V2 : Spectre v2 / SpectreRSB : Filling RSB on VMEXIT
Oct 12 18:38:41 automation kernel: [    0.008407] RETBleed: WARNING: Spectre v2 mitigation leaves CPU vulnerable to RETBleed attacks, data leaks possible!
Oct 12 18:38:41 automation kernel: [    0.008699] RETBleed: Vulnerable
Oct 12 18:38:41 automation kernel: [    0.008700] Speculative Store Bypass: Vulnerable
Oct 12 18:38:41 automation kernel: [    0.008766] MMIO Stale Data: Vulnerable: Clear CPU buffers attempted, no microcode
Oct 12 18:38:41 automation kernel: [    0.008769] SRBDS: Unknown: Dependent on hypervisor status
Oct 12 18:38:41 automation kernel: [    0.008934] Freeing SMP alternatives memory: 36K
Oct 12 18:38:41 automation kernel: [    0.120751] smpboot: CPU0: Intel(R) Core(TM) i5-1035G1 CPU @ 1.00GHz (family: 0x6, model: 0x7e, stepping: 0x5)
Oct 12 18:38:41 automation kernel: [    0.120840] Performance Events: unsupported p6 CPU model 126 no PMU driver, software events only.
Oct 12 18:38:41 automation kernel: [    0.120877] Hierarchical SRCU implementation.
Oct 12 18:38:41 automation kernel: [    0.121367] NMI watchdog: Perf event create on CPU 0 failed with -2
Oct 12 18:38:41 automation kernel: [    0.121368] NMI watchdog: Perf NMI watchdog permanently disabled
Oct 12 18:38:41 automation kernel: [    0.121410] smp: Bringing up secondary CPUs ...
Oct 12 18:38:41 automation kernel: [    0.124072] x86: Booting SMP configuration:
Oct 12 18:38:41 automation kernel: [    0.124073] .... node  #0, CPUs:      #1
Oct 12 18:38:41 automation kernel: [    0.004000] kvm-clock: cpu 1, msr 0:db544041, secondary cpu clock
Oct 12 18:38:41 automation kernel: [    0.126438] smp: Brought up 1 node, 2 CPUs
Oct 12 18:38:41 automation kernel: [    0.126438] smpboot: Max logical packages: 1
Oct 12 18:38:41 automation kernel: [    0.126438] smpboot: Total of 2 processors activated (4761.60 BogoMIPS)
Oct 12 18:38:41 automation kernel: [    0.126438] devtmpfs: initialized
Oct 12 18:38:41 automation kernel: [    0.126438] x86/mm: Memory block size: 128MB
Oct 12 18:38:41 automation kernel: [    0.126438] evm: security.selinux
Oct 12 18:38:41 automation kernel: [    0.126438] evm: security.SMACK64
Oct 12 18:38:41 automation kernel: [    0.126438] evm: security.SMACK64EXEC
Oct 12 18:38:41 automation kernel: [    0.126438] evm: security.SMACK64TRANSMUTE
Oct 12 18:38:41 automation kernel: [    0.126438] evm: security.SMACK64MMAP
Oct 12 18:38:41 automation kernel: [    0.126438] evm: security.apparmor
Oct 12 18:38:41 automation kernel: [    0.126438] evm: security.ima
Oct 12 18:38:41 automation kernel: [    0.126438] evm: security.capability
Oct 12 18:38:41 automation kernel: [    0.128015] clocksource: jiffies: mask: 0xffffffff max_cycles: 0xffffffff, max_idle_ns: 7645041785100000 ns
Oct 12 18:38:41 automation kernel: [    0.128020] futex hash table entries: 512 (order: 3, 32768 bytes)
Oct 12 18:38:41 automation kernel: [    0.128056] pinctrl core: initialized pinctrl subsystem
Oct 12 18:38:41 automation kernel: [    0.128140] RTC time: 18:38:13, date: 10/12/24
Oct 12 18:38:41 automation kernel: [    0.128244] NET: Registered protocol family 16
Oct 12 18:38:41 automation kernel: [    0.128330] audit: initializing netlink subsys (disabled)
Oct 12 18:38:41 automation kernel: [    0.128364] audit: type=2000 audit(1728758299.940:1): state=initialized audit_enabled=0 res=1
Oct 12 18:38:41 automation kernel: [    0.128364] cpuidle: using governor ladder
Oct 12 18:38:41 automation kernel: [    0.128364] cpuidle: using governor menu
Oct 12 18:38:41 automation kernel: [    0.128364] ACPI: bus type PCI registered
Oct 12 18:38:41 automation kernel: [    0.128364] acpiphp: ACPI Hot Plug PCI Controller Driver version: 0.5
Oct 12 18:38:41 automation kernel: [    0.128364] PCI: Using configuration type 1 for base access
Oct 12 18:38:41 automation kernel: [    0.128859] HugeTLB registered 2.00 MiB page size, pre-allocated 0 pages
Oct 12 18:38:41 automation kernel: [    0.128859] ACPI: Added _OSI(Module Device)
Oct 12 18:38:41 automation kernel: [    0.128859] ACPI: Added _OSI(Processor Device)
Oct 12 18:38:41 automation kernel: [    0.128859] ACPI: Added _OSI(3.0 _SCP Extensions)
Oct 12 18:38:41 automation kernel: [    0.128859] ACPI: Added _OSI(Processor Aggregator Device)
Oct 12 18:38:41 automation kernel: [    0.128859] ACPI: Added _OSI(Linux-Dell-Video)
Oct 12 18:38:41 automation kernel: [    0.128859] ACPI: Added _OSI(Linux-Lenovo-NV-HDMI-Audio)
Oct 12 18:38:41 automation kernel: [    0.128859] ACPI: Added _OSI(Linux-HPI-Hybrid-Graphics)
Oct 12 18:38:41 automation kernel: [    0.128859] ACPI: Executed 1 blocks of module-level executable AML code
Oct 12 18:38:41 automation kernel: [    0.132738] ACPI: Interpreter enabled
Oct 12 18:38:41 automation kernel: [    0.132746] ACPI: (supports S0 S5)
Oct 12 18:38:41 automation kernel: [    0.132747] ACPI: Using IOAPIC for interrupt routing
Oct 12 18:38:41 automation kernel: [    0.132983] PCI: Using host bridge windows from ACPI; if necessary, use ""pci=nocrs"" and report a bug
Oct 12 18:38:41 automation kernel: [    0.133105] ACPI: Enabled 2 GPEs in block 00 to 07
Oct 12 18:38:41 automation kernel: [    0.138370] ACPI: PCI Root Bridge [PCI0] (domain 0000 [bus 00-ff])
Oct 12 18:38:41 automation kernel: [    0.138374] acpi PNP0A03:00: _OSC: OS supports [ASPM ClockPM Segments MSI]
Oct 12 18:38:41 automation kernel: [    0.138824] acpi PNP0A03:00: _OSC: not requesting OS control; OS requires [ExtendedConfig ASPM ClockPM MSI]
Oct 12 18:38:41 automation kernel: [    0.138831] acpi PNP0A03:00: fail to add MMCONFIG information, can't access extended PCI configuration space under this bridge.
Oct 12 18:38:41 automation kernel: [    0.139122] PCI host bridge to bus 0000:00
Oct 12 18:38:41 automation kernel: [    0.139124] pci_bus 0000:00: root bus resource [io  0x0000-0x0cf7 window]
Oct 12 18:38:41 automation kernel: [    0.139125] pci_bus 0000:00: root bus resource [io  0x0d00-0xffff window]
Oct 12 18:38:41 automation kernel: [    0.139126] pci_bus 0000:00: root bus resource [mem 0x000a0000-0x000bffff window]
Oct 12 18:38:41 automation kernel: [    0.139127] pci_bus 0000:00: root bus resource [mem 0xdb600000-0xfdffffff window]
Oct 12 18:38:41 automation kernel: [    0.139128] pci_bus 0000:00: root bus resource [bus 00-ff]
Oct 12 18:38:41 automation kernel: [    0.139158] pci 0000:00:00.0: [8086:1237] type 00 class 0x060000
Oct 12 18:38:41 automation kernel: [    0.139611] pci 0000:00:01.0: [8086:7000] type 00 class 0x060100
Oct 12 18:38:41 automation kernel: [    0.140846] pci 0000:00:01.1: [8086:7111] type 00 class 0x01018a
Oct 12 18:38:41 automation kernel: [    0.141502] pci 0000:00:01.1: reg 0x20: [io  0xd000-0xd00f]
Oct 12 18:38:41 automation kernel: [    0.141746] pci 0000:00:01.1: legacy IDE quirk: reg 0x10: [io  0x01f0-0x01f7]
Oct 12 18:38:41 automation kernel: [    0.141747] pci 0000:00:01.1: legacy IDE quirk: reg 0x14: [io  0x03f6]
Oct 12 18:38:41 automation kernel: [    0.141748] pci 0000:00:01.1: legacy IDE quirk: reg 0x18: [io  0x0170-0x0177]
Oct 12 18:38:41 automation kernel: [    0.141749] pci 0000:00:01.1: legacy IDE quirk: reg 0x1c: [io  0x0376]
Oct 12 18:38:41 automation kernel: [    0.142052] pci 0000:00:02.0: [15ad:0405] type 00 class 0x030000
Oct 12 18:38:41 automation kernel: [    0.144245] pci 0000:00:02.0: reg 0x10: [io  0xd010-0xd01f]
Oct 12 18:38:41 automation kernel: [    0.146214] pci 0000:00:02.0: reg 0x14: [mem 0xe0000000-0xe0ffffff pref]
Oct 12 18:38:41 automation kernel: [    0.148321] pci 0000:00:02.0: reg 0x18: [mem 0xf0000000-0xf01fffff]
Oct 12 18:38:41 automation kernel: [    0.158330] pci 0000:00:03.0: [8086:100e] type 00 class 0x020000
Oct 12 18:38:41 automation kernel: [    0.160104] pci 0000:00:03.0: reg 0x10: [mem 0xf0200000-0xf021ffff]
Oct 12 18:38:41 automation kernel: [    0.164107] pci 0000:00:03.0: reg 0x18: [io  0xd020-0xd027]
Oct 12 18:38:41 automation kernel: [    0.177395] pci 0000:00:04.0: [80ee:cafe] type 00 class 0x088000
Oct 12 18:38:41 automation kernel: [    0.179767] pci 0000:00:04.0: reg 0x10: [io  0xd040-0xd05f]
Oct 12 18:38:41 automation kernel: [    0.180087] pci 0000:00:04.0: reg 0x14: [mem 0xf0400000-0xf07fffff]
Oct 12 18:38:41 automation kernel: [    0.184097] pci 0000:00:04.0: reg 0x18: [mem 0xf0800000-0xf0803fff pref]
Oct 12 18:38:41 automation kernel: [    0.192401] pci 0000:00:05.0: [8086:2415] type 00 class 0x040100
Oct 12 18:38:41 automation kernel: [    0.192497] pci 0000:00:05.0: reg 0x10: [io  0xd100-0xd1ff]
Oct 12 18:38:41 automation kernel: [    0.192544] pci 0000:00:05.0: reg 0x14: [io  0xd200-0xd23f]
Oct 12 18:38:41 automation kernel: [    0.193008] pci 0000:00:06.0: [106b:003f] type 00 class 0x0c0310
Oct 12 18:38:41 automation kernel: [    0.196029] pci 0000:00:06.0: reg 0x10: [mem 0xf0804000-0xf0804fff]
Oct 12 18:38:41 automation kernel: [    0.212451] pci 0000:00:07.0: [8086:7113] type 00 class 0x068000
Oct 12 18:38:41 automation kernel: [    0.213078] pci 0000:00:07.0: quirk: [io  0x4000-0x403f] claimed by PIIX4 ACPI
Oct 12 18:38:41 automation kernel: [    0.213086] pci 0000:00:07.0: quirk: [io  0x4100-0x410f] claimed by PIIX4 SMB
Oct 12 18:38:41 automation kernel: [    0.213387] pci 0000:00:0b.0: [8086:265c] type 00 class 0x0c0320
Oct 12 18:38:41 automation kernel: [    0.216264] pci 0000:00:0b.0: reg 0x10: [mem 0xf0805000-0xf0805fff]
Oct 12 18:38:41 automation kernel: [    0.236272] pci 0000:00:0d.0: [8086:2829] type 00 class 0x010601
Oct 12 18:38:41 automation kernel: [    0.238841] pci 0000:00:0d.0: reg 0x10: [io  0xd240-0xd247]
Oct 12 18:38:41 automation kernel: [    0.240086] pci 0000:00:0d.0: reg 0x14: [io  0xd248-0xd24b]
Oct 12 18:38:41 automation kernel: [    0.241987] pci 0000:00:0d.0: reg 0x18: [io  0xd250-0xd257]
Oct 12 18:38:41 automation kernel: [    0.244087] pci 0000:00:0d.0: reg 0x1c: [io  0xd258-0xd25b]
Oct 12 18:38:41 automation kernel: [    0.247071] pci 0000:00:0d.0: reg 0x20: [io  0xd260-0xd26f]
Oct 12 18:38:41 automation kernel: [    0.248154] pci 0000:00:0d.0: reg 0x24: [mem 0xf0806000-0xf0807fff]
Oct 12 18:38:41 automation kernel: [    0.253609] ACPI: PCI Interrupt Link [LNKA] (IRQs 5 9 10 *11)
Oct 12 18:38:41 automation kernel: [    0.253844] ACPI: PCI Interrupt Link [LNKB] (IRQs 5 9 *10 11)
Oct 12 18:38:41 automation kernel: [    0.253927] ACPI: PCI Interrupt Link [LNKC] (IRQs 5 *9 10 11)
Oct 12 18:38:41 automation kernel: [    0.254020] ACPI: PCI Interrupt Link [LNKD] (IRQs 5 9 10 *11)
Oct 12 18:38:41 automation kernel: [    0.254429] SCSI subsystem initialized
Oct 12 18:38:41 automation kernel: [    0.254476] libata version 3.00 loaded.
Oct 12 18:38:41 automation kernel: [    0.254476] pci 0000:00:02.0: vgaarb: setting as boot VGA device
Oct 12 18:38:41 automation kernel: [    0.254476] pci 0000:00:02.0: vgaarb: VGA device added: decodes=io+mem,owns=io+mem,locks=none
Oct 12 18:38:41 automation kernel: [    0.254476] pci 0000:00:02.0: vgaarb: bridge control possible
Oct 12 18:38:41 automation kernel: [    0.254476] vgaarb: loaded
Oct 12 18:38:41 automation kernel: [    0.254476] ACPI: bus type USB registered
Oct 12 18:38:41 automation kernel: [    0.254476] usbcore: registered new interface driver usbfs
Oct 12 18:38:41 automation kernel: [    0.254476] usbcore: registered new interface driver hub
Oct 12 18:38:41 automation kernel: [    0.254476] usbcore: registered new device driver usb
Oct 12 18:38:41 automation kernel: [    0.256022] EDAC MC: Ver: 3.0.0
Oct 12 18:38:41 automation kernel: [    0.256267] PCI: Using ACPI for IRQ routing
Oct 12 18:38:41 automation kernel: [    0.256267] PCI: pci_cache_line_size set to 64 bytes
Oct 12 18:38:41 automation kernel: [    0.256267] e820: reserve RAM buffer [mem 0x0009fc00-0x0009ffff]
Oct 12 18:38:41 automation kernel: [    0.256267] e820: reserve RAM buffer [mem 0xdb5f0000-0xdbffffff]
Oct 12 18:38:41 automation kernel: [    0.256267] NetLabel: Initializing
Oct 12 18:38:41 automation kernel: [    0.256267] NetLabel:  domain hash size = 128
Oct 12 18:38:41 automation kernel: [    0.256267] NetLabel:  protocols = UNLABELED CIPSOv4 CALIPSO
Oct 12 18:38:41 automation kernel: [    0.256273] NetLabel:  unlabeled traffic allowed by default","2026-09-26T18:38:41.000+0000",,"1*2097152",true,,,,,,18,26,38,september,41,saturday,2026,local,,,,,"/cdrom/preseed.cfg",automation,,,,,"weather_index_report",,,English,0xdb5f0,us,,257,"en_US",0x400000000,,,,,critical,"__::__:_[____.]__:_=/-..--_=///-----__=_/=//._=___","/dev/mapper/ubuntu--vg-ubuntu--lv",US,,"weather-data (1)","weather_data",automation,,,"en_US.UTF-8",,16,,0,,,,,,
,,,,"Oct 12 18:38:41 automation systemd[1]: proc-sys-fs-binfmt_misc.automount: Got automount request for /proc/sys/fs/binfmt_misc, triggered by 522 (snap)
Oct 12 18:38:41 automation systemd[1]: proc-sys-fs-binfmt_misc.automount: Automount point already active?
Oct 12 18:38:41 automation systemd[1]: proc-sys-fs-binfmt_misc.automount: Got automount request for /proc/sys/fs/binfmt_misc, triggered by 522 (snap)
Oct 12 18:38:41 automation systemd[1]: proc-sys-fs-binfmt_misc.automount: Automount point already active?
Oct 12 18:38:41 automation systemd[1]: proc-sys-fs-binfmt_misc.automount: Got automount request for /proc/sys/fs/binfmt_misc, triggered by 522 (snap)
Oct 12 18:38:41 automation systemd[1]: proc-sys-fs-binfmt_misc.automount: Automount point already active?
Oct 12 18:38:41 automation systemd[1]: proc-sys-fs-binfmt_misc.automount: Got automount request for /proc/sys/fs/binfmt_misc, triggered by 522 (snap)
Oct 12 18:38:41 automation systemd[1]: proc-sys-fs-binfmt_misc.automount: Automount point already active?
Oct 12 18:38:41 automation systemd[1]: proc-sys-fs-binfmt_misc.automount: Got automount request for /proc/sys/fs/binfmt_misc, triggered by 522 (snap)
Oct 12 18:38:41 automation systemd[1]: proc-sys-fs-binfmt_misc.automount: Automount point already active?
Oct 12 18:38:41 automation systemd[1]: proc-sys-fs-binfmt_misc.automount: Got automount request for /proc/sys/fs/binfmt_misc, triggered by 522 (snap)
Oct 12 18:38:41 automation systemd[1]: proc-sys-fs-binfmt_misc.automount: Automount point already active?
Oct 12 18:38:41 automation systemd[1]: proc-sys-fs-binfmt_misc.automount: Got automount request for /proc/sys/fs/binfmt_misc, triggered by 522 (snap)
Oct 12 18:38:41 automation systemd[1]: proc-sys-fs-binfmt_misc.automount: Automount point already active?
Oct 12 18:38:41 automation systemd[1]: proc-sys-fs-binfmt_misc.automount: Got automount request for /proc/sys/fs/binfmt_misc, triggered by 522 (snap)
Oct 12 18:38:41 automation systemd[1]: proc-sys-fs-binfmt_misc.automount: Automount point already active?
Oct 12 18:38:41 automation systemd[1]: proc-sys-fs-binfmt_misc.automount: Got automount request for /proc/sys/fs/binfmt_misc, triggered by 522 (snap)
Oct 12 18:38:41 automation systemd[1]: proc-sys-fs-binfmt_misc.automount: Automount point already active?
Oct 12 18:38:41 automation systemd[1]: proc-sys-fs-binfmt_misc.automount: Got automount request for /proc/sys/fs/binfmt_misc, triggered by 522 (snap)
Oct 12 18:38:41 automation systemd[1]: proc-sys-fs-binfmt_misc.automount: Automount point already active?
Oct 12 18:38:41 automation systemd[1]: proc-sys-fs-binfmt_misc.automount: Got automount request for /proc/sys/fs/binfmt_misc, triggered by 522 (snap)
Oct 12 18:38:41 automation systemd[1]: proc-sys-fs-binfmt_misc.automount: Automount point already active?
Oct 12 18:38:41 automation systemd[1]: proc-sys-fs-binfmt_misc.automount: Got automount request for /proc/sys/fs/binfmt_misc, triggered by 522 (snap)
Oct 12 18:38:41 automation systemd[1]: proc-sys-fs-binfmt_misc.automount: Automount point already active?
Oct 12 18:38:41 automation systemd[1]: proc-sys-fs-binfmt_misc.automount: Got automount request for /proc/sys/fs/binfmt_misc, triggered by 522 (snap)
Oct 12 18:38:41 automation systemd[1]: proc-sys-fs-binfmt_misc.automount: Automount point already active?
Oct 12 18:38:41 automation systemd[1]: proc-sys-fs-binfmt_misc.automount: Got automount request for /proc/sys/fs/binfmt_misc, triggered by 522 (snap)
Oct 12 18:38:41 automation systemd[1]: proc-sys-fs-binfmt_misc.automount: Automount point already active?
Oct 12 18:38:41 automation systemd[1]: proc-sys-fs-binfmt_misc.automount: Got automount request for /proc/sys/fs/binfmt_misc, triggered by 522 (snap)
Oct 12 18:38:41 automation systemd[1]: proc-sys-fs-binfmt_misc.automount: Automount point already active?
Oct 12 18:38:41 automation systemd[1]: proc-sys-fs-binfmt_misc.automount: Got automount request for /proc/sys/fs/binfmt_misc, triggered by 522 (snap)
Oct 12 18:38:41 automation systemd[1]: proc-sys-fs-binfmt_misc.automount: Automount point already active?
Oct 12 18:38:41 automation systemd[1]: proc-sys-fs-binfmt_misc.automount: Got automount request for /proc/sys/fs/binfmt_misc, triggered by 522 (snap)
Oct 12 18:38:41 automation systemd[1]: proc-sys-fs-binfmt_misc.automount: Automount point already active?
Oct 12 18:38:41 automation systemd[1]: proc-sys-fs-binfmt_misc.automount: Got automount request for /proc/sys/fs/binfmt_misc, triggered by 522 (snap)
Oct 12 18:38:41 automation systemd[1]: proc-sys-fs-binfmt_misc.automount: Automount point already active?
Oct 12 18:38:41 automation systemd[1]: proc-sys-fs-binfmt_misc.automount: Got automount request for /proc/sys/fs/binfmt_misc, triggered by 522 (snap)
Oct 12 18:38:41 automation systemd[1]: proc-sys-fs-binfmt_misc.automount: Automount point already active?
Oct 12 18:38:41 automation systemd[1]: proc-sys-fs-binfmt_misc.automount: Got automount request for /proc/sys/fs/binfmt_misc, triggered by 522 (snap)
Oct 12 18:38:41 automation systemd[1]: proc-sys-fs-binfmt_misc.automount: Automount point already active?
Oct 12 18:38:41 automation systemd[1]: proc-sys-fs-binfmt_misc.automount: Got automount request for /proc/sys/fs/binfmt_misc, triggered by 522 (snap)
Oct 12 18:38:41 automation systemd[1]: proc-sys-fs-binfmt_misc.automount: Automount point already active?
Oct 12 18:38:41 automation systemd[1]: proc-sys-fs-binfmt_misc.automount: Got automount request for /proc/sys/fs/binfmt_misc, triggered by 522 (snap)
Oct 12 18:38:41 automation systemd[1]: proc-sys-fs-binfmt_misc.automount: Automount point already active?
Oct 12 18:38:41 automation systemd[1]: proc-sys-fs-binfmt_misc.automount: Got automount request for /proc/sys/fs/binfmt_misc, triggered by 522 (snap)
Oct 12 18:38:41 automation systemd[1]: proc-sys-fs-binfmt_misc.automount: Automount point already active?
Oct 12 18:38:41 automation systemd[1]: proc-sys-fs-binfmt_misc.automount: Got automount request for /proc/sys/fs/binfmt_misc, triggered by 522 (snap)
Oct 12 18:38:41 automation systemd[1]: proc-sys-fs-binfmt_misc.automount: Automount point already active?
Oct 12 18:38:41 automation systemd[1]: proc-sys-fs-binfmt_misc.automount: Got automount request for /proc/sys/fs/binfmt_misc, triggered by 522 (snap)
Oct 12 18:38:41 automation systemd[1]: proc-sys-fs-binfmt_misc.automount: Automount point already active?
Oct 12 18:38:41 automation systemd[1]: proc-sys-fs-binfmt_misc.automount: Got automount request for /proc/sys/fs/binfmt_misc, triggered by 538 (snap)
Oct 12 18:38:41 automation systemd[1]: proc-sys-fs-binfmt_misc.automount: Automount point already active?
Oct 12 18:38:41 automation systemd[1]: proc-sys-fs-binfmt_misc.automount: Got automount request for /proc/sys/fs/binfmt_misc, triggered by 538 (snap)
Oct 12 18:38:41 automation systemd[1]: proc-sys-fs-binfmt_misc.automount: Automount point already active?
Oct 12 18:38:41 automation systemd[1]: proc-sys-fs-binfmt_misc.automount: Got automount request for /proc/sys/fs/binfmt_misc, triggered by 538 (snap)
Oct 12 18:38:41 automation systemd[1]: proc-sys-fs-binfmt_misc.automount: Automount point already active?
Oct 12 18:38:41 automation systemd[1]: proc-sys-fs-binfmt_misc.automount: Got automount request for /proc/sys/fs/binfmt_misc, triggered by 538 (snap)
Oct 12 18:38:41 automation systemd[1]: proc-sys-fs-binfmt_misc.automount: Automount point already active?
Oct 12 18:38:41 automation systemd[1]: proc-sys-fs-binfmt_misc.automount: Got automount request for /proc/sys/fs/binfmt_misc, triggered by 538 (snap)
Oct 12 18:38:41 automation systemd[1]: proc-sys-fs-binfmt_misc.automount: Automount point already active?
Oct 12 18:38:41 automation systemd[1]: proc-sys-fs-binfmt_misc.automount: Got automount request for /proc/sys/fs/binfmt_misc, triggered by 538 (snap)
Oct 12 18:38:41 automation systemd[1]: proc-sys-fs-binfmt_misc.automount: Automount point already active?
Oct 12 18:38:41 automation systemd[1]: proc-sys-fs-binfmt_misc.automount: Got automount request for /proc/sys/fs/binfmt_misc, triggered by 538 (snap)
Oct 12 18:38:41 automation systemd[1]: proc-sys-fs-binfmt_misc.automount: Automount point already active?
Oct 12 18:38:41 automation systemd[1]: proc-sys-fs-binfmt_misc.automount: Got automount request for /proc/sys/fs/binfmt_misc, triggered by 538 (snap)
Oct 12 18:38:41 automation systemd[1]: proc-sys-fs-binfmt_misc.automount: Automount point already active?
Oct 12 18:38:41 automation systemd[1]: proc-sys-fs-binfmt_misc.automount: Got automount request for /proc/sys/fs/binfmt_misc, triggered by 538 (snap)
Oct 12 18:38:41 automation systemd[1]: proc-sys-fs-binfmt_misc.automount: Automount point already active?
Oct 12 18:38:41 automation systemd[1]: proc-sys-fs-binfmt_misc.automount: Got automount request for /proc/sys/fs/binfmt_misc, triggered by 538 (snap)
Oct 12 18:38:41 automation systemd[1]: proc-sys-fs-binfmt_misc.automount: Automount point already active?
Oct 12 18:38:41 automation systemd[1]: Created slice system-lvm2\x2dpvscan.slice.
Oct 12 18:38:41 automation systemd[1]: Starting LVM2 PV scan on device 8:3...
Oct 12 18:38:41 automation systemd[1]: Started LVM2 PV scan on device 8:3.
Oct 12 18:38:41 automation systemd[1]: Started Flush Journal to Persistent Storage.
Oct 12 18:38:41 automation systemd[1]: Found device VBOX_HARDDISK 2.
Oct 12 18:38:41 automation systemd[1]: Starting File System Check on /dev/disk/by-uuid/f6a4ee84-0f31-4dd0-a9c9-a7fb3d675f58...
Oct 12 18:38:41 automation systemd[1]: Started File System Check Daemon to report status.
Oct 12 18:38:41 automation systemd-fsck[624]: /dev/sda2: recovering journal
Oct 12 18:38:41 automation systemd-fsck[624]: /dev/sda2: clean, 309/65536 files, 51813/262144 blocks
Oct 12 18:38:41 automation systemd[1]: Started File System Check on /dev/disk/by-uuid/f6a4ee84-0f31-4dd0-a9c9-a7fb3d675f58.
Oct 12 18:38:41 automation systemd[1]: Mounting /boot...
Oct 12 18:38:41 automation systemd[1]: Mounted /boot.
Oct 12 18:38:41 automation systemd[1]: Reached target Local File Systems.
Oct 12 18:38:41 automation systemd[1]: Starting Tell Plymouth To Write Out Runtime Data...
Oct 12 18:38:41 automation systemd[1]: Starting ebtables ruleset management...
Oct 12 18:38:41 automation systemd[1]: Starting Set console font and keymap...
Oct 12 18:38:41 automation systemd[1]: Starting AppArmor initialization...
Oct 12 18:38:41 automation systemd[1]: Starting Create Volatile Files and Directories...
Oct 12 18:38:41 automation systemd[1]: Started Set console font and keymap.
Oct 12 18:38:41 automation systemd[1]: Started Tell Plymouth To Write Out Runtime Data.
Oct 12 18:38:41 automation systemd[1]: Started Create Volatile Files and Directories.
Oct 12 18:38:41 automation systemd[1]: Starting Update UTMP about System Boot/Shutdown...
Oct 12 18:38:41 automation systemd[1]: Starting Network Time Synchronization...
Oct 12 18:38:41 automation systemd[1]: Started Update UTMP about System Boot/Shutdown.
Oct 12 18:38:41 automation apparmor[672]:  * Starting AppArmor profiles
Oct 12 18:38:41 automation systemd[1]: Started ebtables ruleset management.
Oct 12 18:38:41 automation systemd[1]: Started Network Time Synchronization.
Oct 12 18:38:41 automation systemd[1]: Reached target System Time Synchronized.
Oct 12 18:38:41 automation apparmor[672]: Skipping profile in /etc/apparmor.d/disable: usr.sbin.rsyslogd
Oct 12 18:38:41 automation apparmor[672]:    ...done.
Oct 12 18:38:41 automation systemd[1]: Started AppArmor initialization.
Oct 12 18:38:41 automation systemd[1]: Starting Load AppArmor profiles managed internally by snapd...
Oct 12 18:38:41 automation systemd[1]: Starting Initial cloud-init job (pre-networking)...
Oct 12 18:38:41 automation systemd[1]: Started Load AppArmor profiles managed internally by snapd.
Oct 12 18:38:41 automation cloud-init[848]: Cloud-init v. 23.1.2-0ubuntu0~18.04.1 running 'init-local' at Sat, 12 Oct 2024 18:38:34 +0000. Up 21.61 seconds.
Oct 12 18:38:41 automation systemd[1]: Started Initial cloud-init job (pre-networking).
Oct 12 18:38:41 automation systemd[1]: Reached target Network (Pre).
Oct 12 18:38:41 automation systemd[1]: Starting Network Service...
Oct 12 18:38:41 automation systemd-networkd[915]: Enumeration completed
Oct 12 18:38:41 automation systemd[1]: Started Network Service.
Oct 12 18:38:41 automation systemd[1]: Starting Wait for Network to be Configured...
Oct 12 18:38:41 automation systemd-networkd[915]: enp0s3: IPv6 successfully enabled
Oct 12 18:38:41 automation systemd[1]: Starting Network Name Resolution...
Oct 12 18:38:41 automation systemd-networkd[915]: lo: Link is not managed by us
Oct 12 18:38:41 automation systemd-networkd[915]: enp0s3: Link UP
Oct 12 18:38:41 automation systemd-networkd[915]: enp0s3: Gained carrier
Oct 12 18:38:41 automation systemd-resolved[934]: Positive Trust Anchors:
Oct 12 18:38:41 automation systemd-resolved[934]: . IN DS 19036 8 2 49aac11d7b6f6446702e54a1607371607a1a41855200fd2ce1cdde32f24e8fb5
Oct 12 18:38:41 automation systemd-resolved[934]: . IN DS 20326 8 2 e06d44b80b8f1d39a95c0b0d7c65d08458e880409bbc683457104237c7f8ec8d
Oct 12 18:38:41 automation systemd-resolved[934]: Negative trust anchors: 10.in-addr.arpa 16.172.in-addr.arpa 17.172.in-addr.arpa 18.172.in-addr.arpa 19.172.in-addr.arpa 20.172.in-addr.arpa 21.172.in-addr.arpa 22.172.in-addr.arpa 23.172.in-addr.arpa 24.172.in-addr.arpa 25.172.in-addr.arpa 26.172.in-addr.arpa 27.172.in-addr.arpa 28.172.in-addr.arpa 29.172.in-addr.arpa 30.172.in-addr.arpa 31.172.in-addr.arpa 168.192.in-addr.arpa d.f.ip6.arpa corp home internal intranet lan local private test
Oct 12 18:38:41 automation systemd-resolved[934]: Using system hostname 'automation'.
Oct 12 18:38:41 automation systemd[1]: Started Network Name Resolution.
Oct 12 18:38:41 automation systemd[1]: Reached target Network.
Oct 12 18:38:41 automation systemd[1]: Reached target Host and Network Name Lookups.
Oct 12 18:38:41 automation systemd-networkd[915]: enp0s3: Gained IPv6LL
Oct 12 18:38:41 automation systemd-timesyncd[744]: Network configuration changed, trying to establish connection.
Oct 12 18:38:41 automation systemd-timesyncd[744]: message repeated 2 times: [ Network configuration changed, trying to establish connection.]
Oct 12 18:38:41 automation systemd-networkd[915]: enp0s3: DHCPv4 address 192.168.0.32/24 via 192.168.0.1
Oct 12 18:38:41 automation systemd-networkd[915]: Not connected to system bus, not setting hostname.
Oct 12 18:38:41 automation systemd-timesyncd[744]: Network configuration changed, trying to establish connection.
Oct 12 18:38:41 automation systemd-networkd[915]: enp0s3: Configured
Oct 12 18:38:41 automation systemd-networkd-wait-online[933]: managing: enp0s3
Oct 12 18:38:41 automation systemd-networkd-wait-online[933]: ignoring: lo
Oct 12 18:38:41 automation systemd-timesyncd[744]: Network configuration changed, trying to establish connection.
Oct 12 18:38:41 automation systemd[1]: Started Wait for Network to be Configured.
Oct 12 18:38:41 automation systemd[1]: Starting Initial cloud-init job (metadata service crawler)...","2026-09-26T18:38:41.000+0000",,,,,,,,,18,26,38,september,41,saturday,2026,local,,,,,,automation,,,,,"weather_index_report",,,,,,,136,,,,,,,,"__::__[]:_---.:_____////,____()__::__[]:_---.:____",,,,"weather-data (1)","weather_data",automation,,,,,16,,7,,,,,,
,1,3,0,"Oct 12 18:38:41 automation kernel: [    1.489829] BIOS EDD facility v0.16 2004-Jun-25, 0 devices found
Oct 12 18:38:41 automation kernel: [    1.489830] EDD information not available.
Oct 12 18:38:41 automation kernel: [    1.540250] ata2.00: ATAPI: VBOX CD-ROM, 1.0, max UDMA/133
Oct 12 18:38:41 automation kernel: [    1.552719] ata2.00: configured for UDMA/33
Oct 12 18:38:41 automation kernel: [    1.553451] scsi 1:0:0:0: CD-ROM            VBOX     CD-ROM           1.0  PQ: 0 ANSI: 5
Oct 12 18:38:41 automation kernel: [    1.622432] sr 1:0:0:0: [sr0] scsi3-mmc drive: 32x/32x xa/form2 tray
Oct 12 18:38:41 automation kernel: [    1.622434] cdrom: Uniform CD-ROM driver Revision: 3.20
Oct 12 18:38:41 automation kernel: [    1.622544] sr 1:0:0:0: Attached scsi CD-ROM sr0
Oct 12 18:38:41 automation kernel: [    1.622661] sr 1:0:0:0: Attached scsi generic sg0 type 5
Oct 12 18:38:41 automation kernel: [    1.624551] Freeing unused kernel image memory: 2480K
Oct 12 18:38:41 automation kernel: [    1.636217] Write protecting the kernel read-only data: 20480k
Oct 12 18:38:41 automation kernel: [    1.636829] Freeing unused kernel image memory: 2008K
Oct 12 18:38:41 automation kernel: [    1.637295] Freeing unused kernel image memory: 1820K
Oct 12 18:38:41 automation kernel: [    1.642142] x86/mm: Checked W+X mappings: passed, no W+X pages found.
Oct 12 18:38:41 automation kernel: [    1.716403] e1000: Intel(R) PRO/1000 Network Driver - version 7.3.21-k8-NAPI
Oct 12 18:38:41 automation kernel: [    1.716403] e1000: Copyright (c) 1999-2006 Intel Corporation.
Oct 12 18:38:41 automation kernel: [    1.726358] ACPI: Video Device [GFX0] (multi-head: yes  rom: no  post: no)
Oct 12 18:38:41 automation kernel: [    1.726416] input: Video Bus as /devices/LNXSYSTM:00/LNXSYBUS:00/PNP0A03:00/LNXVIDEO:00/input/input4
Oct 12 18:38:41 automation kernel: [    1.747129] AVX2 version of gcm_enc/dec engaged.
Oct 12 18:38:41 automation kernel: [    1.747131] AES CTR mode by8 optimization enabled
Oct 12 18:38:41 automation kernel: [    1.848864] usb 2-1: new full-speed USB device number 2 using ohci-pci
Oct 12 18:38:41 automation kernel: [    1.959190] input: ImExPS/2 Generic Explorer Mouse as /devices/platform/i8042/serio1/input/input5
Oct 12 18:38:41 automation kernel: [    2.165891] e1000 0000:00:03.0 eth0: (PCI:33MHz:32-bit) 08:00:27:9f:cb:cc
Oct 12 18:38:41 automation kernel: [    2.165894] e1000 0000:00:03.0 eth0: Intel(R) PRO/1000 Network Connection
Oct 12 18:38:41 automation kernel: [    2.166237] piix4_smbus 0000:00:07.0: SMBus Host Controller at 0x4100, revision 0
Oct 12 18:38:41 automation kernel: [    2.166732] ahci 0000:00:0d.0: version 3.0
Oct 12 18:38:41 automation kernel: [    2.167441] ahci 0000:00:0d.0: SSS flag set, parallel bus scan disabled
Oct 12 18:38:41 automation kernel: [    2.167467] e1000 0000:00:03.0 enp0s3: renamed from eth0
Oct 12 18:38:41 automation kernel: [    2.167569] ahci 0000:00:0d.0: AHCI 0001.0100 32 slots 1 ports 3 Gbps 0x1 impl SATA mode
Oct 12 18:38:41 automation kernel: [    2.167571] ahci 0000:00:0d.0: flags: 64bit ncq stag only ccc 
Oct 12 18:38:41 automation kernel: [    2.169186] scsi host2: ahci
Oct 12 18:38:41 automation kernel: [    2.169231] ata3: SATA max UDMA/133 abar m8192@0xf0806000 port 0xf0806100 irq 21
Oct 12 18:38:41 automation kernel: [    2.170081] [drm] DMA map mode: Using physical TTM page addresses.
Oct 12 18:38:41 automation kernel: [    2.170204] [drm] Capabilities:
Oct 12 18:38:41 automation kernel: [    2.170205] [drm]   Rect copy.
Oct 12 18:38:41 automation kernel: [    2.170205] [drm]   Cursor.
Oct 12 18:38:41 automation kernel: [    2.170205] [drm]   Cursor bypass.
Oct 12 18:38:41 automation kernel: [    2.170206] [drm]   Cursor bypass 2.
Oct 12 18:38:41 automation kernel: [    2.170206] [drm]   Alpha cursor.
Oct 12 18:38:41 automation kernel: [    2.170206] [drm]   Extended Fifo.
Oct 12 18:38:41 automation kernel: [    2.170207] [drm]   Pitchlock.
Oct 12 18:38:41 automation kernel: [    2.170207] [drm]   Irq mask.
Oct 12 18:38:41 automation kernel: [    2.170207] [drm]   GMR.
Oct 12 18:38:41 automation kernel: [    2.170208] [drm]   Traces.
Oct 12 18:38:41 automation kernel: [    2.170208] [drm]   GMR2.
Oct 12 18:38:41 automation kernel: [    2.170208] [drm]   Screen Object 2.
Oct 12 18:38:41 automation kernel: [    2.170209] [drm]   Command Buffers.
Oct 12 18:38:41 automation kernel: [    2.170210] [drm] Max GMR ids is 8192
Oct 12 18:38:41 automation kernel: [    2.170210] [drm] Max number of GMR pages is 1048576
Oct 12 18:38:41 automation kernel: [    2.170211] [drm] Max dedicated hypervisor surface memory is 507904 kiB
Oct 12 18:38:41 automation kernel: [    2.170211] [drm] Maximum display memory size is 16384 kiB
Oct 12 18:38:41 automation kernel: [    2.170212] [drm] VRAM at 0xe0000000 size is 16384 kiB
Oct 12 18:38:41 automation kernel: [    2.170212] [drm] MMIO at 0xf0000000 size is 2048 kiB
Oct 12 18:38:41 automation kernel: [    2.170213] [drm] global init.
Oct 12 18:38:41 automation kernel: [    2.170412] [TTM] Zone  kernel: Available graphics memory: 1756610 kiB
Oct 12 18:38:41 automation kernel: [    2.170413] [TTM] Initializing pool allocator
Oct 12 18:38:41 automation kernel: [    2.170415] [TTM] Initializing DMA pool allocator
Oct 12 18:38:41 automation kernel: [    2.170594] [drm] Supports vblank timestamp caching Rev 2 (21.10.2013).
Oct 12 18:38:41 automation kernel: [    2.170595] [drm] No driver support for vblank timestamp query.
Oct 12 18:38:41 automation kernel: [    2.170809] [drm] Screen Objects Display Unit initialized
Oct 12 18:38:41 automation kernel: [    2.170850] [drm] width 720
Oct 12 18:38:41 automation kernel: [    2.170856] [drm] height 400
Oct 12 18:38:41 automation kernel: [    2.170859] [drm] bpp 32
Oct 12 18:38:41 automation kernel: [    2.170984] [drm] Fifo max 0x00200000 min 0x00001000 cap 0x00000355
Oct 12 18:38:41 automation kernel: [    2.171099] [drm] Using command buffers with DMA pool.
Oct 12 18:38:41 automation kernel: [    2.171105] [drm] DX: no.
Oct 12 18:38:41 automation kernel: [    2.171106] [drm] Atomic: yes
Oct 12 18:38:41 automation kernel: [    2.171122] [drm:vmw_host_log [vmwgfx]] *ERROR* Failed to send log
Oct 12 18:38:41 automation kernel: [    2.171723] [drm:vmw_host_log [vmwgfx]] *ERROR* Failed to send log
Oct 12 18:38:41 automation kernel: [    2.174180] fbcon: svgadrmfb (fb0) is primary device
Oct 12 18:38:41 automation kernel: [    2.175545] Console: switching to colour frame buffer device 100x37
Oct 12 18:38:41 automation kernel: [    2.176060] [drm] Initialized vmwgfx 2.14.0 20170612 for 0000:00:02.0 on minor 0
Oct 12 18:38:41 automation kernel: [    2.200737] usb 2-1: New USB device found, idVendor=80ee, idProduct=0021
Oct 12 18:38:41 automation kernel: [    2.200739] usb 2-1: New USB device strings: Mfr=1, Product=3, SerialNumber=0
Oct 12 18:38:41 automation kernel: [    2.200740] usb 2-1: Product: USB Tablet
Oct 12 18:38:41 automation kernel: [    2.200741] usb 2-1: Manufacturer: VirtualBox
Oct 12 18:38:41 automation kernel: [    2.207726] hidraw: raw HID events driver (C) Jiri Kosina
Oct 12 18:38:41 automation kernel: [    2.612309] ata3: SATA link up 3.0 Gbps (SStatus 123 SControl 300)
Oct 12 18:38:41 automation kernel: [    2.612691] ata3.00: ATA-6: VBOX HARDDISK, 1.0, max UDMA/133
Oct 12 18:38:41 automation kernel: [    2.612693] ata3.00: 83886080 sectors, multi 128: LBA48 NCQ (depth 31/32)
Oct 12 18:38:41 automation kernel: [    2.613075] ata3.00: configured for UDMA/133
Oct 12 18:38:41 automation kernel: [    2.613243] scsi 2:0:0:0: Direct-Access     ATA      VBOX HARDDISK    1.0  PQ: 0 ANSI: 5
Oct 12 18:38:41 automation kernel: [    2.613391] sd 2:0:0:0: Attached scsi generic sg1 type 0
Oct 12 18:38:41 automation kernel: [    2.613400] sd 2:0:0:0: [sda] 83886080 512-byte logical blocks: (42.9 GB/40.0 GiB)
Oct 12 18:38:41 automation kernel: [    2.613406] sd 2:0:0:0: [sda] Write Protect is off
Oct 12 18:38:41 automation kernel: [    2.613407] sd 2:0:0:0: [sda] Mode Sense: 00 3a 00 00
Oct 12 18:38:41 automation kernel: [    2.613417] sd 2:0:0:0: [sda] Write cache: enabled, read cache: enabled, doesn't support DPO or FUA
Oct 12 18:38:41 automation kernel: [    2.670816]  sda: sda1 sda2 sda3
Oct 12 18:38:41 automation kernel: [    2.671218] sd 2:0:0:0: [sda] Attached SCSI disk
Oct 12 18:38:41 automation kernel: [    2.702313] usbcore: registered new interface driver usbhid
Oct 12 18:38:41 automation kernel: [    2.702314] usbhid: USB HID core driver
Oct 12 18:38:41 automation kernel: [    2.704239] input: VirtualBox USB Tablet as /devices/pci0000:00/0000:00:06.0/usb2/2-1/2-1:1.0/0003:80EE:0021.0001/input/input6
Oct 12 18:38:41 automation kernel: [    2.704303] hid-generic 0003:80EE:0021.0001: input,hidraw0: USB HID v1.10 Mouse [VirtualBox USB Tablet] on usb-0000:00:06.0-1/input0
Oct 12 18:38:41 automation kernel: [    3.088229] raid6: sse2x1   gen() 12187 MB/s
Oct 12 18:38:41 automation kernel: [    3.136799] raid6: sse2x1   xor()  7371 MB/s
Oct 12 18:38:41 automation kernel: [    3.197895] raid6: sse2x2   gen() 20598 MB/s
Oct 12 18:38:41 automation kernel: [    3.262420] raid6: sse2x2   xor() 10683 MB/s
Oct 12 18:38:41 automation kernel: [    3.326243] raid6: sse2x4   gen() 17395 MB/s
Oct 12 18:38:41 automation kernel: [    3.374393] raid6: sse2x4   xor()  9543 MB/s
Oct 12 18:38:41 automation kernel: [    3.422361] raid6: avx2x1   gen() 25134 MB/s
Oct 12 18:38:41 automation kernel: [    3.486304] raid6: avx2x1   xor() 14957 MB/s
Oct 12 18:38:41 automation kernel: [    3.551124] raid6: avx2x2   gen() 33330 MB/s
Oct 12 18:38:41 automation kernel: [    3.608481] raid6: avx2x2   xor() 17713 MB/s
Oct 12 18:38:41 automation kernel: [    3.663363] raid6: avx2x4   gen() 29143 MB/s
Oct 12 18:38:41 automation kernel: [    3.711348] raid6: avx2x4   xor() 17694 MB/s
Oct 12 18:38:41 automation kernel: [    3.711350] raid6: using algorithm avx2x2 gen() 33330 MB/s
Oct 12 18:38:41 automation kernel: [    3.711350] raid6: .... xor() 17713 MB/s, rmw enabled
Oct 12 18:38:41 automation kernel: [    3.711351] raid6: using avx2x2 recovery algorithm
Oct 12 18:38:41 automation kernel: [    3.712479] xor: automatically using best checksumming function   avx       
Oct 12 18:38:41 automation kernel: [    3.713970] async_tx: api initialized (async)
Oct 12 18:38:41 automation kernel: [    3.901388] Btrfs loaded, crc32c=crc32c-intel
Oct 12 18:38:41 automation kernel: [    5.001678] EXT4-fs (dm-0): mounted filesystem with ordered data mode. Opts: (null)
Oct 12 18:38:41 automation kernel: [    6.766250] ip_tables: (C) 2000-2006 Netfilter Core Team
Oct 12 18:38:41 automation kernel: [    6.808585] systemd[1]: systemd 237 running in system mode. (+PAM +AUDIT +SELINUX +IMA +APPARMOR +SMACK +SYSVINIT +UTMP +LIBCRYPTSETUP +GCRYPT +GNUTLS +ACL +XZ +LZ4 +SECCOMP +BLKID +ELFUTILS +KMOD -IDN2 +IDN -PCRE2 default-hierarchy=hybrid)
Oct 12 18:38:41 automation kernel: [    6.808631] systemd[1]: Detected virtualization oracle.
Oct 12 18:38:41 automation kernel: [    6.808645] systemd[1]: Detected architecture x86-64.
Oct 12 18:38:41 automation kernel: [    6.827086] systemd[1]: Set hostname to <automation>.
Oct 12 18:38:41 automation kernel: [    8.933904] systemd[1]: Reached target Mounting snaps.
Oct 12 18:38:41 automation kernel: [    8.934017] systemd[1]: Reached target Mounted snaps.
Oct 12 18:38:41 automation kernel: [    8.935287] systemd[1]: Created slice System Slice.
Oct 12 18:38:41 automation kernel: [    8.935386] systemd[1]: Listening on Network Service Netlink Socket.
Oct 12 18:38:41 automation kernel: [    8.935448] systemd[1]: Listening on Journal Audit Socket.
Oct 12 18:38:41 automation kernel: [    8.935689] systemd[1]: Created slice User and Session Slice.
Oct 12 18:38:41 automation kernel: [    9.106622] EXT4-fs (dm-0): re-mounted. Opts: (null)
Oct 12 18:38:41 automation kernel: [    9.541487] Loading iSCSI transport class v2.0-870.
Oct 12 18:38:41 automation kernel: [    9.753177] iscsi: registered transport (tcp)
Oct 12 18:38:41 automation kernel: [    9.818838] Adding 3512316k swap on /swap.img.  Priority:-2 extents:5 across:3815420k FS
Oct 12 18:38:41 automation kernel: [    9.840018] systemd-journald[448]: Received request to flush runtime journal from PID 1
Oct 12 18:38:41 automation kernel: [    9.896509] iscsi: registered transport (iser)
Oct 12 18:38:41 automation kernel: [   10.501049] systemd-journald[448]: File /var/log/journal/c334d3f2c3144140b0b233f85d8177a1/system.journal corrupted or uncleanly shut down, renaming and replacing.
Oct 12 18:38:41 automation kernel: [   11.784911] vgdrvHeartbeatInit: Setting up heartbeat to trigger every 2000 milliseconds
Oct 12 18:38:41 automation kernel: [   11.784999] input: Unspecified device as /devices/pci0000:00/0000:00:04.0/input/input7
Oct 12 18:38:41 automation kernel: [   11.785214] vboxguest: misc device minor 57, IRQ 20, I/O port d040, MMIO at 00000000f0400000 (size 0x400000)
Oct 12 18:38:41 automation kernel: [   11.785215] vboxguest: Successfully loaded version 5.2.8_KernelUbuntu (interface 0x00010004)
Oct 12 18:38:41 automation kernel: [   12.075711] RAPL PMU: API unit is 2^-32 Joules, 5 fixed counters, 10737418240 ms ovfl timer
Oct 12 18:38:41 automation kernel: [   12.075712] RAPL PMU: hw unit of domain pp0-core 2^-0 Joules
Oct 12 18:38:41 automation kernel: [   12.075713] RAPL PMU: hw unit of domain package 2^-0 Joules
Oct 12 18:38:41 automation kernel: [   12.075713] RAPL PMU: hw unit of domain dram 2^-0 Joules
Oct 12 18:38:41 automation kernel: [   12.075714] RAPL PMU: hw unit of domain pp1-gpu 2^-0 Joules
Oct 12 18:38:41 automation kernel: [   12.075714] RAPL PMU: hw unit of domain psys 2^-0 Joules
Oct 12 18:38:41 automation kernel: [   13.078408] snd_intel8x0 0000:00:05.0: white list rate for 1028:0177 is 48000
Oct 12 18:38:41 automation kernel: [   17.297241] EXT4-fs (sda2): mounted filesystem with ordered data mode. Opts: (null)
Oct 12 18:38:41 automation kernel: [   18.291096] audit: type=1400 audit(1728758311.296:2): apparmor=""STATUS"" operation=""profile_load"" profile=""unconfined"" name=""lxc-container-default"" pid=839 comm=""apparmor_parser""
Oct 12 18:38:41 automation kernel: [   18.291098] audit: type=1400 audit(1728758311.296:3): apparmor=""STATUS"" operation=""profile_load"" profile=""unconfined"" name=""lxc-container-default-cgns"" pid=839 comm=""apparmor_parser""
Oct 12 18:38:41 automation kernel: [   18.291100] audit: type=1400 audit(1728758311.296:4): apparmor=""STATUS"" operation=""profile_load"" profile=""unconfined"" name=""lxc-container-default-with-mounting"" pid=839 comm=""apparmor_parser""
Oct 12 18:38:41 automation kernel: [   18.291102] audit: type=1400 audit(1728758311.296:5): apparmor=""STATUS"" operation=""profile_load"" profile=""unconfined"" name=""lxc-container-default-with-nesting"" pid=839 comm=""apparmor_parser""
Oct 12 18:38:41 automation kernel: [   18.305254] audit: type=1400 audit(1728758311.312:6): apparmor=""STATUS"" operation=""profile_load"" profile=""unconfined"" name=""/sbin/dhclient"" pid=840 comm=""apparmor_parser""
Oct 12 18:38:41 automation kernel: [   18.305256] audit: type=1400 audit(1728758311.312:7): apparmor=""STATUS"" operation=""profile_load"" profile=""unconfined"" name=""/usr/lib/NetworkManager/nm-dhcp-client.action"" pid=840 comm=""apparmor_parser""
Oct 12 18:38:41 automation kernel: [   18.305258] audit: type=1400 audit(1728758311.312:8): apparmor=""STATUS"" operation=""profile_load"" profile=""unconfined"" name=""/usr/lib/NetworkManager/nm-dhcp-helper"" pid=840 comm=""apparmor_parser""
Oct 12 18:38:41 automation kernel: [   18.305259] audit: type=1400 audit(1728758311.312:9): apparmor=""STATUS"" operation=""profile_load"" profile=""unconfined"" name=""/usr/lib/connman/scripts/dhclient-script"" pid=840 comm=""apparmor_parser""
Oct 12 18:38:41 automation kernel: [   18.317223] audit: type=1400 audit(1728758311.324:10): apparmor=""STATUS"" operation=""profile_load"" profile=""unconfined"" name=""/usr/bin/lxc-start"" pid=842 comm=""apparmor_parser""
Oct 12 18:38:41 automation kernel: [   18.342112] audit: type=1400 audit(1728758311.348:11): apparmor=""STATUS"" operation=""profile_load"" profile=""unconfined"" name=""/usr/bin/man"" pid=843 comm=""apparmor_parser""
Oct 12 18:38:41 automation kernel: [   21.870288] IPv6: ADDRCONF(NETDEV_UP): enp0s3: link is not ready
Oct 12 18:38:41 automation kernel: [   21.876461] e1000: enp0s3 NIC Link is Up 1000 Mbps Full Duplex, Flow Control: RX
Oct 12 18:38:41 automation kernel: [   21.876739] IPv6: ADDRCONF(NETDEV_CHANGE): enp0s3: link becomes ready
Oct 12 18:38:41 automation kernel: [   26.404552] new mount options do not match the existing superblock, will be ignored
Oct 12 18:38:41 automation systemd[1]: Started Create list of required static device nodes for the current kernel.
Oct 12 18:38:41 automation systemd[1]: Starting Create Static Device Nodes in /dev...
Oct 12 18:38:41 automation systemd[1]: Starting Flush Journal to Persistent Storage...
Oct 12 18:38:41 automation systemd[1]: Started Set the console keyboard layout.
Oct 12 18:38:41 automation systemd[1]: Started Load/Save Random Seed.
Oct 12 18:38:41 automation systemd[1]: Started LVM2 metadata daemon.
Oct 12 18:38:41 automation systemd-modules-load[444]: Inserted module 'iscsi_tcp'
Oct 12 18:38:41 automation systemd[1]: Activated swap /swap.img.
Oct 12 18:38:41 automation systemd[1]: Reached target Swap.
Oct 12 18:38:41 automation lvm[447]:   1 logical volume(s) in volume group ""ubuntu-vg"" monitored
Oct 12 18:38:41 automation systemd-modules-load[444]: Inserted module 'ib_iser'
Oct 12 18:38:41 automation systemd[1]: Started Load Kernel Modules.
Oct 12 18:38:41 automation systemd[1]: Starting Apply Kernel Variables...
Oct 12 18:38:41 automation systemd[1]: Mounting Kernel Configuration File System...
Oct 12 18:38:41 automation systemd[1]: Mounting FUSE Control File System...
Oct 12 18:38:41 automation systemd[1]: Mounted Kernel Configuration File System.
Oct 12 18:38:41 automation systemd[1]: Mounted FUSE Control File System.
Oct 12 18:38:41 automation systemd[1]: Started Create Static Device Nodes in /dev.
Oct 12 18:38:41 automation systemd[1]: Starting udev Kernel Device Manager...
Oct 12 18:38:41 automation lvm[608]:   1 logical volume(s) in volume group ""ubuntu-vg"" now active
Oct 12 18:38:41 automation systemd[1]: Started Apply Kernel Variables.
Oct 12 18:38:41 automation systemd[1]: Started Monitoring of LVM2 mirrors, snapshots etc. using dmeventd or progress polling.
Oct 12 18:38:41 automation systemd[1]: Reached target Local File Systems (Pre).
Oct 12 18:38:41 automation systemd[1]: Started udev Kernel Device Manager.
Oct 12 18:38:41 automation systemd[1]: Starting Show Plymouth Boot Screen...
Oct 12 18:38:41 automation systemd[1]: Started Show Plymouth Boot Screen.
Oct 12 18:38:41 automation systemd[1]: Started Forward Password Requests to Plymouth Directory Watch.
Oct 12 18:38:41 automation systemd[1]: Reached target Local Encrypted Volumes.
Oct 12 18:38:41 automation systemd-udevd[479]: link_config: autonegotiation is unset or enabled, the speed and duplex are not writable.
Oct 12 18:38:41 automation systemd-udevd[483]: link_config: autonegotiation is unset or enabled, the speed and duplex are not writable.
Oct 12 18:38:41 automation systemd[1]: Listening on Load/Save RF Kill Switch Status /dev/rfkill Watch.
Oct 12 18:38:41 automation systemd[1]: Reached target Sound Card.
Oct 12 18:38:41 automation systemd[1]: proc-sys-fs-binfmt_misc.automount: Got automount request for /proc/sys/fs/binfmt_misc, triggered by 517 (snap)
Oct 12 18:38:41 automation systemd[1]: Mounting Arbitrary Executable File Formats File System...
Oct 12 18:38:41 automation systemd[1]: Mounted Arbitrary Executable File Formats File System.
Oct 12 18:38:41 automation systemd[1]: proc-sys-fs-binfmt_misc.automount: Got automount request for /proc/sys/fs/binfmt_misc, triggered by 517 (snap)
Oct 12 18:38:41 automation systemd[1]: proc-sys-fs-binfmt_misc.automount: Automount point already active?
Oct 12 18:38:41 automation systemd[1]: proc-sys-fs-binfmt_misc.automount: Got automount request for /proc/sys/fs/binfmt_misc, triggered by 522 (snap)
Oct 12 18:38:41 automation systemd[1]: proc-sys-fs-binfmt_misc.automount: Automount point already active?
Oct 12 18:38:41 automation systemd[1]: proc-sys-fs-binfmt_misc.automount: Got automount request for /proc/sys/fs/binfmt_misc, triggered by 522 (snap)
Oct 12 18:38:41 automation systemd[1]: proc-sys-fs-binfmt_misc.automount: Automount point already active?
Oct 12 18:38:41 automation systemd[1]: proc-sys-fs-binfmt_misc.automount: Got automount request for /proc/sys/fs/binfmt_misc, triggered by 522 (snap)
Oct 12 18:38:41 automation systemd[1]: proc-sys-fs-binfmt_misc.automount: Automount point already active?
Oct 12 18:38:41 automation systemd[1]: proc-sys-fs-binfmt_misc.automount: Got automount request for /proc/sys/fs/binfmt_misc, triggered by 522 (snap)
Oct 12 18:38:41 automation systemd[1]: proc-sys-fs-binfmt_misc.automount: Automount point already active?
Oct 12 18:38:41 automation systemd[1]: proc-sys-fs-binfmt_misc.automount: Got automount request for /proc/sys/fs/binfmt_misc, triggered by 522 (snap)
Oct 12 18:38:41 automation systemd[1]: proc-sys-fs-binfmt_misc.automount: Automount point already active?
Oct 12 18:38:41 automation systemd[1]: proc-sys-fs-binfmt_misc.automount: Got automount request for /proc/sys/fs/binfmt_misc, triggered by 522 (snap)
Oct 12 18:38:41 automation systemd[1]: proc-sys-fs-binfmt_misc.automount: Automount point already active?
Oct 12 18:38:41 automation systemd[1]: proc-sys-fs-binfmt_misc.automount: Got automount request for /proc/sys/fs/binfmt_misc, triggered by 522 (snap)
Oct 12 18:38:41 automation systemd[1]: proc-sys-fs-binfmt_misc.automount: Automount point already active?
Oct 12 18:38:41 automation systemd[1]: proc-sys-fs-binfmt_misc.automount: Got automount request for /proc/sys/fs/binfmt_misc, triggered by 522 (snap)
Oct 12 18:38:41 automation systemd[1]: proc-sys-fs-binfmt_misc.automount: Automount point already active?
Oct 12 18:38:41 automation systemd[1]: proc-sys-fs-binfmt_misc.automount: Got automount request for /proc/sys/fs/binfmt_misc, triggered by 522 (snap)
Oct 12 18:38:41 automation systemd[1]: proc-sys-fs-binfmt_misc.automount: Automount point already active?
Oct 12 18:38:41 automation systemd[1]: proc-sys-fs-binfmt_misc.automount: Got automount request for /proc/sys/fs/binfmt_misc, triggered by 522 (snap)
Oct 12 18:38:41 automation systemd[1]: proc-sys-fs-binfmt_misc.automount: Automount point already active?
Oct 12 18:38:41 automation systemd[1]: proc-sys-fs-binfmt_misc.automount: Got automount request for /proc/sys/fs/binfmt_misc, triggered by 522 (snap)
Oct 12 18:38:41 automation systemd[1]: proc-sys-fs-binfmt_misc.automount: Automount point already active?
Oct 12 18:38:41 automation systemd[1]: proc-sys-fs-binfmt_misc.automount: Got automount request for /proc/sys/fs/binfmt_misc, triggered by 522 (snap)
Oct 12 18:38:41 automation systemd[1]: proc-sys-fs-binfmt_misc.automount: Automount point already active?
Oct 12 18:38:41 automation systemd[1]: proc-sys-fs-binfmt_misc.automount: Got automount request for /proc/sys/fs/binfmt_misc, triggered by 522 (snap)
Oct 12 18:38:41 automation systemd[1]: proc-sys-fs-binfmt_misc.automount: Automount point already active?
Oct 12 18:38:41 automation systemd[1]: proc-sys-fs-binfmt_misc.automount: Got automount request for /proc/sys/fs/binfmt_misc, triggered by 522 (snap)
Oct 12 18:38:41 automation systemd[1]: proc-sys-fs-binfmt_misc.automount: Automount point already active?
Oct 12 18:38:41 automation systemd[1]: proc-sys-fs-binfmt_misc.automount: Got automount request for /proc/sys/fs/binfmt_misc, triggered by 522 (snap)
Oct 12 18:38:41 automation systemd[1]: proc-sys-fs-binfmt_misc.automount: Automount point already active?
Oct 12 18:38:41 automation systemd[1]: proc-sys-fs-binfmt_misc.automount: Got automount request for /proc/sys/fs/binfmt_misc, triggered by 522 (snap)
Oct 12 18:38:41 automation systemd[1]: proc-sys-fs-binfmt_misc.automount: Automount point already active?
Oct 12 18:38:41 automation systemd[1]: proc-sys-fs-binfmt_misc.automount: Got automount request for /proc/sys/fs/binfmt_misc, triggered by 522 (snap)
Oct 12 18:38:41 automation systemd[1]: proc-sys-fs-binfmt_misc.automount: Automount point already active?
Oct 12 18:38:41 automation systemd[1]: proc-sys-fs-binfmt_misc.automount: Got automount request for /proc/sys/fs/binfmt_misc, triggered by 522 (snap)
Oct 12 18:38:41 automation systemd[1]: proc-sys-fs-binfmt_misc.automount: Automount point already active?
Oct 12 18:38:41 automation systemd[1]: proc-sys-fs-binfmt_misc.automount: Got automount request for /proc/sys/fs/binfmt_misc, triggered by 522 (snap)
Oct 12 18:38:41 automation systemd[1]: proc-sys-fs-binfmt_misc.automount: Automount point already active?
Oct 12 18:38:41 automation systemd[1]: proc-sys-fs-binfmt_misc.automount: Got automount request for /proc/sys/fs/binfmt_misc, triggered by 522 (snap)
Oct 12 18:38:41 automation systemd[1]: proc-sys-fs-binfmt_misc.automount: Automount point already active?
Oct 12 18:38:41 automation systemd[1]: proc-sys-fs-binfmt_misc.automount: Got automount request for /proc/sys/fs/binfmt_misc, triggered by 522 (snap)
Oct 12 18:38:41 automation systemd[1]: proc-sys-fs-binfmt_misc.automount: Automount point already active?
Oct 12 18:38:41 automation systemd[1]: proc-sys-fs-binfmt_misc.automount: Got automount request for /proc/sys/fs/binfmt_misc, triggered by 522 (snap)
Oct 12 18:38:41 automation systemd[1]: proc-sys-fs-binfmt_misc.automount: Automount point already active?
Oct 12 18:38:41 automation systemd[1]: proc-sys-fs-binfmt_misc.automount: Got automount request for /proc/sys/fs/binfmt_misc, triggered by 522 (snap)
Oct 12 18:38:41 automation systemd[1]: proc-sys-fs-binfmt_misc.automount: Automount point already active?
Oct 12 18:38:41 automation systemd[1]: proc-sys-fs-binfmt_misc.automount: Got automount request for /proc/sys/fs/binfmt_misc, triggered by 522 (snap)
Oct 12 18:38:41 automation systemd[1]: proc-sys-fs-binfmt_misc.automount: Automount point already active?
Oct 12 18:38:41 automation systemd[1]: proc-sys-fs-binfmt_misc.automount: Got automount request for /proc/sys/fs/binfmt_misc, triggered by 522 (snap)
Oct 12 18:38:41 automation systemd[1]: proc-sys-fs-binfmt_misc.automount: Automount point already active?
Oct 12 18:38:41 automation systemd[1]: proc-sys-fs-binfmt_misc.automount: Got automount request for /proc/sys/fs/binfmt_misc, triggered by 522 (snap)
Oct 12 18:38:41 automation systemd[1]: proc-sys-fs-binfmt_misc.automount: Automount point already active?
Oct 12 18:38:41 automation systemd[1]: proc-sys-fs-binfmt_misc.automount: Got automount request for /proc/sys/fs/binfmt_misc, triggered by 522 (snap)
Oct 12 18:38:41 automation systemd[1]: proc-sys-fs-binfmt_misc.automount: Automount point already active?
Oct 12 18:38:41 automation systemd[1]: proc-sys-fs-binfmt_misc.automount: Got automount request for /proc/sys/fs/binfmt_misc, triggered by 522 (snap)
Oct 12 18:38:41 automation systemd[1]: proc-sys-fs-binfmt_misc.automount: Automount point already active?
Oct 12 18:38:41 automation systemd[1]: proc-sys-fs-binfmt_misc.automount: Got automount request for /proc/sys/fs/binfmt_misc, triggered by 522 (snap)
Oct 12 18:38:41 automation systemd[1]: proc-sys-fs-binfmt_misc.automount: Automount point already active?
Oct 12 18:38:41 automation systemd[1]: proc-sys-fs-binfmt_misc.automount: Got automount request for /proc/sys/fs/binfmt_misc, triggered by 522 (snap)
Oct 12 18:38:41 automation systemd[1]: proc-sys-fs-binfmt_misc.automount: Automount point already active?
Oct 12 18:38:41 automation systemd[1]: proc-sys-fs-binfmt_misc.automount: Got automount request for /proc/sys/fs/binfmt_misc, triggered by 522 (snap)
Oct 12 18:38:41 automation systemd[1]: proc-sys-fs-binfmt_misc.automount: Automount point already active?
Oct 12 18:38:41 automation systemd[1]: proc-sys-fs-binfmt_misc.automount: Got automount request for /proc/sys/fs/binfmt_misc, triggered by 522 (snap)
Oct 12 18:38:41 automation systemd[1]: proc-sys-fs-binfmt_misc.automount: Automount point already active?","2026-09-26T18:38:41.000+0000",,,,,,,,,18,26,38,september,41,saturday,2026,local,,,,,,automation,,0021,80ee,,"weather_index_report",,,,,,,257,,,,,,,,"__::__:_[____.]____._--,_____::__:_[____.]____.__:",,,,"weather-data (1)","weather_data",automation,,,,,16,,7,,,,,,
,3,2,1,"Oct 12 18:38:41 automation kernel: [    0.257326] clocksource: Switched to clocksource kvm-clock
Oct 12 18:38:41 automation kernel: [    0.279240] VFS: Disk quotas dquot_6.6.0
Oct 12 18:38:41 automation kernel: [    0.279277] VFS: Dquot-cache hash table entries: 512 (order 0, 4096 bytes)
Oct 12 18:38:41 automation kernel: [    0.279361] AppArmor: AppArmor Filesystem Enabled
Oct 12 18:38:41 automation kernel: [    0.279386] pnp: PnP ACPI init
Oct 12 18:38:41 automation kernel: [    0.279449] pnp 00:00: Plug and Play ACPI device, IDs PNP0303 (active)
Oct 12 18:38:41 automation kernel: [    0.279508] pnp 00:01: Plug and Play ACPI device, IDs PNP0f03 (active)
Oct 12 18:38:41 automation kernel: [    0.280216] pnp: PnP ACPI: found 2 devices
Oct 12 18:38:41 automation kernel: [    0.288046] clocksource: acpi_pm: mask: 0xffffff max_cycles: 0xffffff, max_idle_ns: 2085701024 ns
Oct 12 18:38:41 automation kernel: [    0.288058] pci_bus 0000:00: resource 4 [io  0x0000-0x0cf7 window]
Oct 12 18:38:41 automation kernel: [    0.288059] pci_bus 0000:00: resource 5 [io  0x0d00-0xffff window]
Oct 12 18:38:41 automation kernel: [    0.288061] pci_bus 0000:00: resource 6 [mem 0x000a0000-0x000bffff window]
Oct 12 18:38:41 automation kernel: [    0.288062] pci_bus 0000:00: resource 7 [mem 0xdb600000-0xfdffffff window]
Oct 12 18:38:41 automation kernel: [    0.288112] NET: Registered protocol family 2
Oct 12 18:38:41 automation kernel: [    0.288197] IP idents hash table entries: 65536 (order: 7, 524288 bytes)
Oct 12 18:38:41 automation kernel: [    0.288564] TCP established hash table entries: 32768 (order: 6, 262144 bytes)
Oct 12 18:38:41 automation kernel: [    0.288602] TCP bind hash table entries: 32768 (order: 7, 524288 bytes)
Oct 12 18:38:41 automation kernel: [    0.291975] TCP: Hash tables configured (established 32768 bind 32768)
Oct 12 18:38:41 automation kernel: [    0.292015] UDP hash table entries: 2048 (order: 4, 65536 bytes)
Oct 12 18:38:41 automation kernel: [    0.292025] UDP-Lite hash table entries: 2048 (order: 4, 65536 bytes)
Oct 12 18:38:41 automation kernel: [    0.292037] NET: Registered protocol family 1
Oct 12 18:38:41 automation kernel: [    0.292037] pci 0000:00:00.0: Limiting direct PCI/PCI transfers
Oct 12 18:38:41 automation kernel: [    0.292137] pci 0000:00:01.0: Activating ISA DMA hang workarounds
Oct 12 18:38:41 automation kernel: [    0.292177] pci 0000:00:02.0: Video device with shadowed ROM at [mem 0x000c0000-0x000dffff]
Oct 12 18:38:41 automation kernel: [    0.294373] PCI: CLS 0 bytes, default 64
Oct 12 18:38:41 automation kernel: [    0.294405] Unpacking initramfs...
Oct 12 18:38:41 automation kernel: [    1.366527] Freeing initrd memory: 61640K
Oct 12 18:38:41 automation kernel: [    1.366641] clocksource: tsc: mask: 0xffffffffffffffff max_cycles: 0x1128af0325d, max_idle_ns: 440795261011 ns
Oct 12 18:38:41 automation kernel: [    1.366686] platform rtc_cmos: registered platform RTC device (no PNP device found)
Oct 12 18:38:41 automation kernel: [    1.366705] Scanning for low memory corruption every 60 seconds
Oct 12 18:38:41 automation kernel: [    1.367825] Initialise system trusted keyrings
Oct 12 18:38:41 automation kernel: [    1.367832] Key type blacklist registered
Oct 12 18:38:41 automation kernel: [    1.367917] workingset: timestamp_bits=36 max_order=20 bucket_order=0
Oct 12 18:38:41 automation kernel: [    1.368650] zbud: loaded
Oct 12 18:38:41 automation kernel: [    1.369219] squashfs: version 4.0 (2009/01/31) Phillip Lougher
Oct 12 18:38:41 automation kernel: [    1.369353] fuse init (API version 7.26)
Oct 12 18:38:41 automation kernel: [    1.374912] Key type asymmetric registered
Oct 12 18:38:41 automation kernel: [    1.374914] Asymmetric key parser 'x509' registered
Oct 12 18:38:41 automation kernel: [    1.374961] Block layer SCSI generic (bsg) driver version 0.4 loaded (major 246)
Oct 12 18:38:41 automation kernel: [    1.375031] io scheduler noop registered
Oct 12 18:38:41 automation kernel: [    1.375032] io scheduler deadline registered
Oct 12 18:38:41 automation kernel: [    1.375056] io scheduler cfq registered (default)
Oct 12 18:38:41 automation kernel: [    1.375202] intel_idle: does not run on family 6 model 126
Oct 12 18:38:41 automation kernel: [    1.375321] ACPI: AC Adapter [AC] (on-line)
Oct 12 18:38:41 automation kernel: [    1.375405] input: Power Button as /devices/LNXSYSTM:00/LNXPWRBN:00/input/input0
Oct 12 18:38:41 automation kernel: [    1.375427] ACPI: Power Button [PWRF]
Oct 12 18:38:41 automation kernel: [    1.375476] input: Sleep Button as /devices/LNXSYSTM:00/LNXSLPBN:00/input/input1
Oct 12 18:38:41 automation kernel: [    1.375482] ACPI: Sleep Button [SLPF]
Oct 12 18:38:41 automation kernel: [    1.376327] ACPI: Battery Slot [BAT0] (battery present)
Oct 12 18:38:41 automation kernel: [    1.376374] Serial: 8250/16550 driver, 32 ports, IRQ sharing enabled
Oct 12 18:38:41 automation kernel: [    1.378250] Linux agpgart interface v0.103
Oct 12 18:38:41 automation kernel: [    1.379410] loop: module loaded
Oct 12 18:38:41 automation kernel: [    1.379505] ata_piix 0000:00:01.1: version 2.13
Oct 12 18:38:41 automation kernel: [    1.379885] scsi host0: ata_piix
Oct 12 18:38:41 automation kernel: [    1.379974] scsi host1: ata_piix
Oct 12 18:38:41 automation kernel: [    1.379993] ata1: PATA max UDMA/33 cmd 0x1f0 ctl 0x3f6 bmdma 0xd000 irq 14
Oct 12 18:38:41 automation kernel: [    1.379994] ata2: PATA max UDMA/33 cmd 0x170 ctl 0x376 bmdma 0xd008 irq 15
Oct 12 18:38:41 automation kernel: [    1.380111] tun: Universal TUN/TAP device driver, 1.6
Oct 12 18:38:41 automation kernel: [    1.380436] PPP generic driver version 2.4.2
Oct 12 18:38:41 automation kernel: [    1.380488] ehci_hcd: USB 2.0 'Enhanced' Host Controller (EHCI) Driver
Oct 12 18:38:41 automation kernel: [    1.380492] ehci-pci: EHCI PCI platform driver
Oct 12 18:38:41 automation kernel: [    1.381043] ehci-pci 0000:00:0b.0: EHCI Host Controller
Oct 12 18:38:41 automation kernel: [    1.381048] ehci-pci 0000:00:0b.0: new USB bus registered, assigned bus number 1
Oct 12 18:38:41 automation kernel: [    1.381215] ehci-pci 0000:00:0b.0: irq 19, io mem 0xf0805000
Oct 12 18:38:41 automation kernel: [    1.400120] ehci-pci 0000:00:0b.0: USB 2.0 started, EHCI 1.00
Oct 12 18:38:41 automation kernel: [    1.400188] usb usb1: New USB device found, idVendor=1d6b, idProduct=0002
Oct 12 18:38:41 automation kernel: [    1.400189] usb usb1: New USB device strings: Mfr=3, Product=2, SerialNumber=1
Oct 12 18:38:41 automation kernel: [    1.400190] usb usb1: Product: EHCI Host Controller
Oct 12 18:38:41 automation kernel: [    1.400191] usb usb1: Manufacturer: Linux 4.15.0-213-generic ehci_hcd
Oct 12 18:38:41 automation kernel: [    1.400192] usb usb1: SerialNumber: 0000:00:0b.0
Oct 12 18:38:41 automation kernel: [    1.400332] hub 1-0:1.0: USB hub found
Oct 12 18:38:41 automation kernel: [    1.400338] hub 1-0:1.0: 12 ports detected
Oct 12 18:38:41 automation kernel: [    1.400632] ehci-platform: EHCI generic platform driver
Oct 12 18:38:41 automation kernel: [    1.400671] ohci_hcd: USB 1.1 'Open' Host Controller (OHCI) Driver
Oct 12 18:38:41 automation kernel: [    1.400686] ohci-pci: OHCI PCI platform driver
Oct 12 18:38:41 automation kernel: [    1.401630] ohci-pci 0000:00:06.0: OHCI PCI host controller
Oct 12 18:38:41 automation kernel: [    1.401641] ohci-pci 0000:00:06.0: new USB bus registered, assigned bus number 2
Oct 12 18:38:41 automation kernel: [    1.401749] ohci-pci 0000:00:06.0: irq 22, io mem 0xf0804000
Oct 12 18:38:41 automation kernel: [    1.474168] usb usb2: New USB device found, idVendor=1d6b, idProduct=0001
Oct 12 18:38:41 automation kernel: [    1.474169] usb usb2: New USB device strings: Mfr=3, Product=2, SerialNumber=1
Oct 12 18:38:41 automation kernel: [    1.474170] usb usb2: Product: OHCI PCI host controller
Oct 12 18:38:41 automation kernel: [    1.474171] usb usb2: Manufacturer: Linux 4.15.0-213-generic ohci_hcd
Oct 12 18:38:41 automation kernel: [    1.474172] usb usb2: SerialNumber: 0000:00:06.0
Oct 12 18:38:41 automation kernel: [    1.474461] hub 2-0:1.0: USB hub found
Oct 12 18:38:41 automation kernel: [    1.474472] hub 2-0:1.0: 12 ports detected
Oct 12 18:38:41 automation kernel: [    1.474803] ohci-platform: OHCI generic platform driver
Oct 12 18:38:41 automation kernel: [    1.474815] uhci_hcd: USB Universal Host Controller Interface driver
Oct 12 18:38:41 automation kernel: [    1.474860] i8042: PNP: PS/2 Controller [PNP0303:PS2K,PNP0f03:PS2M] at 0x60,0x64 irq 1,12
Oct 12 18:38:41 automation kernel: [    1.475415] serio: i8042 KBD port at 0x60,0x64 irq 1
Oct 12 18:38:41 automation kernel: [    1.475435] serio: i8042 AUX port at 0x60,0x64 irq 12
Oct 12 18:38:41 automation kernel: [    1.475708] mousedev: PS/2 mouse device common for all mice
Oct 12 18:38:41 automation kernel: [    1.476086] input: AT Translated Set 2 keyboard as /devices/platform/i8042/serio0/input/input2
Oct 12 18:38:41 automation kernel: [    1.476534] rtc_cmos rtc_cmos: rtc core: registered rtc_cmos as rtc0
Oct 12 18:38:41 automation kernel: [    1.476576] rtc_cmos rtc_cmos: alarms up to one day, 114 bytes nvram
Oct 12 18:38:41 automation kernel: [    1.476582] i2c /dev entries driver
Oct 12 18:38:41 automation kernel: [    1.476623] device-mapper: uevent: version 1.0.3
Oct 12 18:38:41 automation kernel: [    1.476691] device-mapper: ioctl: 4.37.0-ioctl (2017-09-20) initialised: dm-devel@redhat.com
Oct 12 18:38:41 automation kernel: [    1.476723] ledtrig-cpu: registered to indicate activity on CPUs
Oct 12 18:38:41 automation kernel: [    1.477164] NET: Registered protocol family 10
Oct 12 18:38:41 automation kernel: [    1.481164] Segment Routing with IPv6
Oct 12 18:38:41 automation kernel: [    1.481271] NET: Registered protocol family 17
Oct 12 18:38:41 automation kernel: [    1.481340] Key type dns_resolver registered
Oct 12 18:38:41 automation kernel: [    1.481607] mce: Using 0 MCE banks
Oct 12 18:38:41 automation kernel: [    1.481621] RAS: Correctable Errors collector initialized.
Oct 12 18:38:41 automation kernel: [    1.481643] sched_clock: Marking stable (1481544298, 0)->(1600128342, -118584044)
Oct 12 18:38:41 automation kernel: [    1.482064] registered taskstats version 1
Oct 12 18:38:41 automation kernel: [    1.482073] Loading compiled-in X.509 certificates
Oct 12 18:38:41 automation kernel: [    1.484198] Loaded X.509 cert 'Build time autogenerated kernel key: cdc7189136aaa35407544516090e2034d9c28e14'
Oct 12 18:38:41 automation kernel: [    1.484704] Loaded X.509 cert 'Canonical Ltd. Live Patch Signing: 14df34d1a87cf37625abec039ef2bf521249b969'
Oct 12 18:38:41 automation kernel: [    1.485195] Loaded X.509 cert 'Canonical Ltd. Kernel Module Signing: 88f752e560a1e0737e31163a466ad7b70a850c19'
Oct 12 18:38:41 automation kernel: [    1.485196] blacklist: Loading compiled-in revocation X.509 certificates
Oct 12 18:38:41 automation kernel: [    1.485210] Loaded X.509 cert 'Canonical Ltd. Secure Boot Signing: 61482aa2830d0ab2ad5af10b7250da9033ddcef0'
Oct 12 18:38:41 automation kernel: [    1.485222] Loaded X.509 cert 'Canonical Ltd. Secure Boot Signing (2017): 242ade75ac4a15e50d50c84b0d45ff3eae707a03'
Oct 12 18:38:41 automation kernel: [    1.485233] Loaded X.509 cert 'Canonical Ltd. Secure Boot Signing (ESM 2018): 365188c1d374d6b07c3c8f240f8ef722433d6a8b'
Oct 12 18:38:41 automation kernel: [    1.485245] Loaded X.509 cert 'Canonical Ltd. Secure Boot Signing (2019): c0746fd6c5da3ae827864651ad66ae47fe24b3e8'
Oct 12 18:38:41 automation kernel: [    1.485258] Loaded X.509 cert 'Canonical Ltd. Secure Boot Signing (2021 v1): a8d54bbb3825cfb94fa13c9f8a594a195c107b8d'
Oct 12 18:38:41 automation kernel: [    1.485270] Loaded X.509 cert 'Canonical Ltd. Secure Boot Signing (2021 v2): 4cf046892d6fd3c9a5b03f98d845f90851dc6a8c'
Oct 12 18:38:41 automation kernel: [    1.485281] Loaded X.509 cert 'Canonical Ltd. Secure Boot Signing (2021 v3): 100437bb6de6e469b581e61cd66bce3ef4ed53af'
Oct 12 18:38:41 automation kernel: [    1.485295] Loaded X.509 cert 'Canonical Ltd. Secure Boot Signing (Ubuntu Core 2019): c1d57b8f6b743f23ee41f4f7ee292f06eecadfb9'
Oct 12 18:38:41 automation kernel: [    1.485316] zswap: loaded using pool lzo/zbud
Oct 12 18:38:41 automation kernel: [    1.488083] Key type big_key registered
Oct 12 18:38:41 automation kernel: [    1.488087] Key type trusted registered
Oct 12 18:38:41 automation kernel: [    1.489443] Key type encrypted registered
Oct 12 18:38:41 automation kernel: [    1.489446] AppArmor: AppArmor sha1 policy hashing enabled
Oct 12 18:38:41 automation kernel: [    1.489454] ima: No TPM chip found, activating TPM-bypass! (rc=-19)
Oct 12 18:38:41 automation kernel: [    1.489458] ima: Allocated hash algorithm: sha1
Oct 12 18:38:41 automation kernel: [    1.489471] evm: HMAC attrs: 0x1
Oct 12 18:38:41 automation kernel: [    1.489679]   Magic number: 12:417:645
Oct 12 18:38:41 automation kernel: [    1.489762] rtc_cmos rtc_cmos: setting system clock to 2024-10-12 18:38:14 UTC (1728758294)","2026-09-26T18:38:41.000+0000",,,,0,,,,,18,26,38,september,41,saturday,2026,local,,,,,,automation,,0002,1d6b,,"weather_index_report",,,,,,,129,,,20,,,,,"__::__:_[____.]_:____-__::__:_[____.]_:___..__::__",,,,"weather-data (1)","weather_data",automation,,,,,16,36,7,,,,,,
"/vmlinuz-4.15.0-213-generic",,,,"Oct 12 18:38:41 automation kernel: [    0.000000] Command line: BOOT_IMAGE=/vmlinuz-4.15.0-213-generic root=/dev/mapper/ubuntu--vg-ubuntu--lv ro auto=true preseed/file=/cdrom/preseed.cfg priority=critical quiet splash noprompt noshell automatic-ubiquity debian-installer/locale=en_US keyboard-configuration/layoutcode=us languagechooser/language-name=English localechooser/supported-locales=en_US.UTF-8 countrychooser/shortlist=US --
Oct 12 18:38:41 automation kernel: [    0.000000] KERNEL supported cpus:
Oct 12 18:38:41 automation kernel: [    0.000000]   Intel GenuineIntel
Oct 12 18:38:41 automation kernel: [    0.000000]   AMD AuthenticAMD
Oct 12 18:38:41 automation kernel: [    0.000000]   Centaur CentaurHauls
Oct 12 18:38:41 automation kernel: [    0.000000] x86/fpu: Supporting XSAVE feature 0x001: 'x87 floating point registers'
Oct 12 18:38:41 automation kernel: [    0.000000] x86/fpu: Supporting XSAVE feature 0x002: 'SSE registers'
Oct 12 18:38:41 automation kernel: [    0.000000] x86/fpu: Supporting XSAVE feature 0x004: 'AVX registers'
Oct 12 18:38:41 automation kernel: [    0.000000] x86/fpu: xstate_offset[2]:  576, xstate_sizes[2]:  256
Oct 12 18:38:41 automation kernel: [    0.000000] x86/fpu: Enabled xstate features 0x7, context size is 832 bytes, using 'standard' format.
Oct 12 18:38:41 automation kernel: [    0.000000] e820: BIOS-provided physical RAM map:
Oct 12 18:38:41 automation kernel: [    0.000000] BIOS-e820: [mem 0x0000000000000000-0x000000000009fbff] usable
Oct 12 18:38:41 automation kernel: [    0.000000] BIOS-e820: [mem 0x000000000009fc00-0x000000000009ffff] reserved
Oct 12 18:38:41 automation kernel: [    0.000000] BIOS-e820: [mem 0x00000000000f0000-0x00000000000fffff] reserved
Oct 12 18:38:41 automation kernel: [    0.000000] BIOS-e820: [mem 0x0000000000100000-0x00000000db5effff] usable
Oct 12 18:38:41 automation kernel: [    0.000000] BIOS-e820: [mem 0x00000000db5f0000-0x00000000db5fffff] ACPI data
Oct 12 18:38:41 automation kernel: [    0.000000] BIOS-e820: [mem 0x00000000fec00000-0x00000000fec00fff] reserved
Oct 12 18:38:41 automation kernel: [    0.000000] BIOS-e820: [mem 0x00000000fee00000-0x00000000fee00fff] reserved
Oct 12 18:38:41 automation kernel: [    0.000000] BIOS-e820: [mem 0x00000000fffc0000-0x00000000ffffffff] reserved
Oct 12 18:38:41 automation kernel: [    0.000000] NX (Execute Disable) protection: active
Oct 12 18:38:41 automation kernel: [    0.000000] SMBIOS 2.5 present.
Oct 12 18:38:41 automation kernel: [    0.000000] DMI: innotek GmbH VirtualBox/VirtualBox, BIOS VirtualBox 12/01/2006
Oct 12 18:38:41 automation kernel: [    0.000000] Hypervisor detected: KVM
Oct 12 18:38:41 automation kernel: [    0.000000] e820: update [mem 0x00000000-0x00000fff] usable ==> reserved
Oct 12 18:38:41 automation kernel: [    0.000000] e820: remove [mem 0x000a0000-0x000fffff] usable
Oct 12 18:38:41 automation kernel: [    0.000000] e820: last_pfn = 0xdb5f0 max_arch_pfn = 0x400000000
Oct 12 18:38:41 automation kernel: [    0.000000] MTRR default type: uncachable
Oct 12 18:38:41 automation kernel: [    0.000000] MTRR variable ranges disabled:
Oct 12 18:38:41 automation kernel: [    0.000000] MTRR: Disabled
Oct 12 18:38:41 automation kernel: [    0.000000] x86/PAT: MTRRs disabled, skipping PAT initialization too.
Oct 12 18:38:41 automation kernel: [    0.000000] CPU MTRRs all blank - virtualized system.
Oct 12 18:38:41 automation kernel: [    0.000000] x86/PAT: Configuration [0-7]: WB  WT  UC- UC  WB  WT  UC- UC  
Oct 12 18:38:41 automation kernel: [    0.000000] found SMP MP-table at [mem 0x0009fff0-0x0009ffff]
Oct 12 18:38:41 automation kernel: [    0.000000] Scanning 1 areas for low memory corruption
Oct 12 18:38:41 automation kernel: [    0.000000] RAMDISK: [mem 0x3078b000-0x343bcfff]
Oct 12 18:38:41 automation kernel: [    0.000000] ACPI: Early table checksum verification disabled
Oct 12 18:38:41 automation kernel: [    0.000000] ACPI: RSDP 0x00000000000E0000 000024 (v02 VBOX  )
Oct 12 18:38:41 automation kernel: [    0.000000] ACPI: XSDT 0x00000000DB5F0030 00003C (v01 VBOX   VBOXXSDT 00000001 ASL  00000061)
Oct 12 18:38:41 automation kernel: [    0.000000] ACPI: FACP 0x00000000DB5F00F0 0000F4 (v04 VBOX   VBOXFACP 00000001 ASL  00000061)
Oct 12 18:38:41 automation kernel: [    0.000000] ACPI: DSDT 0x00000000DB5F0610 002353 (v02 VBOX   VBOXBIOS 00000002 INTL 20100528)
Oct 12 18:38:41 automation kernel: [    0.000000] ACPI: FACS 0x00000000DB5F0200 000040
Oct 12 18:38:41 automation kernel: [    0.000000] ACPI: FACS 0x00000000DB5F0200 000040
Oct 12 18:38:41 automation kernel: [    0.000000] ACPI: APIC 0x00000000DB5F0240 00005C (v02 VBOX   VBOXAPIC 00000001 ASL  00000061)
Oct 12 18:38:41 automation kernel: [    0.000000] ACPI: SSDT 0x00000000DB5F02A0 00036C (v01 VBOX   VBOXCPUT 00000002 INTL 20100528)
Oct 12 18:38:41 automation kernel: [    0.000000] ACPI: Reserving FACP table memory at [mem 0xdb5f00f0-0xdb5f01e3]
Oct 12 18:38:41 automation kernel: [    0.000000] ACPI: Reserving DSDT table memory at [mem 0xdb5f0610-0xdb5f2962]
Oct 12 18:38:41 automation kernel: [    0.000000] ACPI: Reserving FACS table memory at [mem 0xdb5f0200-0xdb5f023f]
Oct 12 18:38:41 automation kernel: [    0.000000] ACPI: Reserving FACS table memory at [mem 0xdb5f0200-0xdb5f023f]
Oct 12 18:38:41 automation kernel: [    0.000000] ACPI: Reserving APIC table memory at [mem 0xdb5f0240-0xdb5f029b]
Oct 12 18:38:41 automation kernel: [    0.000000] ACPI: Reserving SSDT table memory at [mem 0xdb5f02a0-0xdb5f060b]
Oct 12 18:38:41 automation kernel: [    0.000000] ACPI: Local APIC address 0xfee00000
Oct 12 18:38:41 automation kernel: [    0.000000] No NUMA configuration found
Oct 12 18:38:41 automation kernel: [    0.000000] Faking a node at [mem 0x0000000000000000-0x00000000db5effff]
Oct 12 18:38:41 automation kernel: [    0.000000] NODE_DATA(0) allocated [mem 0xdb5c5000-0xdb5effff]
Oct 12 18:38:41 automation kernel: [    0.000000] kvm-clock: cpu 0, msr 0:db544001, primary cpu clock
Oct 12 18:38:41 automation kernel: [    0.000000] kvm-clock: Using msrs 4b564d01 and 4b564d00
Oct 12 18:38:41 automation kernel: [    0.000000] kvm-clock: using sched offset of 5257371864 cycles
Oct 12 18:38:41 automation kernel: [    0.000000] clocksource: kvm-clock: mask: 0xffffffffffffffff max_cycles: 0x1cd42e4dffb, max_idle_ns: 881590591483 ns
Oct 12 18:38:41 automation kernel: [    0.000000] Zone ranges:
Oct 12 18:38:41 automation kernel: [    0.000000]   DMA      [mem 0x0000000000001000-0x0000000000ffffff]
Oct 12 18:38:41 automation kernel: [    0.000000]   DMA32    [mem 0x0000000001000000-0x00000000db5effff]
Oct 12 18:38:41 automation kernel: [    0.000000]   Normal   empty
Oct 12 18:38:41 automation kernel: [    0.000000]   Device   empty
Oct 12 18:38:41 automation kernel: [    0.000000] Movable zone start for each node
Oct 12 18:38:41 automation kernel: [    0.000000] Early memory node ranges
Oct 12 18:38:41 automation kernel: [    0.000000]   node   0: [mem 0x0000000000001000-0x000000000009efff]
Oct 12 18:38:41 automation kernel: [    0.000000]   node   0: [mem 0x0000000000100000-0x00000000db5effff]
Oct 12 18:38:41 automation kernel: [    0.000000] Reserved but unavailable: 104 pages
Oct 12 18:38:41 automation kernel: [    0.000000] Initmem setup node 0 [mem 0x0000000000001000-0x00000000db5effff]
Oct 12 18:38:41 automation kernel: [    0.000000] On node 0 totalpages: 898446
Oct 12 18:38:41 automation kernel: [    0.000000]   DMA zone: 64 pages used for memmap
Oct 12 18:38:41 automation kernel: [    0.000000]   DMA zone: 21 pages reserved
Oct 12 18:38:41 automation kernel: [    0.000000]   DMA zone: 3998 pages, LIFO batch:0
Oct 12 18:38:41 automation kernel: [    0.000000]   DMA32 zone: 13976 pages used for memmap
Oct 12 18:38:41 automation kernel: [    0.000000]   DMA32 zone: 894448 pages, LIFO batch:31
Oct 12 18:38:41 automation kernel: [    0.000000] ACPI: PM-Timer IO Port: 0x4008
Oct 12 18:38:41 automation kernel: [    0.000000] ACPI: Local APIC address 0xfee00000
Oct 12 18:38:41 automation kernel: [    0.000000] IOAPIC[0]: apic_id 2, version 32, address 0xfec00000, GSI 0-23
Oct 12 18:38:41 automation kernel: [    0.000000] ACPI: INT_SRC_OVR (bus 0 bus_irq 0 global_irq 2 dfl dfl)
Oct 12 18:38:41 automation kernel: [    0.000000] ACPI: INT_SRC_OVR (bus 0 bus_irq 9 global_irq 9 low level)
Oct 12 18:38:41 automation kernel: [    0.000000] ACPI: IRQ0 used by override.
Oct 12 18:38:41 automation kernel: [    0.000000] ACPI: IRQ9 used by override.
Oct 12 18:38:41 automation kernel: [    0.000000] Using ACPI (MADT) for SMP configuration information
Oct 12 18:38:41 automation kernel: [    0.000000] smpboot: Allowing 2 CPUs, 0 hotplug CPUs
Oct 12 18:38:41 automation kernel: [    0.000000] PM: Registered nosave memory: [mem 0x00000000-0x00000fff]
Oct 12 18:38:41 automation kernel: [    0.000000] PM: Registered nosave memory: [mem 0x0009f000-0x0009ffff]
Oct 12 18:38:41 automation kernel: [    0.000000] PM: Registered nosave memory: [mem 0x000a0000-0x000effff]
Oct 12 18:38:41 automation kernel: [    0.000000] PM: Registered nosave memory: [mem 0x000f0000-0x000fffff]
Oct 12 18:38:41 automation kernel: [    0.000000] e820: [mem 0xdb600000-0xfebfffff] available for PCI devices
Oct 12 18:38:41 automation kernel: [    0.000000] Booting paravirtualized kernel on KVM
Oct 12 18:38:41 automation kernel: [    0.000000] clocksource: refined-jiffies: mask: 0xffffffff max_cycles: 0xffffffff, max_idle_ns: 7645519600211568 ns
Oct 12 18:38:41 automation kernel: [    0.000000] setup_percpu: NR_CPUS:8192 nr_cpumask_bits:2 nr_cpu_ids:2 nr_node_ids:1
Oct 12 18:38:41 automation kernel: [    0.000000] percpu: Embedded 50 pages/cpu s167936 r8192 d28672 u1048576
Oct 12 18:38:41 automation kernel: [    0.000000] pcpu-alloc: s167936 r8192 d28672 u1048576 alloc=1*2097152
Oct 12 18:38:41 automation kernel: [    0.000000] pcpu-alloc: [0] 0 1 
Oct 12 18:38:41 automation kernel: [    0.000000] PV qspinlock hash table entries: 256 (order: 0, 4096 bytes)
Oct 12 18:38:41 automation kernel: [    0.000000] Built 1 zonelists, mobility grouping on.  Total pages: 884385
Oct 12 18:38:41 automation kernel: [    0.000000] Policy zone: DMA32
Oct 12 18:38:41 automation kernel: [    0.000000] Kernel command line: BOOT_IMAGE=/vmlinuz-4.15.0-213-generic root=/dev/mapper/ubuntu--vg-ubuntu--lv ro auto=true preseed/file=/cdrom/preseed.cfg priority=critical quiet splash noprompt noshell automatic-ubiquity debian-installer/locale=en_US keyboard-configuration/layoutcode=us languagechooser/language-name=English localechooser/supported-locales=en_US.UTF-8 countrychooser/shortlist=US --
Oct 12 18:38:41 automation kernel: [    0.000000] Calgary: detecting Calgary via BIOS EBDA area
Oct 12 18:38:41 automation kernel: [    0.000000] Calgary: Unable to locate Rio Grande table in EBDA - bailing!
Oct 12 18:38:41 automation kernel: [    0.000000] Memory: 3445236K/3593784K available (12300K kernel code, 2477K rwdata, 4324K rodata, 2480K init, 2720K bss, 148548K reserved, 0K cma-reserved)
Oct 12 18:38:41 automation kernel: [    0.000000] SLUB: HWalign=64, Order=0-3, MinObjects=0, CPUs=2, Nodes=1
Oct 12 18:38:41 automation kernel: [    0.000000] ftrace: allocating 39508 entries in 155 pages
Oct 12 18:38:41 automation kernel: [    0.004000] Hierarchical RCU implementation.
Oct 12 18:38:41 automation kernel: [    0.004000] 	RCU restricting CPUs from NR_CPUS=8192 to nr_cpu_ids=2.
Oct 12 18:38:41 automation kernel: [    0.004000] 	Tasks RCU enabled.
Oct 12 18:38:41 automation kernel: [    0.004000] RCU: Adjusting geometry for rcu_fanout_leaf=16, nr_cpu_ids=2
Oct 12 18:38:41 automation kernel: [    0.004000] NR_IRQS: 524544, nr_irqs: 440, preallocated irqs: 16
Oct 12 18:38:41 automation kernel: [    0.004000] random: crng init done
Oct 12 18:38:41 automation kernel: [    0.004000] Console: colour VGA+ 80x25
Oct 12 18:38:41 automation kernel: [    0.004000] console [tty0] enabled
Oct 12 18:38:41 automation kernel: [    0.004000] ACPI: Core revision 20170831
Oct 12 18:38:41 automation kernel: [    0.004000] ACPI: 2 ACPI AML tables successfully acquired and loaded
Oct 12 18:38:41 automation kernel: [    0.004000] APIC: Switch to symmetric I/O mode setup
Oct 12 18:38:41 automation kernel: [    0.004000] x2apic enabled
Oct 12 18:38:41 automation kernel: [    0.004000] Switched APIC routing to physical x2apic.
Oct 12 18:38:41 automation kernel: [    0.004000] ..TIMER: vector=0x30 apic1=0 pin1=2 apic2=-1 pin2=-1
Oct 12 18:38:41 automation kernel: [    0.004000] tsc: Detected 1190.400 MHz processor
Oct 12 18:38:41 automation kernel: [    0.004000] Calibrating delay loop (skipped) preset value.. 2380.80 BogoMIPS (lpj=4761600)
Oct 12 18:38:41 automation kernel: [    0.004000] pid_max: default: 32768 minimum: 301
Oct 12 18:38:41 automation kernel: [    0.004000] Security Framework initialized
Oct 12 18:38:41 automation kernel: [    0.004000] Yama: becoming mindful.
Oct 12 18:38:41 automation kernel: [    0.004000] AppArmor: AppArmor initialized
Oct 12 18:38:41 automation kernel: [    0.004311] Dentry cache hash table entries: 524288 (order: 10, 4194304 bytes)
Oct 12 18:38:41 automation kernel: [    0.008133] Inode-cache hash table entries: 262144 (order: 9, 2097152 bytes)
Oct 12 18:38:41 automation kernel: [    0.008154] Mount-cache hash table entries: 8192 (order: 4, 65536 bytes)
Oct 12 18:38:41 automation kernel: [    0.008161] Mountpoint-cache hash table entries: 8192 (order: 4, 65536 bytes)
Oct 12 18:38:41 automation kernel: [    0.008400] Last level iTLB entries: 4KB 0, 2MB 0, 4MB 0
Oct 12 18:38:41 automation kernel: [    0.008401] Last level dTLB entries: 4KB 0, 2MB 0, 4MB 0, 1GB 0
Oct 12 18:38:41 automation kernel: [    0.008404] Spectre V1 : Mitigation: usercopy/swapgs barriers and __user pointer sanitization
Oct 12 18:38:41 automation kernel: [    0.008406] Spectre V2 : Mitigation: Retpolines
Oct 12 18:38:41 automation kernel: [    0.008406] Spectre V2 : Spectre v2 / SpectreRSB mitigation: Filling RSB on context switch
Oct 12 18:38:41 automation kernel: [    0.008407] Spectre V2 : Spectre v2 / SpectreRSB : Filling RSB on VMEXIT
Oct 12 18:38:41 automation kernel: [    0.008407] RETBleed: WARNING: Spectre v2 mitigation leaves CPU vulnerable to RETBleed attacks, data leaks possible!
Oct 12 18:38:41 automation kernel: [    0.008699] RETBleed: Vulnerable
Oct 12 18:38:41 automation kernel: [    0.008700] Speculative Store Bypass: Vulnerable
Oct 12 18:38:41 automation kernel: [    0.008766] MMIO Stale Data: Vulnerable: Clear CPU buffers attempted, no microcode
Oct 12 18:38:41 automation kernel: [    0.008769] SRBDS: Unknown: Dependent on hypervisor status
Oct 12 18:38:41 automation kernel: [    0.008934] Freeing SMP alternatives memory: 36K
Oct 12 18:38:41 automation kernel: [    0.120751] smpboot: CPU0: Intel(R) Core(TM) i5-1035G1 CPU @ 1.00GHz (family: 0x6, model: 0x7e, stepping: 0x5)
Oct 12 18:38:41 automation kernel: [    0.120840] Performance Events: unsupported p6 CPU model 126 no PMU driver, software events only.
Oct 12 18:38:41 automation kernel: [    0.120877] Hierarchical SRCU implementation.
Oct 12 18:38:41 automation kernel: [    0.121367] NMI watchdog: Perf event create on CPU 0 failed with -2
Oct 12 18:38:41 automation kernel: [    0.121368] NMI watchdog: Perf NMI watchdog permanently disabled
Oct 12 18:38:41 automation kernel: [    0.121410] smp: Bringing up secondary CPUs ...
Oct 12 18:38:41 automation kernel: [    0.124072] x86: Booting SMP configuration:
Oct 12 18:38:41 automation kernel: [    0.124073] .... node  #0, CPUs:      #1
Oct 12 18:38:41 automation kernel: [    0.004000] kvm-clock: cpu 1, msr 0:db544041, secondary cpu clock
Oct 12 18:38:41 automation kernel: [    0.126438] smp: Brought up 1 node, 2 CPUs
Oct 12 18:38:41 automation kernel: [    0.126438] smpboot: Max logical packages: 1
Oct 12 18:38:41 automation kernel: [    0.126438] smpboot: Total of 2 processors activated (4761.60 BogoMIPS)
Oct 12 18:38:41 automation kernel: [    0.126438] devtmpfs: initialized
Oct 12 18:38:41 automation kernel: [    0.126438] x86/mm: Memory block size: 128MB
Oct 12 18:38:41 automation kernel: [    0.126438] evm: security.selinux
Oct 12 18:38:41 automation kernel: [    0.126438] evm: security.SMACK64
Oct 12 18:38:41 automation kernel: [    0.126438] evm: security.SMACK64EXEC
Oct 12 18:38:41 automation kernel: [    0.126438] evm: security.SMACK64TRANSMUTE
Oct 12 18:38:41 automation kernel: [    0.126438] evm: security.SMACK64MMAP
Oct 12 18:38:41 automation kernel: [    0.126438] evm: security.apparmor
Oct 12 18:38:41 automation kernel: [    0.126438] evm: security.ima
Oct 12 18:38:41 automation kernel: [    0.126438] evm: security.capability
Oct 12 18:38:41 automation kernel: [    0.128015] clocksource: jiffies: mask: 0xffffffff max_cycles: 0xffffffff, max_idle_ns: 7645041785100000 ns
Oct 12 18:38:41 automation kernel: [    0.128020] futex hash table entries: 512 (order: 3, 32768 bytes)
Oct 12 18:38:41 automation kernel: [    0.128056] pinctrl core: initialized pinctrl subsystem
Oct 12 18:38:41 automation kernel: [    0.128140] RTC time: 18:38:13, date: 10/12/24
Oct 12 18:38:41 automation kernel: [    0.128244] NET: Registered protocol family 16
Oct 12 18:38:41 automation kernel: [    0.128330] audit: initializing netlink subsys (disabled)
Oct 12 18:38:41 automation kernel: [    0.128364] audit: type=2000 audit(1728758299.940:1): state=initialized audit_enabled=0 res=1
Oct 12 18:38:41 automation kernel: [    0.128364] cpuidle: using governor ladder
Oct 12 18:38:41 automation kernel: [    0.128364] cpuidle: using governor menu
Oct 12 18:38:41 automation kernel: [    0.128364] ACPI: bus type PCI registered
Oct 12 18:38:41 automation kernel: [    0.128364] acpiphp: ACPI Hot Plug PCI Controller Driver version: 0.5
Oct 12 18:38:41 automation kernel: [    0.128364] PCI: Using configuration type 1 for base access
Oct 12 18:38:41 automation kernel: [    0.128859] HugeTLB registered 2.00 MiB page size, pre-allocated 0 pages
Oct 12 18:38:41 automation kernel: [    0.128859] ACPI: Added _OSI(Module Device)
Oct 12 18:38:41 automation kernel: [    0.128859] ACPI: Added _OSI(Processor Device)
Oct 12 18:38:41 automation kernel: [    0.128859] ACPI: Added _OSI(3.0 _SCP Extensions)
Oct 12 18:38:41 automation kernel: [    0.128859] ACPI: Added _OSI(Processor Aggregator Device)
Oct 12 18:38:41 automation kernel: [    0.128859] ACPI: Added _OSI(Linux-Dell-Video)
Oct 12 18:38:41 automation kernel: [    0.128859] ACPI: Added _OSI(Linux-Lenovo-NV-HDMI-Audio)
Oct 12 18:38:41 automation kernel: [    0.128859] ACPI: Added _OSI(Linux-HPI-Hybrid-Graphics)
Oct 12 18:38:41 automation kernel: [    0.128859] ACPI: Executed 1 blocks of module-level executable AML code
Oct 12 18:38:41 automation kernel: [    0.132738] ACPI: Interpreter enabled
Oct 12 18:38:41 automation kernel: [    0.132746] ACPI: (supports S0 S5)
Oct 12 18:38:41 automation kernel: [    0.132747] ACPI: Using IOAPIC for interrupt routing
Oct 12 18:38:41 automation kernel: [    0.132983] PCI: Using host bridge windows from ACPI; if necessary, use ""pci=nocrs"" and report a bug
Oct 12 18:38:41 automation kernel: [    0.133105] ACPI: Enabled 2 GPEs in block 00 to 07
Oct 12 18:38:41 automation kernel: [    0.138370] ACPI: PCI Root Bridge [PCI0] (domain 0000 [bus 00-ff])
Oct 12 18:38:41 automation kernel: [    0.138374] acpi PNP0A03:00: _OSC: OS supports [ASPM ClockPM Segments MSI]
Oct 12 18:38:41 automation kernel: [    0.138824] acpi PNP0A03:00: _OSC: not requesting OS control; OS requires [ExtendedConfig ASPM ClockPM MSI]
Oct 12 18:38:41 automation kernel: [    0.138831] acpi PNP0A03:00: fail to add MMCONFIG information, can't access extended PCI configuration space under this bridge.
Oct 12 18:38:41 automation kernel: [    0.139122] PCI host bridge to bus 0000:00
Oct 12 18:38:41 automation kernel: [    0.139124] pci_bus 0000:00: root bus resource [io  0x0000-0x0cf7 window]
Oct 12 18:38:41 automation kernel: [    0.139125] pci_bus 0000:00: root bus resource [io  0x0d00-0xffff window]
Oct 12 18:38:41 automation kernel: [    0.139126] pci_bus 0000:00: root bus resource [mem 0x000a0000-0x000bffff window]
Oct 12 18:38:41 automation kernel: [    0.139127] pci_bus 0000:00: root bus resource [mem 0xdb600000-0xfdffffff window]
Oct 12 18:38:41 automation kernel: [    0.139128] pci_bus 0000:00: root bus resource [bus 00-ff]
Oct 12 18:38:41 automation kernel: [    0.139158] pci 0000:00:00.0: [8086:1237] type 00 class 0x060000
Oct 12 18:38:41 automation kernel: [    0.139611] pci 0000:00:01.0: [8086:7000] type 00 class 0x060100
Oct 12 18:38:41 automation kernel: [    0.140846] pci 0000:00:01.1: [8086:7111] type 00 class 0x01018a
Oct 12 18:38:41 automation kernel: [    0.141502] pci 0000:00:01.1: reg 0x20: [io  0xd000-0xd00f]
Oct 12 18:38:41 automation kernel: [    0.141746] pci 0000:00:01.1: legacy IDE quirk: reg 0x10: [io  0x01f0-0x01f7]
Oct 12 18:38:41 automation kernel: [    0.141747] pci 0000:00:01.1: legacy IDE quirk: reg 0x14: [io  0x03f6]
Oct 12 18:38:41 automation kernel: [    0.141748] pci 0000:00:01.1: legacy IDE quirk: reg 0x18: [io  0x0170-0x0177]
Oct 12 18:38:41 automation kernel: [    0.141749] pci 0000:00:01.1: legacy IDE quirk: reg 0x1c: [io  0x0376]
Oct 12 18:38:41 automation kernel: [    0.142052] pci 0000:00:02.0: [15ad:0405] type 00 class 0x030000
Oct 12 18:38:41 automation kernel: [    0.144245] pci 0000:00:02.0: reg 0x10: [io  0xd010-0xd01f]
Oct 12 18:38:41 automation kernel: [    0.146214] pci 0000:00:02.0: reg 0x14: [mem 0xe0000000-0xe0ffffff pref]
Oct 12 18:38:41 automation kernel: [    0.148321] pci 0000:00:02.0: reg 0x18: [mem 0xf0000000-0xf01fffff]
Oct 12 18:38:41 automation kernel: [    0.158330] pci 0000:00:03.0: [8086:100e] type 00 class 0x020000
Oct 12 18:38:41 automation kernel: [    0.160104] pci 0000:00:03.0: reg 0x10: [mem 0xf0200000-0xf021ffff]
Oct 12 18:38:41 automation kernel: [    0.164107] pci 0000:00:03.0: reg 0x18: [io  0xd020-0xd027]
Oct 12 18:38:41 automation kernel: [    0.177395] pci 0000:00:04.0: [80ee:cafe] type 00 class 0x088000
Oct 12 18:38:41 automation kernel: [    0.179767] pci 0000:00:04.0: reg 0x10: [io  0xd040-0xd05f]
Oct 12 18:38:41 automation kernel: [    0.180087] pci 0000:00:04.0: reg 0x14: [mem 0xf0400000-0xf07fffff]
Oct 12 18:38:41 automation kernel: [    0.184097] pci 0000:00:04.0: reg 0x18: [mem 0xf0800000-0xf0803fff pref]
Oct 12 18:38:41 automation kernel: [    0.192401] pci 0000:00:05.0: [8086:2415] type 00 class 0x040100
Oct 12 18:38:41 automation kernel: [    0.192497] pci 0000:00:05.0: reg 0x10: [io  0xd100-0xd1ff]
Oct 12 18:38:41 automation kernel: [    0.192544] pci 0000:00:05.0: reg 0x14: [io  0xd200-0xd23f]
Oct 12 18:38:41 automation kernel: [    0.193008] pci 0000:00:06.0: [106b:003f] type 00 class 0x0c0310
Oct 12 18:38:41 automation kernel: [    0.196029] pci 0000:00:06.0: reg 0x10: [mem 0xf0804000-0xf0804fff]
Oct 12 18:38:41 automation kernel: [    0.212451] pci 0000:00:07.0: [8086:7113] type 00 class 0x068000
Oct 12 18:38:41 automation kernel: [    0.213078] pci 0000:00:07.0: quirk: [io  0x4000-0x403f] claimed by PIIX4 ACPI
Oct 12 18:38:41 automation kernel: [    0.213086] pci 0000:00:07.0: quirk: [io  0x4100-0x410f] claimed by PIIX4 SMB
Oct 12 18:38:41 automation kernel: [    0.213387] pci 0000:00:0b.0: [8086:265c] type 00 class 0x0c0320
Oct 12 18:38:41 automation kernel: [    0.216264] pci 0000:00:0b.0: reg 0x10: [mem 0xf0805000-0xf0805fff]
Oct 12 18:38:41 automation kernel: [    0.236272] pci 0000:00:0d.0: [8086:2829] type 00 class 0x010601
Oct 12 18:38:41 automation kernel: [    0.238841] pci 0000:00:0d.0: reg 0x10: [io  0xd240-0xd247]
Oct 12 18:38:41 automation kernel: [    0.240086] pci 0000:00:0d.0: reg 0x14: [io  0xd248-0xd24b]
Oct 12 18:38:41 automation kernel: [    0.241987] pci 0000:00:0d.0: reg 0x18: [io  0xd250-0xd257]
Oct 12 18:38:41 automation kernel: [    0.244087] pci 0000:00:0d.0: reg 0x1c: [io  0xd258-0xd25b]
Oct 12 18:38:41 automation kernel: [    0.247071] pci 0000:00:0d.0: reg 0x20: [io  0xd260-0xd26f]
Oct 12 18:38:41 automation kernel: [    0.248154] pci 0000:00:0d.0: reg 0x24: [mem 0xf0806000-0xf0807fff]
Oct 12 18:38:41 automation kernel: [    0.253609] ACPI: PCI Interrupt Link [LNKA] (IRQs 5 9 10 *11)
Oct 12 18:38:41 automation kernel: [    0.253844] ACPI: PCI Interrupt Link [LNKB] (IRQs 5 9 *10 11)
Oct 12 18:38:41 automation kernel: [    0.253927] ACPI: PCI Interrupt Link [LNKC] (IRQs 5 *9 10 11)
Oct 12 18:38:41 automation kernel: [    0.254020] ACPI: PCI Interrupt Link [LNKD] (IRQs 5 9 10 *11)
Oct 12 18:38:41 automation kernel: [    0.254429] SCSI subsystem initialized
Oct 12 18:38:41 automation kernel: [    0.254476] libata version 3.00 loaded.
Oct 12 18:38:41 automation kernel: [    0.254476] pci 0000:00:02.0: vgaarb: setting as boot VGA device
Oct 12 18:38:41 automation kernel: [    0.254476] pci 0000:00:02.0: vgaarb: VGA device added: decodes=io+mem,owns=io+mem,locks=none
Oct 12 18:38:41 automation kernel: [    0.254476] pci 0000:00:02.0: vgaarb: bridge control possible
Oct 12 18:38:41 automation kernel: [    0.254476] vgaarb: loaded
Oct 12 18:38:41 automation kernel: [    0.254476] ACPI: bus type USB registered
Oct 12 18:38:41 automation kernel: [    0.254476] usbcore: registered new interface driver usbfs
Oct 12 18:38:41 automation kernel: [    0.254476] usbcore: registered new interface driver hub
Oct 12 18:38:41 automation kernel: [    0.254476] usbcore: registered new device driver usb
Oct 12 18:38:41 automation kernel: [    0.256022] EDAC MC: Ver: 3.0.0
Oct 12 18:38:41 automation kernel: [    0.256267] PCI: Using ACPI for IRQ routing
Oct 12 18:38:41 automation kernel: [    0.256267] PCI: pci_cache_line_size set to 64 bytes
Oct 12 18:38:41 automation kernel: [    0.256267] e820: reserve RAM buffer [mem 0x0009fc00-0x0009ffff]
Oct 12 18:38:41 automation kernel: [    0.256267] e820: reserve RAM buffer [mem 0xdb5f0000-0xdbffffff]
Oct 12 18:38:41 automation kernel: [    0.256267] NetLabel: Initializing
Oct 12 18:38:41 automation kernel: [    0.256267] NetLabel:  domain hash size = 128
Oct 12 18:38:41 automation kernel: [    0.256267] NetLabel:  protocols = UNLABELED CIPSOv4 CALIPSO
Oct 12 18:38:41 automation kernel: [    0.256273] NetLabel:  unlabeled traffic allowed by default","2026-09-26T18:38:41.000+0000",,"1*2097152",true,,,,,,18,26,38,september,41,saturday,2026,local,,,,,"/cdrom/preseed.cfg",automation,,,,,"weather_index_report",,,English,0xdb5f0,us,,257,"en_US",0x400000000,,,,,critical,"__::__:_[____.]__:_=/-..--_=///-----__=_/=//._=___","/dev/mapper/ubuntu--vg-ubuntu--lv",US,,"weather-data (1)","weather_data",automation,,,"en_US.UTF-8",,16,,0,,,,,,
,,,,"Sep 26 18:35:01 automation CRON[20554]: (root) CMD (command -v debian-sa1 > /dev/null && debian-sa1 1 1)","2026-09-26T18:35:01.000+0000",,,,,,,,,18,26,35,september,1,saturday,2026,local,,,,,,automation,,,,,"weather_index_report",,,,,,,1,,,,,,,,"__::__[]:_()__(_-_-_>_//_&&_-__)",,,,"weather-data (1)","weather_data",automation,,,,,16,,0,,,,,,
,,,,"Sep 26 18:35:01 automation CRON[20554]: (root) CMD (command -v debian-sa1 > /dev/null && debian-sa1 1 1)","2026-09-26T18:35:01.000+0000",,,,,,,,,18,26,35,september,1,saturday,2026,local,,,,,,automation,,,,,"weather_index_report",,,,,,,1,,,,,,,,"__::__[]:_()__(_-_-_>_//_&&_-__)",,,,"weather-data (1)","weather_data",automation,,,,,16,,0,,,,,,
,,,,"Sep 26 18:34:27 automation grafana-agent[1126]: ts=2024-09-26T18:34:27.38296124Z caller=cleaner.go:203 level=warn agent=prometheus component=cleaner msg=""unable to find segment mtime of WAL"" name=/var/lib/grafana-agent/.cache err=""unable to open WAL: open /var/lib/grafana-agent/.cache/wal: no such file or directory""","2026-09-26T18:34:27.000+0000",prometheus,,,,"cleaner.go:203",,cleaner,,18,26,34,september,27,saturday,2026,local,,"unable to open WAL: open /var/lib/grafana-agent/.cache/wal: no such file or directory",,,,automation,,,,,"weather_index_report",,,,,,warn,1,,,,"unable to find segment mtime of WAL","/var/lib/grafana-agent/.cache",,,"__::__-[]:_=--::._=.:_=_=_=_=""______""_=///-/._=""__",,,,"weather-data (1)","weather_data",automation,,,,,16,,0,"2024-09-26T18:34:27.38296124Z",,,,,
,,,,"Sep 26 18:34:27 automation grafana-agent[1126]: ts=2024-09-26T18:34:27.38296124Z caller=cleaner.go:203 level=warn agent=prometheus component=cleaner msg=""unable to find segment mtime of WAL"" name=/var/lib/grafana-agent/.cache err=""unable to open WAL: open /var/lib/grafana-agent/.cache/wal: no such file or directory""","2026-09-26T18:34:27.000+0000",prometheus,,,,"cleaner.go:203",,cleaner,,18,26,34,september,27,saturday,2026,local,,"unable to open WAL: open /var/lib/grafana-agent/.cache/wal: no such file or directory",,,,automation,,,,,"weather_index_report",,,,,,warn,1,,,,"unable to find segment mtime of WAL","/var/lib/grafana-agent/.cache",,,"__::__-[]:_=--::._=.:_=_=_=_=""______""_=///-/._=""__",,,,"weather-data (1)","weather_data",automation,,,,,16,,0,"2024-09-26T18:34:27.38296124Z",,,,,
,,,,"Sep 26 18:25:01 automation CRON[20549]: (root) CMD (command -v debian-sa1 > /dev/null && debian-sa1 1 1)","2026-09-26T18:25:01.000+0000",,,,,,,,,18,26,25,september,1,saturday,2026,local,,,,,,automation,,,,,"weather_index_report",,,,,,,1,,,,,,,,"__::__[]:_()__(_-_-_>_//_&&_-__)",,,,"weather-data (1)","weather_data",automation,,,,,16,,0,,,,,,
,,,,"Sep 26 18:25:01 automation CRON[20549]: (root) CMD (command -v debian-sa1 > /dev/null && debian-sa1 1 1)","2026-09-26T18:25:01.000+0000",,,,,,,,,18,26,25,september,1,saturday,2026,local,,,,,,automation,,,,,"weather_index_report",,,,,,,1,,,,,,,,"__::__[]:_()__(_-_-_>_//_&&_-__)",,,,"weather-data (1)","weather_data",automation,,,,,16,,0,,,,,,
,,,,"Sep 26 18:17:01 automation CRON[20544]: (root) CMD (   cd / && run-parts --report /etc/cron.hourly)","2026-09-26T18:17:01.000+0000",,,,,,,,,18,26,17,september,1,saturday,2026,local,,,,,,automation,,,,,"weather_index_report",,,,,,,1,,,,,,,,"__::__[]:_()__(____/_&&_-_--_//.)",,,,"weather-data (1)","weather_data",automation,,,,,16,,0,,,,,,
,,,,"Sep 26 18:17:01 automation CRON[20544]: (root) CMD (   cd / && run-parts --report /etc/cron.hourly)","2026-09-26T18:17:01.000+0000",,,,,,,,,18,26,17,september,1,saturday,2026,local,,,,,,automation,,,,,"weather_index_report",,,,,,,1,,,,,,,,"__::__[]:_()__(____/_&&_-_--_//.)",,,,"weather-data (1)","weather_data",automation,,,,,16,,0,,,,,,
,,,,"Sep 26 18:15:01 automation CRON[20540]: (root) CMD (command -v debian-sa1 > /dev/null && debian-sa1 1 1)","2026-09-26T18:15:01.000+0000",,,,,,,,,18,26,15,september,1,saturday,2026,local,,,,,,automation,,,,,"weather_index_report",,,,,,,1,,,,,,,,"__::__[]:_()__(_-_-_>_//_&&_-__)",,,,"weather-data (1)","weather_data",automation,,,,,16,,0,,,,,,
,,,,"Sep 26 18:15:01 automation CRON[20540]: (root) CMD (command -v debian-sa1 > /dev/null && debian-sa1 1 1)","2026-09-26T18:15:01.000+0000",,,,,,,,,18,26,15,september,1,saturday,2026,local,,,,,,automation,,,,,"weather_index_report",,,,,,,1,,,,,,,,"__::__[]:_()__(_-_-_>_//_&&_-__)",,,,"weather-data (1)","weather_data",automation,,,,,16,,0,,,,,,
,,,,"Sep 26 18:05:01 automation CRON[20535]: (root) CMD (command -v debian-sa1 > /dev/null && debian-sa1 1 1)","2026-09-26T18:05:01.000+0000",,,,,,,,,18,26,5,september,1,saturday,2026,local,,,,,,automation,,,,,"weather_index_report",,,,,,,1,,,,,,,,"__::__[]:_()__(_-_-_>_//_&&_-__)",,,,"weather-data (1)","weather_data",automation,,,,,16,,0,,,,,,
,,,,"Sep 26 18:05:01 automation CRON[20535]: (root) CMD (command -v debian-sa1 > /dev/null && debian-sa1 1 1)","2026-09-26T18:05:01.000+0000",,,,,,,,,18,26,5,september,1,saturday,2026,local,,,,,,automation,,,,,"weather_index_report",,,,,,,1,,,,,,,,"__::__[]:_()__(_-_-_>_//_&&_-__)",,,,"weather-data (1)","weather_data",automation,,,,,16,,0,,,,,,
,,,,"Sep 26 18:04:27 automation grafana-agent[1126]: ts=2024-09-26T18:04:27.393104778Z caller=cleaner.go:203 level=warn agent=prometheus component=cleaner msg=""unable to find segment mtime of WAL"" name=/var/lib/grafana-agent/.cache err=""unable to open WAL: open /var/lib/grafana-agent/.cache/wal: no such file or directory""","2026-09-26T18:04:27.000+0000",prometheus,,,,"cleaner.go:203",,cleaner,,18,26,4,september,27,saturday,2026,local,,"unable to open WAL: open /var/lib/grafana-agent/.cache/wal: no such file or directory",,,,automation,,,,,"weather_index_report",,,,,,warn,1,,,,"unable to find segment mtime of WAL","/var/lib/grafana-agent/.cache",,,"__::__-[]:_=--::._=.:_=_=_=_=""______""_=///-/._=""__",,,,"weather-data (1)","weather_data",automation,,,,,16,,0,"2024-09-26T18:04:27.393104778Z",,,,,
,,,,"Sep 26 18:04:27 automation grafana-agent[1126]: ts=2024-09-26T18:04:27.393104778Z caller=cleaner.go:203 level=warn agent=prometheus component=cleaner msg=""unable to find segment mtime of WAL"" name=/var/lib/grafana-agent/.cache err=""unable to open WAL: open /var/lib/grafana-agent/.cache/wal: no such file or directory""","2026-09-26T18:04:27.000+0000",prometheus,,,,"cleaner.go:203",,cleaner,,18,26,4,september,27,saturday,2026,local,,"unable to open WAL: open /var/lib/grafana-agent/.cache/wal: no such file or directory",,,,automation,,,,,"weather_index_report",,,,,,warn,1,,,,"unable to find segment mtime of WAL","/var/lib/grafana-agent/.cache",,,"__::__-[]:_=--::._=.:_=_=_=_=""______""_=///-/._=""__",,,,"weather-data (1)","weather_data",automation,,,,,16,,0,"2024-09-26T18:04:27.393104778Z",,,,,
,,,,"Sep 26 18:04:10 automation systemd-timesyncd[740]: Synchronized to time server [2620:2d:4000:1::41]:123 (ntp.ubuntu.com).","2026-09-26T18:04:10.000+0000",,,,,,,,,18,26,4,september,10,saturday,2026,local,,,,,,automation,,,,,"weather_index_report",,,,,,,1,,,,,,,,"__::__-[]:_____[:::::]:_(..).",,,,"weather-data (1)","weather_data",automation,,,,,16,,0,,,,,,
,,,,"Sep 26 18:04:10 automation systemd-timesyncd[740]: Network configuration changed, trying to establish connection.","2026-09-26T18:04:10.000+0000",,,,,,,,,18,26,4,september,10,saturday,2026,local,,,,,,automation,,,,,"weather_index_report",,,,,,,1,,,,,,,,"__::__-[]:___,____.",,,,"weather-data (1)","weather_data",automation,,,,,16,,0,,,,,,
,,,,"Sep 26 18:04:10 automation systemd-networkd[940]: enp0s3: Configured","2026-09-26T18:04:10.000+0000",,,,,,,,,18,26,4,september,10,saturday,2026,local,,,,,,automation,,,,,"weather_index_report",,,,,,,1,,,,,,,,"__::__-[]:_:_",,,,"weather-data (1)","weather_data",automation,,,,,16,,0,,,,,,
,,,,"Sep 26 18:04:10 automation systemd-networkd[940]: enp0s3: DHCPv4 address 192.168.0.18/24 via 192.168.0.1","2026-09-26T18:04:10.000+0000",,,,,,,,,18,26,4,september,10,saturday,2026,local,,,,,,automation,,,,,"weather_index_report",,,,,,,1,,,,,,,,"__::__-[]:_:___.../__...",,,,"weather-data (1)","weather_data",automation,,,,,16,,0,,,,,,
,,,,"Sep 26 18:04:10 automation systemd[1]: Started Hostname Service.","2026-09-26T18:04:10.000+0000",,,,,,,,,18,26,4,september,10,saturday,2026,local,,,,,,automation,,,,,"weather_index_report",,,,,,,1,,,,,,,,"__::__[]:___.",,,,"weather-data (1)","weather_data",automation,,,,,16,,0,,,,,,
,,,,"Sep 26 18:04:10 automation dbus-daemon[1060]: [system] Successfully activated service 'org.freedesktop.hostname1'","2026-09-26T18:04:10.000+0000",,,,,,,,,18,26,4,september,10,saturday,2026,local,,,,,,automation,,,,,"weather_index_report",,,,,,,1,,,,,,,,"__::__-[]:_[]____'..'",,,,"weather-data (1)","weather_data",automation,,,,,16,,0,,,,,,
,,,,"Sep 26 18:04:10 automation systemd-timesyncd[740]: Synchronized to time server [2620:2d:4000:1::41]:123 (ntp.ubuntu.com).","2026-09-26T18:04:10.000+0000",,,,,,,,,18,26,4,september,10,saturday,2026,local,,,,,,automation,,,,,"weather_index_report",,,,,,,1,,,,,,,,"__::__-[]:_____[:::::]:_(..).",,,,"weather-data (1)","weather_data",automation,,,,,16,,0,,,,,,
,,,,"Sep 26 18:04:10 automation systemd[1]: Starting Hostname Service...","2026-09-26T18:04:10.000+0000",,,,,,,,,18,26,4,september,10,saturday,2026,local,,,,,,automation,,,,,"weather_index_report",,,,,,,1,,,,,,,,"__::__[]:___...",,,,"weather-data (1)","weather_data",automation,,,,,16,,0,,,,,,
,,,,"Sep 26 18:04:10 automation dbus-daemon[1060]: [system] Activating via systemd: service name='org.freedesktop.hostname1' unit='dbus-org.freedesktop.hostname1.service' requested by ':1.2' (uid=100 pid=940 comm=""/lib/systemd/systemd-networkd "" label=""unconfined"")","2026-09-26T18:04:10.000+0000",,,,,,"/lib/systemd/systemd-networkd",,,18,26,4,september,10,saturday,2026,local,,,,,,automation,,,,,"weather_index_report",,unconfined,,,,,1,,,,,"'org.freedesktop.hostname1'",940,,"__::__-[]:_[]___:__='..'_='-...'___':.'_(=_=_=""///",,,,"weather-data (1)","weather_data",automation,,,,,16,,0,,100,"'dbus-org.freedesktop.hostname1.service'",,,
,,,,"Sep 26 18:04:10 automation systemd-timesyncd[740]: Network configuration changed, trying to establish connection.","2026-09-26T18:04:10.000+0000",,,,,,,,,18,26,4,september,10,saturday,2026,local,,,,,,automation,,,,,"weather_index_report",,,,,,,1,,,,,,,,"__::__-[]:___,____.",,,,"weather-data (1)","weather_data",automation,,,,,16,,0,,,,,,
,,,,"Sep 26 18:04:10 automation systemd-networkd[940]: enp0s3: DHCP lease lost","2026-09-26T18:04:10.000+0000",,,,,,,,,18,26,4,september,10,saturday,2026,local,,,,,,automation,,,,,"weather_index_report",,,,,,,1,,,,,,,,"__::__-[]:_:___",,,,"weather-data (1)","weather_data",automation,,,,,16,,0,,,,,,
,,,,"Sep 26 18:04:10 automation systemd-timesyncd[740]: Synchronized to time server [2620:2d:4000:1::41]:123 (ntp.ubuntu.com).","2026-09-26T18:04:10.000+0000",,,,,,,,,18,26,4,september,10,saturday,2026,local,,,,,,automation,,,,,"weather_index_report",,,,,,,1,,,,,,,,"__::__-[]:_____[:::::]:_(..).",,,,"weather-data (1)","weather_data",automation,,,,,16,,0,,,,,,
,,,,"Sep 26 18:04:10 automation systemd-timesyncd[740]: Network configuration changed, trying to establish connection.","2026-09-26T18:04:10.000+0000",,,,,,,,,18,26,4,september,10,saturday,2026,local,,,,,,automation,,,,,"weather_index_report",,,,,,,1,,,,,,,,"__::__-[]:___,____.",,,,"weather-data (1)","weather_data",automation,,,,,16,,0,,,,,,
,,,,"Sep 26 18:04:10 automation systemd-networkd[940]: enp0s3: Configured","2026-09-26T18:04:10.000+0000",,,,,,,,,18,26,4,september,10,saturday,2026,local,,,,,,automation,,,,,"weather_index_report",,,,,,,1,,,,,,,,"__::__-[]:_:_",,,,"weather-data (1)","weather_data",automation,,,,,16,,0,,,,,,
,,,,"Sep 26 18:04:10 automation systemd-networkd[940]: enp0s3: DHCPv4 address 192.168.0.18/24 via 192.168.0.1","2026-09-26T18:04:10.000+0000",,,,,,,,,18,26,4,september,10,saturday,2026,local,,,,,,automation,,,,,"weather_index_report",,,,,,,1,,,,,,,,"__::__-[]:_:___.../__...",,,,"weather-data (1)","weather_data",automation,,,,,16,,0,,,,,,
,,,,"Sep 26 18:04:10 automation systemd[1]: Started Hostname Service.","2026-09-26T18:04:10.000+0000",,,,,,,,,18,26,4,september,10,saturday,2026,local,,,,,,automation,,,,,"weather_index_report",,,,,,,1,,,,,,,,"__::__[]:___.",,,,"weather-data (1)","weather_data",automation,,,,,16,,0,,,,,,
,,,,"Sep 26 18:04:10 automation dbus-daemon[1060]: [system] Successfully activated service 'org.freedesktop.hostname1'","2026-09-26T18:04:10.000+0000",,,,,,,,,18,26,4,september,10,saturday,2026,local,,,,,,automation,,,,,"weather_index_report",,,,,,,1,,,,,,,,"__::__-[]:_[]____'..'",,,,"weather-data (1)","weather_data",automation,,,,,16,,0,,,,,,
,,,,"Sep 26 18:04:10 automation systemd-timesyncd[740]: Synchronized to time server [2620:2d:4000:1::41]:123 (ntp.ubuntu.com).","2026-09-26T18:04:10.000+0000",,,,,,,,,18,26,4,september,10,saturday,2026,local,,,,,,automation,,,,,"weather_index_report",,,,,,,1,,,,,,,,"__::__-[]:_____[:::::]:_(..).",,,,"weather-data (1)","weather_data",automation,,,,,16,,0,,,,,,
,,,,"Sep 26 18:04:10 automation systemd[1]: Starting Hostname Service...","2026-09-26T18:04:10.000+0000",,,,,,,,,18,26,4,september,10,saturday,2026,local,,,,,,automation,,,,,"weather_index_report",,,,,,,1,,,,,,,,"__::__[]:___...",,,,"weather-data (1)","weather_data",automation,,,,,16,,0,,,,,,
,,,,"Sep 26 18:04:10 automation dbus-daemon[1060]: [system] Activating via systemd: service name='org.freedesktop.hostname1' unit='dbus-org.freedesktop.hostname1.service' requested by ':1.2' (uid=100 pid=940 comm=""/lib/systemd/systemd-networkd "" label=""unconfined"")","2026-09-26T18:04:10.000+0000",,,,,,"/lib/systemd/systemd-networkd",,,18,26,4,september,10,saturday,2026,local,,,,,,automation,,,,,"weather_index_report",,unconfined,,,,,1,,,,,"'org.freedesktop.hostname1'",940,,"__::__-[]:_[]___:__='..'_='-...'___':.'_(=_=_=""///",,,,"weather-data (1)","weather_data",automation,,,,,16,,0,,100,"'dbus-org.freedesktop.hostname1.service'",,,
,,,,"Sep 26 18:04:10 automation systemd-timesyncd[740]: Network configuration changed, trying to establish connection.","2026-09-26T18:04:10.000+0000",,,,,,,,,18,26,4,september,10,saturday,2026,local,,,,,,automation,,,,,"weather_index_report",,,,,,,1,,,,,,,,"__::__-[]:___,____.",,,,"weather-data (1)","weather_data",automation,,,,,16,,0,,,,,,
,,,,"Sep 26 18:04:10 automation systemd-networkd[940]: enp0s3: DHCP lease lost","2026-09-26T18:04:10.000+0000",,,,,,,,,18,26,4,september,10,saturday,2026,local,,,,,,automation,,,,,"weather_index_report",,,,,,,1,,,,,,,,"__::__-[]:_:___",,,,"weather-data (1)","weather_data",automation,,,,,16,,0,,,,,,
,,,,"Sep 26 17:55:01 automation CRON[20487]: (root) CMD (command -v debian-sa1 > /dev/null && debian-sa1 1 1)","2026-09-26T17:55:01.000+0000",,,,,,,,,17,26,55,september,1,saturday,2026,local,,,,,,automation,,,,,"weather_index_report",,,,,,,1,,,,,,,,"__::__[]:_()__(_-_-_>_//_&&_-__)",,,,"weather-data (1)","weather_data",automation,,,,,16,,0,,,,,,
,,,,"Sep 26 17:55:01 automation CRON[20487]: (root) CMD (command -v debian-sa1 > /dev/null && debian-sa1 1 1)","2026-09-26T17:55:01.000+0000",,,,,,,,,17,26,55,september,1,saturday,2026,local,,,,,,automation,,,,,"weather_index_report",,,,,,,1,,,,,,,,"__::__[]:_()__(_-_-_>_//_&&_-__)",,,,"weather-data (1)","weather_data",automation,,,,,16,,0,,,,,,
,,,,"Sep 26 17:45:03 automation CRON[20482]: (root) CMD (command -v debian-sa1 > /dev/null && debian-sa1 1 1)","2026-09-26T17:45:03.000+0000",,,,,,,,,17,26,45,september,3,saturday,2026,local,,,,,,automation,,,,,"weather_index_report",,,,,,,1,,,,,,,,"__::__[]:_()__(_-_-_>_//_&&_-__)",,,,"weather-data (1)","weather_data",automation,,,,,16,,0,,,,,,
,,,,"Sep 26 17:45:03 automation CRON[20482]: (root) CMD (command -v debian-sa1 > /dev/null && debian-sa1 1 1)","2026-09-26T17:45:03.000+0000",,,,,,,,,17,26,45,september,3,saturday,2026,local,,,,,,automation,,,,,"weather_index_report",,,,,,,1,,,,,,,,"__::__[]:_()__(_-_-_>_//_&&_-__)",,,,"weather-data (1)","weather_data",automation,,,,,16,,0,,,,,,
,,,,"Sep 26 17:35:01 automation CRON[20477]: (root) CMD (command -v debian-sa1 > /dev/null && debian-sa1 1 1)","2026-09-26T17:35:01.000+0000",,,,,,,,,17,26,35,september,1,saturday,2026,local,,,,,,automation,,,,,"weather_index_report",,,,,,,1,,,,,,,,"__::__[]:_()__(_-_-_>_//_&&_-__)",,,,"weather-data (1)","weather_data",automation,,,,,16,,0,,,,,,
,,,,"Sep 26 17:35:01 automation CRON[20477]: (root) CMD (command -v debian-sa1 > /dev/null && debian-sa1 1 1)","2026-09-26T17:35:01.000+0000",,,,,,,,,17,26,35,september,1,saturday,2026,local,,,,,,automation,,,,,"weather_index_report",,,,,,,1,,,,,,,,"__::__[]:_()__(_-_-_>_//_&&_-__)",,,,"weather-data (1)","weather_data",automation,,,,,16,,0,,,,,,
,,,,"Sep 26 17:34:27 automation grafana-agent[1126]: ts=2024-09-26T17:34:27.38355943Z caller=cleaner.go:203 level=warn agent=prometheus component=cleaner msg=""unable to find segment mtime of WAL"" name=/var/lib/grafana-agent/.cache err=""unable to open WAL: open /var/lib/grafana-agent/.cache/wal: no such file or directory""","2026-09-26T17:34:27.000+0000",prometheus,,,,"cleaner.go:203",,cleaner,,17,26,34,september,27,saturday,2026,local,,"unable to open WAL: open /var/lib/grafana-agent/.cache/wal: no such file or directory",,,,automation,,,,,"weather_index_report",,,,,,warn,1,,,,"unable to find segment mtime of WAL","/var/lib/grafana-agent/.cache",,,"__::__-[]:_=--::._=.:_=_=_=_=""______""_=///-/._=""__",,,,"weather-data (1)","weather_data",automation,,,,,16,,0,"2024-09-26T17:34:27.38355943Z",,,,,
,,,,"Sep 26 17:34:27 automation grafana-agent[1126]: ts=2024-09-26T17:34:27.38355943Z caller=cleaner.go:203 level=warn agent=prometheus component=cleaner msg=""unable to find segment mtime of WAL"" name=/var/lib/grafana-agent/.cache err=""unable to open WAL: open /var/lib/grafana-agent/.cache/wal: no such file or directory""","2026-09-26T17:34:27.000+0000",prometheus,,,,"cleaner.go:203",,cleaner,,17,26,34,september,27,saturday,2026,local,,"unable to open WAL: open /var/lib/grafana-agent/.cache/wal: no such file or directory",,,,automation,,,,,"weather_index_report",,,,,,warn,1,,,,"unable to find segment mtime of WAL","/var/lib/grafana-agent/.cache",,,"__::__-[]:_=--::._=.:_=_=_=_=""______""_=///-/._=""__",,,,"weather-data (1)","weather_data",automation,,,,,16,,0,"2024-09-26T17:34:27.38355943Z",,,,,
,,,,"Sep 26 17:25:02 automation CRON[20471]: (root) CMD (command -v debian-sa1 > /dev/null && debian-sa1 1 1)","2026-09-26T17:25:02.000+0000",,,,,,,,,17,26,25,september,2,saturday,2026,local,,,,,,automation,,,,,"weather_index_report",,,,,,,1,,,,,,,,"__::__[]:_()__(_-_-_>_//_&&_-__)",,,,"weather-data (1)","weather_data",automation,,,,,16,,0,,,,,,
,,,,"Sep 26 17:25:02 automation CRON[20471]: (root) CMD (command -v debian-sa1 > /dev/null && debian-sa1 1 1)","2026-09-26T17:25:02.000+0000",,,,,,,,,17,26,25,september,2,saturday,2026,local,,,,,,automation,,,,,"weather_index_report",,,,,,,1,,,,,,,,"__::__[]:_()__(_-_-_>_//_&&_-__)",,,,"weather-data (1)","weather_data",automation,,,,,16,,0,,,,,,
,,,,"Sep 26 17:17:02 automation CRON[20466]: (root) CMD (   cd / && run-parts --report /etc/cron.hourly)","2026-09-26T17:17:02.000+0000",,,,,,,,,17,26,17,september,2,saturday,2026,local,,,,,,automation,,,,,"weather_index_report",,,,,,,1,,,,,,,,"__::__[]:_()__(____/_&&_-_--_//.)",,,,"weather-data (1)","weather_data",automation,,,,,16,,0,,,,,,
,,,,"Sep 26 17:17:02 automation CRON[20466]: (root) CMD (   cd / && run-parts --report /etc/cron.hourly)","2026-09-26T17:17:02.000+0000",,,,,,,,,17,26,17,september,2,saturday,2026,local,,,,,,automation,,,,,"weather_index_report",,,,,,,1,,,,,,,,"__::__[]:_()__(____/_&&_-_--_//.)",,,,"weather-data (1)","weather_data",automation,,,,,16,,0,,,,,,
,,,,"Sep 26 17:15:01 automation CRON[20463]: (root) CMD (command -v debian-sa1 > /dev/null && debian-sa1 1 1)","2026-09-26T17:15:01.000+0000",,,,,,,,,17,26,15,september,1,saturday,2026,local,,,,,,automation,,,,,"weather_index_report",,,,,,,1,,,,,,,,"__::__[]:_()__(_-_-_>_//_&&_-__)",,,,"weather-data (1)","weather_data",automation,,,,,16,,0,,,,,,
,,,,"Sep 26 17:15:01 automation CRON[20463]: (root) CMD (command -v debian-sa1 > /dev/null && debian-sa1 1 1)","2026-09-26T17:15:01.000+0000",,,,,,,,,17,26,15,september,1,saturday,2026,local,,,,,,automation,,,,,"weather_index_report",,,,,,,1,,,,,,,,"__::__[]:_()__(_-_-_>_//_&&_-__)",,,,"weather-data (1)","weather_data",automation,,,,,16,,0,,,,,,
,,,,"Sep 26 17:05:01 automation CRON[20458]: (root) CMD (command -v debian-sa1 > /dev/null && debian-sa1 1 1)","2026-09-26T17:05:01.000+0000",,,,,,,,,17,26,5,september,1,saturday,2026,local,,,,,,automation,,,,,"weather_index_report",,,,,,,1,,,,,,,,"__::__[]:_()__(_-_-_>_//_&&_-__)",,,,"weather-data (1)","weather_data",automation,,,,,16,,0,,,,,,
,,,,"Sep 26 17:05:01 automation CRON[20458]: (root) CMD (command -v debian-sa1 > /dev/null && debian-sa1 1 1)","2026-09-26T17:05:01.000+0000",,,,,,,,,17,26,5,september,1,saturday,2026,local,,,,,,automation,,,,,"weather_index_report",,,,,,,1,,,,,,,,"__::__[]:_()__(_-_-_>_//_&&_-__)",,,,"weather-data (1)","weather_data",automation,,,,,16,,0,,,,,,
,,,,"Sep 26 17:04:27 automation grafana-agent[1126]: ts=2024-09-26T17:04:27.402566665Z caller=cleaner.go:203 level=warn agent=prometheus component=cleaner msg=""unable to find segment mtime of WAL"" name=/var/lib/grafana-agent/.cache err=""unable to open WAL: open /var/lib/grafana-agent/.cache/wal: no such file or directory""","2026-09-26T17:04:27.000+0000",prometheus,,,,"cleaner.go:203",,cleaner,,17,26,4,september,27,saturday,2026,local,,"unable to open WAL: open /var/lib/grafana-agent/.cache/wal: no such file or directory",,,,automation,,,,,"weather_index_report",,,,,,warn,1,,,,"unable to find segment mtime of WAL","/var/lib/grafana-agent/.cache",,,"__::__-[]:_=--::._=.:_=_=_=_=""______""_=///-/._=""__",,,,"weather-data (1)","weather_data",automation,,,,,16,,0,"2024-09-26T17:04:27.402566665Z",,,,,
,,,,"Sep 26 17:04:27 automation grafana-agent[1126]: ts=2024-09-26T17:04:27.402566665Z caller=cleaner.go:203 level=warn agent=prometheus component=cleaner msg=""unable to find segment mtime of WAL"" name=/var/lib/grafana-agent/.cache err=""unable to open WAL: open /var/lib/grafana-agent/.cache/wal: no such file or directory""","2026-09-26T17:04:27.000+0000",prometheus,,,,"cleaner.go:203",,cleaner,,17,26,4,september,27,saturday,2026,local,,"unable to open WAL: open /var/lib/grafana-agent/.cache/wal: no such file or directory",,,,automation,,,,,"weather_index_report",,,,,,warn,1,,,,"unable to find segment mtime of WAL","/var/lib/grafana-agent/.cache",,,"__::__-[]:_=--::._=.:_=_=_=_=""______""_=///-/._=""__",,,,"weather-data (1)","weather_data",automation,,,,,16,,0,"2024-09-26T17:04:27.402566665Z",,,,,
,,,,"Sep 26 17:04:11 automation systemd-timesyncd[740]: Synchronized to time server [2620:2d:4000:1::41]:123 (ntp.ubuntu.com).","2026-09-26T17:04:11.000+0000",,,,,,,,,17,26,4,september,11,saturday,2026,local,,,,,,automation,,,,,"weather_index_report",,,,,,,1,,,,,,,,"__::__-[]:_____[:::::]:_(..).",,,,"weather-data (1)","weather_data",automation,,,,,16,,0,,,,,,
,,,,"Sep 26 17:04:11 automation systemd-timesyncd[740]: Synchronized to time server [2620:2d:4000:1::41]:123 (ntp.ubuntu.com).","2026-09-26T17:04:11.000+0000",,,,,,,,,17,26,4,september,11,saturday,2026,local,,,,,,automation,,,,,"weather_index_report",,,,,,,1,,,,,,,,"__::__-[]:_____[:::::]:_(..).",,,,"weather-data (1)","weather_data",automation,,,,,16,,0,,,,,,
,,,,"Sep 26 17:04:10 automation systemd-timesyncd[740]: Network configuration changed, trying to establish connection.","2026-09-26T17:04:10.000+0000",,,,,,,,,17,26,4,september,10,saturday,2026,local,,,,,,automation,,,,,"weather_index_report",,,,,,,1,,,,,,,,"__::__-[]:___,____.",,,,"weather-data (1)","weather_data",automation,,,,,16,,0,,,,,,
,,,,"Sep 26 17:04:10 automation systemd-networkd[940]: enp0s3: Configured","2026-09-26T17:04:10.000+0000",,,,,,,,,17,26,4,september,10,saturday,2026,local,,,,,,automation,,,,,"weather_index_report",,,,,,,1,,,,,,,,"__::__-[]:_:_",,,,"weather-data (1)","weather_data",automation,,,,,16,,0,,,,,,
,,,,"Sep 26 17:04:10 automation systemd-networkd[940]: enp0s3: DHCPv4 address 192.168.0.18/24 via 192.168.0.1","2026-09-26T17:04:10.000+0000",,,,,,,,,17,26,4,september,10,saturday,2026,local,,,,,,automation,,,,,"weather_index_report",,,,,,,1,,,,,,,,"__::__-[]:_:___.../__...",,,,"weather-data (1)","weather_data",automation,,,,,16,,0,,,,,,
,,,,"Sep 26 17:04:10 automation systemd[1]: Started Hostname Service.","2026-09-26T17:04:10.000+0000",,,,,,,,,17,26,4,september,10,saturday,2026,local,,,,,,automation,,,,,"weather_index_report",,,,,,,1,,,,,,,,"__::__[]:___.",,,,"weather-data (1)","weather_data",automation,,,,,16,,0,,,,,,
,,,,"Sep 26 17:04:10 automation dbus-daemon[1060]: [system] Successfully activated service 'org.freedesktop.hostname1'","2026-09-26T17:04:10.000+0000",,,,,,,,,17,26,4,september,10,saturday,2026,local,,,,,,automation,,,,,"weather_index_report",,,,,,,1,,,,,,,,"__::__-[]:_[]____'..'",,,,"weather-data (1)","weather_data",automation,,,,,16,,0,,,,,,
,,,,"Sep 26 17:04:10 automation systemd-timesyncd[740]: Synchronized to time server [2620:2d:4000:1::41]:123 (ntp.ubuntu.com).","2026-09-26T17:04:10.000+0000",,,,,,,,,17,26,4,september,10,saturday,2026,local,,,,,,automation,,,,,"weather_index_report",,,,,,,1,,,,,,,,"__::__-[]:_____[:::::]:_(..).",,,,"weather-data (1)","weather_data",automation,,,,,16,,0,,,,,,
,,,,"Sep 26 17:04:10 automation systemd[1]: Starting Hostname Service...","2026-09-26T17:04:10.000+0000",,,,,,,,,17,26,4,september,10,saturday,2026,local,,,,,,automation,,,,,"weather_index_report",,,,,,,1,,,,,,,,"__::__[]:___...",,,,"weather-data (1)","weather_data",automation,,,,,16,,0,,,,,,
,,,,"Sep 26 17:04:10 automation dbus-daemon[1060]: [system] Activating via systemd: service name='org.freedesktop.hostname1' unit='dbus-org.freedesktop.hostname1.service' requested by ':1.2' (uid=100 pid=940 comm=""/lib/systemd/systemd-networkd "" label=""unconfined"")","2026-09-26T17:04:10.000+0000",,,,,,"/lib/systemd/systemd-networkd",,,17,26,4,september,10,saturday,2026,local,,,,,,automation,,,,,"weather_index_report",,unconfined,,,,,1,,,,,"'org.freedesktop.hostname1'",940,,"__::__-[]:_[]___:__='..'_='-...'___':.'_(=_=_=""///",,,,"weather-data (1)","weather_data",automation,,,,,16,,0,,100,"'dbus-org.freedesktop.hostname1.service'",,,
,,,,"Sep 26 17:04:10 automation systemd-timesyncd[740]: Network configuration changed, trying to establish connection.","2026-09-26T17:04:10.000+0000",,,,,,,,,17,26,4,september,10,saturday,2026,local,,,,,,automation,,,,,"weather_index_report",,,,,,,1,,,,,,,,"__::__-[]:___,____.",,,,"weather-data (1)","weather_data",automation,,,,,16,,0,,,,,,
,,,,"Sep 26 17:04:10 automation systemd-networkd[940]: enp0s3: DHCP lease lost","2026-09-26T17:04:10.000+0000",,,,,,,,,17,26,4,september,10,saturday,2026,local,,,,,,automation,,,,,"weather_index_report",,,,,,,1,,,,,,,,"__::__-[]:_:___",,,,"weather-data (1)","weather_data",automation,,,,,16,,0,,,,,,
,,,,"Sep 26 17:04:10 automation systemd-timesyncd[740]: Network configuration changed, trying to establish connection.","2026-09-26T17:04:10.000+0000",,,,,,,,,17,26,4,september,10,saturday,2026,local,,,,,,automation,,,,,"weather_index_report",,,,,,,1,,,,,,,,"__::__-[]:___,____.",,,,"weather-data (1)","weather_data",automation,,,,,16,,0,,,,,,
,,,,"Sep 26 17:04:10 automation systemd-networkd[940]: enp0s3: Configured","2026-09-26T17:04:10.000+0000",,,,,,,,,17,26,4,september,10,saturday,2026,local,,,,,,automation,,,,,"weather_index_report",,,,,,,1,,,,,,,,"__::__-[]:_:_",,,,"weather-data (1)","weather_data",automation,,,,,16,,0,,,,,,
,,,,"Sep 26 17:04:10 automation systemd-networkd[940]: enp0s3: DHCPv4 address 192.168.0.18/24 via 192.168.0.1","2026-09-26T17:04:10.000+0000",,,,,,,,,17,26,4,september,10,saturday,2026,local,,,,,,automation,,,,,"weather_index_report",,,,,,,1,,,,,,,,"__::__-[]:_:___.../__...",,,,"weather-data (1)","weather_data",automation,,,,,16,,0,,,,,,
,,,,"Sep 26 17:04:10 automation systemd[1]: Started Hostname Service.","2026-09-26T17:04:10.000+0000",,,,,,,,,17,26,4,september,10,saturday,2026,local,,,,,,automation,,,,,"weather_index_report",,,,,,,1,,,,,,,,"__::__[]:___.",,,,"weather-data (1)","weather_data",automation,,,,,16,,0,,,,,,
,,,,"Sep 26 17:04:10 automation dbus-daemon[1060]: [system] Successfully activated service 'org.freedesktop.hostname1'","2026-09-26T17:04:10.000+0000",,,,,,,,,17,26,4,september,10,saturday,2026,local,,,,,,automation,,,,,"weather_index_report",,,,,,,1,,,,,,,,"__::__-[]:_[]____'..'",,,,"weather-data (1)","weather_data",automation,,,,,16,,0,,,,,,
,,,,"Sep 26 17:04:10 automation systemd-timesyncd[740]: Synchronized to time server [2620:2d:4000:1::41]:123 (ntp.ubuntu.com).","2026-09-26T17:04:10.000+0000",,,,,,,,,17,26,4,september,10,saturday,2026,local,,,,,,automation,,,,,"weather_index_report",,,,,,,1,,,,,,,,"__::__-[]:_____[:::::]:_(..).",,,,"weather-data (1)","weather_data",automation,,,,,16,,0,,,,,,
,,,,"Sep 26 17:04:10 automation systemd[1]: Starting Hostname Service...","2026-09-26T17:04:10.000+0000",,,,,,,,,17,26,4,september,10,saturday,2026,local,,,,,,automation,,,,,"weather_index_report",,,,,,,1,,,,,,,,"__::__[]:___...",,,,"weather-data (1)","weather_data",automation,,,,,16,,0,,,,,,
,,,,"Sep 26 17:04:10 automation dbus-daemon[1060]: [system] Activating via systemd: service name='org.freedesktop.hostname1' unit='dbus-org.freedesktop.hostname1.service' requested by ':1.2' (uid=100 pid=940 comm=""/lib/systemd/systemd-networkd "" label=""unconfined"")","2026-09-26T17:04:10.000+0000",,,,,,"/lib/systemd/systemd-networkd",,,17,26,4,september,10,saturday,2026,local,,,,,,automation,,,,,"weather_index_report",,unconfined,,,,,1,,,,,"'org.freedesktop.hostname1'",940,,"__::__-[]:_[]___:__='..'_='-...'___':.'_(=_=_=""///",,,,"weather-data (1)","weather_data",automation,,,,,16,,0,,100,"'dbus-org.freedesktop.hostname1.service'",,,
,,,,"Sep 26 17:04:10 automation systemd-timesyncd[740]: Network configuration changed, trying to establish connection.","2026-09-26T17:04:10.000+0000",,,,,,,,,17,26,4,september,10,saturday,2026,local,,,,,,automation,,,,,"weather_index_report",,,,,,,1,,,,,,,,"__::__-[]:___,____.",,,,"weather-data (1)","weather_data",automation,,,,,16,,0,,,,,,
,,,,"Sep 26 17:04:10 automation systemd-networkd[940]: enp0s3: DHCP lease lost","2026-09-26T17:04:10.000+0000",,,,,,,,,17,26,4,september,10,saturday,2026,local,,,,,,automation,,,,,"weather_index_report",,,,,,,1,,,,,,,,"__::__-[]:_:___",,,,"weather-data (1)","weather_data",automation,,,,,16,,0,,,,,,
,,,,"Sep 26 16:55:01 automation CRON[20409]: (root) CMD (command -v debian-sa1 > /dev/null && debian-sa1 1 1)","2026-09-26T16:55:01.000+0000",,,,,,,,,16,26,55,september,1,saturday,2026,local,,,,,,automation,,,,,"weather_index_report",,,,,,,1,,,,,,,,"__::__[]:_()__(_-_-_>_//_&&_-__)",,,,"weather-data (1)","weather_data",automation,,,,,16,,0,,,,,,
,,,,"Sep 26 16:55:01 automation CRON[20409]: (root) CMD (command -v debian-sa1 > /dev/null && debian-sa1 1 1)","2026-09-26T16:55:01.000+0000",,,,,,,,,16,26,55,september,1,saturday,2026,local,,,,,,automation,,,,,"weather_index_report",,,,,,,1,,,,,,,,"__::__[]:_()__(_-_-_>_//_&&_-__)",,,,"weather-data (1)","weather_data",automation,,,,,16,,0,,,,,,
,,,,"Sep 26 16:45:03 automation CRON[20404]: (root) CMD (command -v debian-sa1 > /dev/null && debian-sa1 1 1)","2026-09-26T16:45:03.000+0000",,,,,,,,,16,26,45,september,3,saturday,2026,local,,,,,,automation,,,,,"weather_index_report",,,,,,,1,,,,,,,,"__::__[]:_()__(_-_-_>_//_&&_-__)",,,,"weather-data (1)","weather_data",automation,,,,,16,,0,,,,,,
,,,,"Sep 26 16:45:03 automation CRON[20404]: (root) CMD (command -v debian-sa1 > /dev/null && debian-sa1 1 1)","2026-09-26T16:45:03.000+0000",,,,,,,,,16,26,45,september,3,saturday,2026,local,,,,,,automation,,,,,"weather_index_report",,,,,,,1,,,,,,,,"__::__[]:_()__(_-_-_>_//_&&_-__)",,,,"weather-data (1)","weather_data",automation,,,,,16,,0,,,,,,
,,,,"Sep 26 16:39:23 automation systemd[1]: Started Message of the Day.","2026-09-26T16:39:23.000+0000",,,,,,,,,16,26,39,september,23,saturday,2026,local,,,,,,automation,,,,,"weather_index_report",,,,,,,1,,,,,,,,"__::__[]:_____.",,,,"weather-data (1)","weather_data",automation,,,,,16,,0,,,,,,
,,,,"Sep 26 16:39:23 automation 50-motd-news[20342]:    https://ubuntu.com/engage/secure-kubernetes-at-the-edge","2026-09-26T16:39:23.000+0000",,,,,,,,,16,26,39,september,23,saturday,2026,local,,,,,,automation,,,,,"weather_index_report",,,,,,,1,,,,,,,,"__::__--[]:____://.//----",,,,"weather-data (1)","weather_data",automation,,,,,16,,0,,,,,,
,,,,"Sep 26 16:39:23 automation 50-motd-news[20342]:    just raised the bar for easy, resilient and secure K8s cluster deployment.","2026-09-26T16:39:23.000+0000",,,,,,,,,16,26,39,september,23,saturday,2026,local,,,,,,automation,,,,,"weather_index_report",,,,,,,1,,,,,,,,"__::__--[]:_________,______.",,,,"weather-data (1)","weather_data",automation,,,,,16,,0,,,,,,
,,,,"Sep 26 16:39:23 automation 50-motd-news[20342]:  * Strictly confined Kubernetes makes edge and IoT secure. Learn how MicroK8s","2026-09-26T16:39:23.000+0000",,,,,,,,,16,26,39,september,23,saturday,2026,local,,,,,,automation,,,,,"weather_index_report",,,,,,,1,,,,,,,,"__::__--[]:__*________.___",,,,"weather-data (1)","weather_data",automation,,,,,16,,0,,,,,,
,,,,"Sep 26 16:39:23 automation systemd[1]: Started Message of the Day.","2026-09-26T16:39:23.000+0000",,,,,,,,,16,26,39,september,23,saturday,2026,local,,,,,,automation,,,,,"weather_index_report",,,,,,,1,,,,,,,,"__::__[]:_____.",,,,"weather-data (1)","weather_data",automation,,,,,16,,0,,,,,,
,,,,"Sep 26 16:39:23 automation 50-motd-news[20342]:    https://ubuntu.com/engage/secure-kubernetes-at-the-edge","2026-09-26T16:39:23.000+0000",,,,,,,,,16,26,39,september,23,saturday,2026,local,,,,,,automation,,,,,"weather_index_report",,,,,,,1,,,,,,,,"__::__--[]:____://.//----",,,,"weather-data (1)","weather_data",automation,,,,,16,,0,,,,,,
,,,,"Sep 26 16:39:23 automation 50-motd-news[20342]:    just raised the bar for easy, resilient and secure K8s cluster deployment.","2026-09-26T16:39:23.000+0000",,,,,,,,,16,26,39,september,23,saturday,2026,local,,,,,,automation,,,,,"weather_index_report",,,,,,,1,,,,,,,,"__::__--[]:_________,______.",,,,"weather-data (1)","weather_data",automation,,,,,16,,0,,,,,,
,,,,"Sep 26 16:39:23 automation 50-motd-news[20342]:  * Strictly confined Kubernetes makes edge and IoT secure. Learn how MicroK8s","2026-09-26T16:39:23.000+0000",,,,,,,,,16,26,39,september,23,saturday,2026,local,,,,,,automation,,,,,"weather_index_report",,,,,,,1,,,,,,,,"__::__--[]:__*________.___",,,,"weather-data (1)","weather_data",automation,,,,,16,,0,,,,,,
,,,,"Sep 26 16:38:51 automation CRON[20376]: (root) CMD (command -v debian-sa1 > /dev/null && debian-sa1 1 1)","2026-09-26T16:38:51.000+0000",,,,,,,,,16,26,38,september,51,saturday,2026,local,,,,,,automation,,,,,"weather_index_report",,,,,,,1,,,,,,,,"__::__[]:_()__(_-_-_>_//_&&_-__)",,,,"weather-data (1)","weather_data",automation,,,,,16,,0,,,,,,
,,,,"Sep 26 16:38:51 automation CRON[20376]: (root) CMD (command -v debian-sa1 > /dev/null && debian-sa1 1 1)","2026-09-26T16:38:51.000+0000",,,,,,,,,16,26,38,september,51,saturday,2026,local,,,,,,automation,,,,,"weather_index_report",,,,,,,1,,,,,,,,"__::__[]:_()__(_-_-_>_//_&&_-__)",,,,"weather-data (1)","weather_data",automation,,,,,16,,0,,,,,,
,,,,"Sep 26 16:38:16 automation systemd[1]: Starting Message of the Day...","2026-09-26T16:38:16.000+0000",,,,,,,,,16,26,38,september,16,saturday,2026,local,,,,,,automation,,,,,"weather_index_report",,,,,,,1,,,,,,,,"__::__[]:_____...",,,,"weather-data (1)","weather_data",automation,,,,,16,,0,,,,,,
,,,,"Sep 26 16:38:16 automation systemd-timesyncd[740]: Synchronized to time server [2620:2d:4000:1::41]:123 (ntp.ubuntu.com).","2026-09-26T16:38:16.000+0000",,,,,,,,,16,26,38,september,16,saturday,2026,local,,,,,,automation,,,,,"weather_index_report",,,,,,,1,,,,,,,,"__::__-[]:_____[:::::]:_(..).",,,,"weather-data (1)","weather_data",automation,,,,,16,,0,,,,,,
,,,,"Sep 26 16:38:16 automation systemd[1]: Starting Message of the Day...","2026-09-26T16:38:16.000+0000",,,,,,,,,16,26,38,september,16,saturday,2026,local,,,,,,automation,,,,,"weather_index_report",,,,,,,1,,,,,,,,"__::__[]:_____...",,,,"weather-data (1)","weather_data",automation,,,,,16,,0,,,,,,
,,,,"Sep 26 16:38:16 automation systemd-timesyncd[740]: Synchronized to time server [2620:2d:4000:1::41]:123 (ntp.ubuntu.com).","2026-09-26T16:38:16.000+0000",,,,,,,,,16,26,38,september,16,saturday,2026,local,,,,,,automation,,,,,"weather_index_report",,,,,,,1,,,,,,,,"__::__-[]:_____[:::::]:_(..).",,,,"weather-data (1)","weather_data",automation,,,,,16,,0,,,,,,
,,,,"Sep 26 16:30:37 automation grafana-agent[1126]: ts=2024-09-26T16:30:37.006029589Z caller=cleaner.go:203 level=warn agent=prometheus component=cleaner msg=""unable to find segment mtime of WAL"" name=/var/lib/grafana-agent/.cache err=""unable to open WAL: open /var/lib/grafana-agent/.cache/wal: no such file or directory""","2026-09-26T16:30:37.000+0000",prometheus,,,,"cleaner.go:203",,cleaner,,16,26,30,september,37,saturday,2026,local,,"unable to open WAL: open /var/lib/grafana-agent/.cache/wal: no such file or directory",,,,automation,,,,,"weather_index_report",,,,,,warn,1,,,,"unable to find segment mtime of WAL","/var/lib/grafana-agent/.cache",,,"__::__-[]:_=--::._=.:_=_=_=_=""______""_=///-/._=""__",,,,"weather-data (1)","weather_data",automation,,,,,16,,0,"2024-09-26T16:30:37.006029589Z",,,,,
,,,,"Sep 26 16:30:37 automation grafana-agent[1126]: ts=2024-09-26T16:30:37.006029589Z caller=cleaner.go:203 level=warn agent=prometheus component=cleaner msg=""unable to find segment mtime of WAL"" name=/var/lib/grafana-agent/.cache err=""unable to open WAL: open /var/lib/grafana-agent/.cache/wal: no such file or directory""","2026-09-26T16:30:37.000+0000",prometheus,,,,"cleaner.go:203",,cleaner,,16,26,30,september,37,saturday,2026,local,,"unable to open WAL: open /var/lib/grafana-agent/.cache/wal: no such file or directory",,,,automation,,,,,"weather_index_report",,,,,,warn,1,,,,"unable to find segment mtime of WAL","/var/lib/grafana-agent/.cache",,,"__::__-[]:_=--::._=.:_=_=_=_=""______""_=///-/._=""__",,,,"weather-data (1)","weather_data",automation,,,,,16,,0,"2024-09-26T16:30:37.006029589Z",,,,,
,,,,"Sep 26 16:25:01 automation CRON[20338]: (root) CMD (command -v debian-sa1 > /dev/null && debian-sa1 1 1)","2026-09-26T16:25:01.000+0000",,,,,,,,,16,26,25,september,1,saturday,2026,local,,,,,,automation,,,,,"weather_index_report",,,,,,,1,,,,,,,,"__::__[]:_()__(_-_-_>_//_&&_-__)",,,,"weather-data (1)","weather_data",automation,,,,,16,,0,,,,,,
,,,,"Sep 26 16:25:01 automation CRON[20338]: (root) CMD (command -v debian-sa1 > /dev/null && debian-sa1 1 1)","2026-09-26T16:25:01.000+0000",,,,,,,,,16,26,25,september,1,saturday,2026,local,,,,,,automation,,,,,"weather_index_report",,,,,,,1,,,,,,,,"__::__[]:_()__(_-_-_>_//_&&_-__)",,,,"weather-data (1)","weather_data",automation,,,,,16,,0,,,,,,
,,,,"Sep 26 16:17:01 automation CRON[20334]: (root) CMD (   cd / && run-parts --report /etc/cron.hourly)","2026-09-26T16:17:01.000+0000",,,,,,,,,16,26,17,september,1,saturday,2026,local,,,,,,automation,,,,,"weather_index_report",,,,,,,1,,,,,,,,"__::__[]:_()__(____/_&&_-_--_//.)",,,,"weather-data (1)","weather_data",automation,,,,,16,,0,,,,,,
,,,,"Sep 26 16:17:01 automation CRON[20334]: (root) CMD (   cd / && run-parts --report /etc/cron.hourly)","2026-09-26T16:17:01.000+0000",,,,,,,,,16,26,17,september,1,saturday,2026,local,,,,,,automation,,,,,"weather_index_report",,,,,,,1,,,,,,,,"__::__[]:_()__(____/_&&_-_--_//.)",,,,"weather-data (1)","weather_data",automation,,,,,16,,0,,,,,,
,,,,"Sep 26 16:15:01 automation CRON[20331]: (root) CMD (command -v debian-sa1 > /dev/null && debian-sa1 1 1)","2026-09-26T16:15:01.000+0000",,,,,,,,,16,26,15,september,1,saturday,2026,local,,,,,,automation,,,,,"weather_index_report",,,,,,,1,,,,,,,,"__::__[]:_()__(_-_-_>_//_&&_-__)",,,,"weather-data (1)","weather_data",automation,,,,,16,,0,,,,,,
,,,,"Sep 26 16:15:01 automation CRON[20331]: (root) CMD (command -v debian-sa1 > /dev/null && debian-sa1 1 1)","2026-09-26T16:15:01.000+0000",,,,,,,,,16,26,15,september,1,saturday,2026,local,,,,,,automation,,,,,"weather_index_report",,,,,,,1,,,,,,,,"__::__[]:_()__(_-_-_>_//_&&_-__)",,,,"weather-data (1)","weather_data",automation,,,,,16,,0,,,,,,
,,,,"Sep 26 16:05:01 automation CRON[20324]: (root) CMD (command -v debian-sa1 > /dev/null && debian-sa1 1 1)","2026-09-26T16:05:01.000+0000",,,,,,,,,16,26,5,september,1,saturday,2026,local,,,,,,automation,,,,,"weather_index_report",,,,,,,1,,,,,,,,"__::__[]:_()__(_-_-_>_//_&&_-__)",,,,"weather-data (1)","weather_data",automation,,,,,16,,0,,,,,,
,,,,"Sep 26 16:05:01 automation CRON[20324]: (root) CMD (command -v debian-sa1 > /dev/null && debian-sa1 1 1)","2026-09-26T16:05:01.000+0000",,,,,,,,,16,26,5,september,1,saturday,2026,local,,,,,,automation,,,,,"weather_index_report",,,,,,,1,,,,,,,,"__::__[]:_()__(_-_-_>_//_&&_-__)",,,,"weather-data (1)","weather_data",automation,,,,,16,,0,,,,,,
,,,,"Sep 26 16:00:37 automation grafana-agent[1126]: ts=2024-09-26T16:00:37.00619359Z caller=cleaner.go:203 level=warn agent=prometheus component=cleaner msg=""unable to find segment mtime of WAL"" name=/var/lib/grafana-agent/.cache err=""unable to open WAL: open /var/lib/grafana-agent/.cache/wal: no such file or directory""","2026-09-26T16:00:37.000+0000",prometheus,,,,"cleaner.go:203",,cleaner,,16,26,0,september,37,saturday,2026,local,,"unable to open WAL: open /var/lib/grafana-agent/.cache/wal: no such file or directory",,,,automation,,,,,"weather_index_report",,,,,,warn,1,,,,"unable to find segment mtime of WAL","/var/lib/grafana-agent/.cache",,,"__::__-[]:_=--::._=.:_=_=_=_=""______""_=///-/._=""__",,,,"weather-data (1)","weather_data",automation,,,,,16,,0,"2024-09-26T16:00:37.00619359Z",,,,,
,,,,"Sep 26 16:00:37 automation grafana-agent[1126]: ts=2024-09-26T16:00:37.00619359Z caller=cleaner.go:203 level=warn agent=prometheus component=cleaner msg=""unable to find segment mtime of WAL"" name=/var/lib/grafana-agent/.cache err=""unable to open WAL: open /var/lib/grafana-agent/.cache/wal: no such file or directory""","2026-09-26T16:00:37.000+0000",prometheus,,,,"cleaner.go:203",,cleaner,,16,26,0,september,37,saturday,2026,local,,"unable to open WAL: open /var/lib/grafana-agent/.cache/wal: no such file or directory",,,,automation,,,,,"weather_index_report",,,,,,warn,1,,,,"unable to find segment mtime of WAL","/var/lib/grafana-agent/.cache",,,"__::__-[]:_=--::._=.:_=_=_=_=""______""_=///-/._=""__",,,,"weather-data (1)","weather_data",automation,,,,,16,,0,"2024-09-26T16:00:37.00619359Z",,,,,
,,,,"Sep 26 16:00:20 automation systemd-networkd[940]: enp0s3: Configured","2026-09-26T16:00:20.000+0000",,,,,,,,,16,26,0,september,20,saturday,2026,local,,,,,,automation,,,,,"weather_index_report",,,,,,,1,,,,,,,,"__::__-[]:_:_",,,,"weather-data (1)","weather_data",automation,,,,,16,,0,,,,,,
,,,,"Sep 26 16:00:20 automation systemd-networkd[940]: enp0s3: DHCPv4 address 192.168.0.18/24 via 192.168.0.1","2026-09-26T16:00:20.000+0000",,,,,,,,,16,26,0,september,20,saturday,2026,local,,,,,,automation,,,,,"weather_index_report",,,,,,,1,,,,,,,,"__::__-[]:_:___.../__...",,,,"weather-data (1)","weather_data",automation,,,,,16,,0,,,,,,
,,,,"Sep 26 16:00:20 automation systemd-networkd[940]: enp0s3: Configured","2026-09-26T16:00:20.000+0000",,,,,,,,,16,26,0,september,20,saturday,2026,local,,,,,,automation,,,,,"weather_index_report",,,,,,,1,,,,,,,,"__::__-[]:_:_",,,,"weather-data (1)","weather_data",automation,,,,,16,,0,,,,,,
,,,,"Sep 26 16:00:20 automation systemd-networkd[940]: enp0s3: DHCPv4 address 192.168.0.18/24 via 192.168.0.1","2026-09-26T16:00:20.000+0000",,,,,,,,,16,26,0,september,20,saturday,2026,local,,,,,,automation,,,,,"weather_index_report",,,,,,,1,,,,,,,,"__::__-[]:_:___.../__...",,,,"weather-data (1)","weather_data",automation,,,,,16,,0,,,,,,
,,,,"Sep 26 16:00:17 automation kernel: [129652.441749] e1000: enp0s3 NIC Link is Up 1000 Mbps Full Duplex, Flow Control: RX","2026-09-26T16:00:17.000+0000",,,,,,,,,16,26,0,september,17,saturday,2026,local,,,,,,automation,,,,,"weather_index_report",,,,,,,1,,,,,,,,"__::__:_[.]_:_________,__:_",,,,"weather-data (1)","weather_data",automation,,,,,16,,0,,,,,,
,,,,"Sep 26 16:00:17 automation systemd-timesyncd[740]: Network configuration changed, trying to establish connection.","2026-09-26T16:00:17.000+0000",,,,,,,,,16,26,0,september,17,saturday,2026,local,,,,,,automation,,,,,"weather_index_report",,,,,,,1,,,,,,,,"__::__-[]:___,____.",,,,"weather-data (1)","weather_data",automation,,,,,16,,0,,,,,,
,,,,"Sep 26 16:00:17 automation systemd-networkd[940]: enp0s3: Gained carrier","2026-09-26T16:00:17.000+0000",,,,,,,,,16,26,0,september,17,saturday,2026,local,,,,,,automation,,,,,"weather_index_report",,,,,,,1,,,,,,,,"__::__-[]:_:__",,,,"weather-data (1)","weather_data",automation,,,,,16,,0,,,,,,
,,,,"Sep 26 16:00:17 automation kernel: [129652.441749] e1000: enp0s3 NIC Link is Up 1000 Mbps Full Duplex, Flow Control: RX","2026-09-26T16:00:17.000+0000",,,,,,,,,16,26,0,september,17,saturday,2026,local,,,,,,automation,,,,,"weather_index_report",,,,,,,1,,,,,,,,"__::__:_[.]_:_________,__:_",,,,"weather-data (1)","weather_data",automation,,,,,16,,0,,,,,,
,,,,"Sep 26 16:00:17 automation systemd-timesyncd[740]: Network configuration changed, trying to establish connection.","2026-09-26T16:00:17.000+0000",,,,,,,,,16,26,0,september,17,saturday,2026,local,,,,,,automation,,,,,"weather_index_report",,,,,,,1,,,,,,,,"__::__-[]:___,____.",,,,"weather-data (1)","weather_data",automation,,,,,16,,0,,,,,,
,,,,"Sep 26 16:00:17 automation systemd-networkd[940]: enp0s3: Gained carrier","2026-09-26T16:00:17.000+0000",,,,,,,,,16,26,0,september,17,saturday,2026,local,,,,,,automation,,,,,"weather_index_report",,,,,,,1,,,,,,,,"__::__-[]:_:__",,,,"weather-data (1)","weather_data",automation,,,,,16,,0,,,,,,
,,,,"Sep 26 16:00:11 automation systemd[1]: Started Hostname Service.","2026-09-26T16:00:11.000+0000",,,,,,,,,16,26,0,september,11,saturday,2026,local,,,,,,automation,,,,,"weather_index_report",,,,,,,1,,,,,,,,"__::__[]:___.",,,,"weather-data (1)","weather_data",automation,,,,,16,,0,,,,,,
,,,,"Sep 26 16:00:11 automation systemd[1]: Starting Hostname Service...","2026-09-26T16:00:11.000+0000",,,,,,,,,16,26,0,september,11,saturday,2026,local,,,,,,automation,,,,,"weather_index_report",,,,,,,1,,,,,,,,"__::__[]:___...",,,,"weather-data (1)","weather_data",automation,,,,,16,,0,,,,,,
,,,,"Sep 26 16:00:11 automation dbus-daemon[1060]: [system] Successfully activated service 'org.freedesktop.hostname1'","2026-09-26T16:00:11.000+0000",,,,,,,,,16,26,0,september,11,saturday,2026,local,,,,,,automation,,,,,"weather_index_report",,,,,,,1,,,,,,,,"__::__-[]:_[]____'..'",,,,"weather-data (1)","weather_data",automation,,,,,16,,0,,,,,,
,,,,"Sep 26 16:00:11 automation systemd-networkd[940]: enp0s3: DHCPv6 lease lost","2026-09-26T16:00:11.000+0000",,,,,,,,,16,26,0,september,11,saturday,2026,local,,,,,,automation,,,,,"weather_index_report",,,,,,,1,,,,,,,,"__::__-[]:_:___",,,,"weather-data (1)","weather_data",automation,,,,,16,,0,,,,,,
,,,,"Sep 26 16:00:11 automation dbus-daemon[1060]: [system] Activating via systemd: service name='org.freedesktop.hostname1' unit='dbus-org.freedesktop.hostname1.service' requested by ':1.2' (uid=100 pid=940 comm=""/lib/systemd/systemd-networkd "" label=""unconfined"")","2026-09-26T16:00:11.000+0000",,,,,,"/lib/systemd/systemd-networkd",,,16,26,0,september,11,saturday,2026,local,,,,,,automation,,,,,"weather_index_report",,unconfined,,,,,1,,,,,"'org.freedesktop.hostname1'",940,,"__::__-[]:_[]___:__='..'_='-...'___':.'_(=_=_=""///",,,,"weather-data (1)","weather_data",automation,,,,,16,,0,,100,"'dbus-org.freedesktop.hostname1.service'",,,
,,,,"Sep 26 16:00:11 automation systemd-networkd[940]: enp0s3: DHCP lease lost","2026-09-26T16:00:11.000+0000",,,,,,,,,16,26,0,september,11,saturday,2026,local,,,,,,automation,,,,,"weather_index_report",,,,,,,1,,,,,,,,"__::__-[]:_:___",,,,"weather-data (1)","weather_data",automation,,,,,16,,0,,,,,,
,,,,"Sep 26 16:00:11 automation kernel: [129646.393689] e1000: enp0s3 NIC Link is Down","2026-09-26T16:00:11.000+0000",,,,,,,,,16,26,0,september,11,saturday,2026,local,,,,,,automation,,,,,"weather_index_report",,,,,,,1,,,,,,,,"__::__:_[.]_:_____",,,,"weather-data (1)","weather_data",automation,,,,,16,,0,,,,,,
,,,,"Sep 26 16:00:11 automation systemd-networkd[940]: enp0s3: Lost carrier","2026-09-26T16:00:11.000+0000",,,,,,,,,16,26,0,september,11,saturday,2026,local,,,,,,automation,,,,,"weather_index_report",,,,,,,1,,,,,,,,"__::__-[]:_:__",,,,"weather-data (1)","weather_data",automation,,,,,16,,0,,,,,,
,,,,"Sep 26 16:00:11 automation systemd[1]: Started Hostname Service.","2026-09-26T16:00:11.000+0000",,,,,,,,,16,26,0,september,11,saturday,2026,local,,,,,,automation,,,,,"weather_index_report",,,,,,,1,,,,,,,,"__::__[]:___.",,,,"weather-data (1)","weather_data",automation,,,,,16,,0,,,,,,
,,,,"Sep 26 16:00:11 automation systemd[1]: Starting Hostname Service...","2026-09-26T16:00:11.000+0000",,,,,,,,,16,26,0,september,11,saturday,2026,local,,,,,,automation,,,,,"weather_index_report",,,,,,,1,,,,,,,,"__::__[]:___...",,,,"weather-data (1)","weather_data",automation,,,,,16,,0,,,,,,
,,,,"Sep 26 16:00:11 automation dbus-daemon[1060]: [system] Successfully activated service 'org.freedesktop.hostname1'","2026-09-26T16:00:11.000+0000",,,,,,,,,16,26,0,september,11,saturday,2026,local,,,,,,automation,,,,,"weather_index_report",,,,,,,1,,,,,,,,"__::__-[]:_[]____'..'",,,,"weather-data (1)","weather_data",automation,,,,,16,,0,,,,,,
,,,,"Sep 26 16:00:11 automation systemd-networkd[940]: enp0s3: DHCPv6 lease lost","2026-09-26T16:00:11.000+0000",,,,,,,,,16,26,0,september,11,saturday,2026,local,,,,,,automation,,,,,"weather_index_report",,,,,,,1,,,,,,,,"__::__-[]:_:___",,,,"weather-data (1)","weather_data",automation,,,,,16,,0,,,,,,
,,,,"Sep 26 16:00:11 automation dbus-daemon[1060]: [system] Activating via systemd: service name='org.freedesktop.hostname1' unit='dbus-org.freedesktop.hostname1.service' requested by ':1.2' (uid=100 pid=940 comm=""/lib/systemd/systemd-networkd "" label=""unconfined"")","2026-09-26T16:00:11.000+0000",,,,,,"/lib/systemd/systemd-networkd",,,16,26,0,september,11,saturday,2026,local,,,,,,automation,,,,,"weather_index_report",,unconfined,,,,,1,,,,,"'org.freedesktop.hostname1'",940,,"__::__-[]:_[]___:__='..'_='-...'___':.'_(=_=_=""///",,,,"weather-data (1)","weather_data",automation,,,,,16,,0,,100,"'dbus-org.freedesktop.hostname1.service'",,,
,,,,"Sep 26 16:00:11 automation systemd-networkd[940]: enp0s3: DHCP lease lost","2026-09-26T16:00:11.000+0000",,,,,,,,,16,26,0,september,11,saturday,2026,local,,,,,,automation,,,,,"weather_index_report",,,,,,,1,,,,,,,,"__::__-[]:_:___",,,,"weather-data (1)","weather_data",automation,,,,,16,,0,,,,,,
,,,,"Sep 26 16:00:11 automation kernel: [129646.393689] e1000: enp0s3 NIC Link is Down","2026-09-26T16:00:11.000+0000",,,,,,,,,16,26,0,september,11,saturday,2026,local,,,,,,automation,,,,,"weather_index_report",,,,,,,1,,,,,,,,"__::__:_[.]_:_____",,,,"weather-data (1)","weather_data",automation,,,,,16,,0,,,,,,
,,,,"Sep 26 16:00:11 automation systemd-networkd[940]: enp0s3: Lost carrier","2026-09-26T16:00:11.000+0000",,,,,,,,,16,26,0,september,11,saturday,2026,local,,,,,,automation,,,,,"weather_index_report",,,,,,,1,,,,,,,,"__::__-[]:_:__",,,,"weather-data (1)","weather_data",automation,,,,,16,,0,,,,,,
,,,,"Sep 26 15:55:01 automation CRON[20278]: (root) CMD (command -v debian-sa1 > /dev/null && debian-sa1 1 1)","2026-09-26T15:55:01.000+0000",,,,,,,,,15,26,55,september,1,saturday,2026,local,,,,,,automation,,,,,"weather_index_report",,,,,,,1,,,,,,,,"__::__[]:_()__(_-_-_>_//_&&_-__)",,,,"weather-data (1)","weather_data",automation,,,,,16,,0,,,,,,
,,,,"Sep 26 15:55:01 automation CRON[20278]: (root) CMD (command -v debian-sa1 > /dev/null && debian-sa1 1 1)","2026-09-26T15:55:01.000+0000",,,,,,,,,15,26,55,september,1,saturday,2026,local,,,,,,automation,,,,,"weather_index_report",,,,,,,1,,,,,,,,"__::__[]:_()__(_-_-_>_//_&&_-__)",,,,"weather-data (1)","weather_data",automation,,,,,16,,0,,,,,,
,,,,"Sep 26 15:51:41 automation systemd[1]: Started Hostname Service.","2026-09-26T15:51:41.000+0000",,,,,,,,,15,26,51,september,41,saturday,2026,local,,,,,,automation,,,,,"weather_index_report",,,,,,,1,,,,,,,,"__::__[]:___.",,,,"weather-data (1)","weather_data",automation,,,,,16,,0,,,,,,
,,,,"Sep 26 15:51:41 automation dbus-daemon[1060]: [system] Successfully activated service 'org.freedesktop.hostname1'","2026-09-26T15:51:41.000+0000",,,,,,,,,15,26,51,september,41,saturday,2026,local,,,,,,automation,,,,,"weather_index_report",,,,,,,1,,,,,,,,"__::__-[]:_[]____'..'",,,,"weather-data (1)","weather_data",automation,,,,,16,,0,,,,,,
,,,,"Sep 26 15:51:41 automation systemd-timesyncd[740]: Synchronized to time server [2620:2d:4000:1::40]:123 (ntp.ubuntu.com).","2026-09-26T15:51:41.000+0000",,,,,,,,,15,26,51,september,41,saturday,2026,local,,,,,,automation,,,,,"weather_index_report",,,,,,,1,,,,,,,,"__::__-[]:_____[:::::]:_(..).",,,,"weather-data (1)","weather_data",automation,,,,,16,,0,,,,,,
,,,,"Sep 26 15:51:41 automation systemd-networkd[940]: enp0s3: Configured","2026-09-26T15:51:41.000+0000",,,,,,,,,15,26,51,september,41,saturday,2026,local,,,,,,automation,,,,,"weather_index_report",,,,,,,1,,,,,,,,"__::__-[]:_:_",,,,"weather-data (1)","weather_data",automation,,,,,16,,0,,,,,,
,,,,"Sep 26 15:51:41 automation systemd-networkd[940]: enp0s3: DHCPv4 address 192.168.0.18/24 via 192.168.0.1","2026-09-26T15:51:41.000+0000",,,,,,,,,15,26,51,september,41,saturday,2026,local,,,,,,automation,,,,,"weather_index_report",,,,,,,1,,,,,,,,"__::__-[]:_:___.../__...",,,,"weather-data (1)","weather_data",automation,,,,,16,,0,,,,,,
,,,,"Sep 26 15:51:41 automation systemd[1]: Starting Hostname Service...","2026-09-26T15:51:41.000+0000",,,,,,,,,15,26,51,september,41,saturday,2026,local,,,,,,automation,,,,,"weather_index_report",,,,,,,1,,,,,,,,"__::__[]:___...",,,,"weather-data (1)","weather_data",automation,,,,,16,,0,,,,,,
,,,,"Sep 26 15:51:41 automation dbus-daemon[1060]: [system] Activating via systemd: service name='org.freedesktop.hostname1' unit='dbus-org.freedesktop.hostname1.service' requested by ':1.2' (uid=100 pid=940 comm=""/lib/systemd/systemd-networkd "" label=""unconfined"")","2026-09-26T15:51:41.000+0000",,,,,,"/lib/systemd/systemd-networkd",,,15,26,51,september,41,saturday,2026,local,,,,,,automation,,,,,"weather_index_report",,unconfined,,,,,1,,,,,"'org.freedesktop.hostname1'",940,,"__::__-[]:_[]___:__='..'_='-...'___':.'_(=_=_=""///",,,,"weather-data (1)","weather_data",automation,,,,,16,,0,,100,"'dbus-org.freedesktop.hostname1.service'",,,
,,,,"Sep 26 15:51:41 automation systemd-timesyncd[740]: Network configuration changed, trying to establish connection.","2026-09-26T15:51:41.000+0000",,,,,,,,,15,26,51,september,41,saturday,2026,local,,,,,,automation,,,,,"weather_index_report",,,,,,,1,,,,,,,,"__::__-[]:___,____.",,,,"weather-data (1)","weather_data",automation,,,,,16,,0,,,,,,
,,,,"Sep 26 15:51:41 automation systemd-networkd[940]: enp0s3: DHCP lease lost","2026-09-26T15:51:41.000+0000",,,,,,,,,15,26,51,september,41,saturday,2026,local,,,,,,automation,,,,,"weather_index_report",,,,,,,1,,,,,,,,"__::__-[]:_:___",,,,"weather-data (1)","weather_data",automation,,,,,16,,0,,,,,,
,,,,"Sep 26 15:51:41 automation systemd[1]: Started Hostname Service.","2026-09-26T15:51:41.000+0000",,,,,,,,,15,26,51,september,41,saturday,2026,local,,,,,,automation,,,,,"weather_index_report",,,,,,,1,,,,,,,,"__::__[]:___.",,,,"weather-data (1)","weather_data",automation,,,,,16,,0,,,,,,
,,,,"Sep 26 15:51:41 automation dbus-daemon[1060]: [system] Successfully activated service 'org.freedesktop.hostname1'","2026-09-26T15:51:41.000+0000",,,,,,,,,15,26,51,september,41,saturday,2026,local,,,,,,automation,,,,,"weather_index_report",,,,,,,1,,,,,,,,"__::__-[]:_[]____'..'",,,,"weather-data (1)","weather_data",automation,,,,,16,,0,,,,,,
,,,,"Sep 26 15:51:41 automation systemd-timesyncd[740]: Synchronized to time server [2620:2d:4000:1::40]:123 (ntp.ubuntu.com).","2026-09-26T15:51:41.000+0000",,,,,,,,,15,26,51,september,41,saturday,2026,local,,,,,,automation,,,,,"weather_index_report",,,,,,,1,,,,,,,,"__::__-[]:_____[:::::]:_(..).",,,,"weather-data (1)","weather_data",automation,,,,,16,,0,,,,,,
,,,,"Sep 26 15:51:41 automation systemd-networkd[940]: enp0s3: Configured","2026-09-26T15:51:41.000+0000",,,,,,,,,15,26,51,september,41,saturday,2026,local,,,,,,automation,,,,,"weather_index_report",,,,,,,1,,,,,,,,"__::__-[]:_:_",,,,"weather-data (1)","weather_data",automation,,,,,16,,0,,,,,,
,,,,"Sep 26 15:51:41 automation systemd-networkd[940]: enp0s3: DHCPv4 address 192.168.0.18/24 via 192.168.0.1","2026-09-26T15:51:41.000+0000",,,,,,,,,15,26,51,september,41,saturday,2026,local,,,,,,automation,,,,,"weather_index_report",,,,,,,1,,,,,,,,"__::__-[]:_:___.../__...",,,,"weather-data (1)","weather_data",automation,,,,,16,,0,,,,,,
,,,,"Sep 26 15:51:41 automation systemd[1]: Starting Hostname Service...","2026-09-26T15:51:41.000+0000",,,,,,,,,15,26,51,september,41,saturday,2026,local,,,,,,automation,,,,,"weather_index_report",,,,,,,1,,,,,,,,"__::__[]:___...",,,,"weather-data (1)","weather_data",automation,,,,,16,,0,,,,,,
,,,,"Sep 26 15:51:41 automation dbus-daemon[1060]: [system] Activating via systemd: service name='org.freedesktop.hostname1' unit='dbus-org.freedesktop.hostname1.service' requested by ':1.2' (uid=100 pid=940 comm=""/lib/systemd/systemd-networkd "" label=""unconfined"")","2026-09-26T15:51:41.000+0000",,,,,,"/lib/systemd/systemd-networkd",,,15,26,51,september,41,saturday,2026,local,,,,,,automation,,,,,"weather_index_report",,unconfined,,,,,1,,,,,"'org.freedesktop.hostname1'",940,,"__::__-[]:_[]___:__='..'_='-...'___':.'_(=_=_=""///",,,,"weather-data (1)","weather_data",automation,,,,,16,,0,,100,"'dbus-org.freedesktop.hostname1.service'",,,
,,,,"Sep 26 15:51:41 automation systemd-timesyncd[740]: Network configuration changed, trying to establish connection.","2026-09-26T15:51:41.000+0000",,,,,,,,,15,26,51,september,41,saturday,2026,local,,,,,,automation,,,,,"weather_index_report",,,,,,,1,,,,,,,,"__::__-[]:___,____.",,,,"weather-data (1)","weather_data",automation,,,,,16,,0,,,,,,
,,,,"Sep 26 15:51:41 automation systemd-networkd[940]: enp0s3: DHCP lease lost","2026-09-26T15:51:41.000+0000",,,,,,,,,15,26,51,september,41,saturday,2026,local,,,,,,automation,,,,,"weather_index_report",,,,,,,1,,,,,,,,"__::__-[]:_:___",,,,"weather-data (1)","weather_data",automation,,,,,16,,0,,,,,,
,,,,"Sep 26 15:45:01 automation CRON[20237]: (root) CMD (command -v debian-sa1 > /dev/null && debian-sa1 1 1)","2026-09-26T15:45:01.000+0000",,,,,,,,,15,26,45,september,1,saturday,2026,local,,,,,,automation,,,,,"weather_index_report",,,,,,,1,,,,,,,,"__::__[]:_()__(_-_-_>_//_&&_-__)",,,,"weather-data (1)","weather_data",automation,,,,,16,,0,,,,,,
,,,,"Sep 26 15:45:01 automation CRON[20237]: (root) CMD (command -v debian-sa1 > /dev/null && debian-sa1 1 1)","2026-09-26T15:45:01.000+0000",,,,,,,,,15,26,45,september,1,saturday,2026,local,,,,,,automation,,,,,"weather_index_report",,,,,,,1,,,,,,,,"__::__[]:_()__(_-_-_>_//_&&_-__)",,,,"weather-data (1)","weather_data",automation,,,,,16,,0,,,,,,
,,,,"Sep 26 15:35:01 automation CRON[20232]: (root) CMD (command -v debian-sa1 > /dev/null && debian-sa1 1 1)","2026-09-26T15:35:01.000+0000",,,,,,,,,15,26,35,september,1,saturday,2026,local,,,,,,automation,,,,,"weather_index_report",,,,,,,1,,,,,,,,"__::__[]:_()__(_-_-_>_//_&&_-__)",,,,"weather-data (1)","weather_data",automation,,,,,16,,0,,,,,,
,,,,"Sep 26 15:35:01 automation CRON[20232]: (root) CMD (command -v debian-sa1 > /dev/null && debian-sa1 1 1)","2026-09-26T15:35:01.000+0000",,,,,,,,,15,26,35,september,1,saturday,2026,local,,,,,,automation,,,,,"weather_index_report",,,,,,,1,,,,,,,,"__::__[]:_()__(_-_-_>_//_&&_-__)",,,,"weather-data (1)","weather_data",automation,,,,,16,,0,,,,,,
,,,,"Sep 26 15:30:37 automation grafana-agent[1126]: ts=2024-09-26T15:30:37.005898988Z caller=cleaner.go:203 level=warn agent=prometheus component=cleaner msg=""unable to find segment mtime of WAL"" name=/var/lib/grafana-agent/.cache err=""unable to open WAL: open /var/lib/grafana-agent/.cache/wal: no such file or directory""","2026-09-26T15:30:37.000+0000",prometheus,,,,"cleaner.go:203",,cleaner,,15,26,30,september,37,saturday,2026,local,,"unable to open WAL: open /var/lib/grafana-agent/.cache/wal: no such file or directory",,,,automation,,,,,"weather_index_report",,,,,,warn,1,,,,"unable to find segment mtime of WAL","/var/lib/grafana-agent/.cache",,,"__::__-[]:_=--::._=.:_=_=_=_=""______""_=///-/._=""__",,,,"weather-data (1)","weather_data",automation,,,,,16,,0,"2024-09-26T15:30:37.005898988Z",,,,,
,,,,"Sep 26 15:30:37 automation grafana-agent[1126]: ts=2024-09-26T15:30:37.005898988Z caller=cleaner.go:203 level=warn agent=prometheus component=cleaner msg=""unable to find segment mtime of WAL"" name=/var/lib/grafana-agent/.cache err=""unable to open WAL: open /var/lib/grafana-agent/.cache/wal: no such file or directory""","2026-09-26T15:30:37.000+0000",prometheus,,,,"cleaner.go:203",,cleaner,,15,26,30,september,37,saturday,2026,local,,"unable to open WAL: open /var/lib/grafana-agent/.cache/wal: no such file or directory",,,,automation,,,,,"weather_index_report",,,,,,warn,1,,,,"unable to find segment mtime of WAL","/var/lib/grafana-agent/.cache",,,"__::__-[]:_=--::._=.:_=_=_=_=""______""_=///-/._=""__",,,,"weather-data (1)","weather_data",automation,,,,,16,,0,"2024-09-26T15:30:37.005898988Z",,,,,
,,,,"Sep 26 15:26:21 automation CRON[20227]: (root) CMD (command -v debian-sa1 > /dev/null && debian-sa1 1 1)","2026-09-26T15:26:21.000+0000",,,,,,,,,15,26,26,september,21,saturday,2026,local,,,,,,automation,,,,,"weather_index_report",,,,,,,1,,,,,,,,"__::__[]:_()__(_-_-_>_//_&&_-__)",,,,"weather-data (1)","weather_data",automation,,,,,16,,0,,,,,,
,,,,"Sep 26 15:26:21 automation CRON[20227]: (root) CMD (command -v debian-sa1 > /dev/null && debian-sa1 1 1)","2026-09-26T15:26:21.000+0000",,,,,,,,,15,26,26,september,21,saturday,2026,local,,,,,,automation,,,,,"weather_index_report",,,,,,,1,,,,,,,,"__::__[]:_()__(_-_-_>_//_&&_-__)",,,,"weather-data (1)","weather_data",automation,,,,,16,,0,,,,,,
,,,,"Sep 26 15:25:49 automation systemd-timesyncd[740]: Synchronized to time server [2620:2d:4000:1::40]:123 (ntp.ubuntu.com).","2026-09-26T15:25:49.000+0000",,,,,,,,,15,26,25,september,49,saturday,2026,local,,,,,,automation,,,,,"weather_index_report",,,,,,,1,,,,,,,,"__::__-[]:_____[:::::]:_(..).",,,,"weather-data (1)","weather_data",automation,,,,,16,,0,,,,,,
,,,,"Sep 26 15:25:49 automation systemd-timesyncd[740]: Synchronized to time server [2620:2d:4000:1::40]:123 (ntp.ubuntu.com).","2026-09-26T15:25:49.000+0000",,,,,,,,,15,26,25,september,49,saturday,2026,local,,,,,,automation,,,,,"weather_index_report",,,,,,,1,,,,,,,,"__::__-[]:_____[:::::]:_(..).",,,,"weather-data (1)","weather_data",automation,,,,,16,,0,,,,,,
,,,,"Sep 26 15:17:01 automation CRON[20223]: (root) CMD (   cd / && run-parts --report /etc/cron.hourly)","2026-09-26T15:17:01.000+0000",,,,,,,,,15,26,17,september,1,saturday,2026,local,,,,,,automation,,,,,"weather_index_report",,,,,,,1,,,,,,,,"__::__[]:_()__(____/_&&_-_--_//.)",,,,"weather-data (1)","weather_data",automation,,,,,16,,0,,,,,,
,,,,"Sep 26 15:17:01 automation CRON[20223]: (root) CMD (   cd / && run-parts --report /etc/cron.hourly)","2026-09-26T15:17:01.000+0000",,,,,,,,,15,26,17,september,1,saturday,2026,local,,,,,,automation,,,,,"weather_index_report",,,,,,,1,,,,,,,,"__::__[]:_()__(____/_&&_-_--_//.)",,,,"weather-data (1)","weather_data",automation,,,,,16,,0,,,,,,
,,,,"Sep 26 15:15:01 automation CRON[20219]: (root) CMD (command -v debian-sa1 > /dev/null && debian-sa1 1 1)","2026-09-26T15:15:01.000+0000",,,,,,,,,15,26,15,september,1,saturday,2026,local,,,,,,automation,,,,,"weather_index_report",,,,,,,1,,,,,,,,"__::__[]:_()__(_-_-_>_//_&&_-__)",,,,"weather-data (1)","weather_data",automation,,,,,16,,0,,,,,,
,,,,"Sep 26 15:15:01 automation CRON[20219]: (root) CMD (command -v debian-sa1 > /dev/null && debian-sa1 1 1)","2026-09-26T15:15:01.000+0000",,,,,,,,,15,26,15,september,1,saturday,2026,local,,,,,,automation,,,,,"weather_index_report",,,,,,,1,,,,,,,,"__::__[]:_()__(_-_-_>_//_&&_-__)",,,,"weather-data (1)","weather_data",automation,,,,,16,,0,,,,,,
,,,,"Sep 26 15:05:01 automation CRON[20214]: (root) CMD (command -v debian-sa1 > /dev/null && debian-sa1 1 1)","2026-09-26T15:05:01.000+0000",,,,,,,,,15,26,5,september,1,saturday,2026,local,,,,,,automation,,,,,"weather_index_report",,,,,,,1,,,,,,,,"__::__[]:_()__(_-_-_>_//_&&_-__)",,,,"weather-data (1)","weather_data",automation,,,,,16,,0,,,,,,
,,,,"Sep 26 15:05:01 automation CRON[20214]: (root) CMD (command -v debian-sa1 > /dev/null && debian-sa1 1 1)","2026-09-26T15:05:01.000+0000",,,,,,,,,15,26,5,september,1,saturday,2026,local,,,,,,automation,,,,,"weather_index_report",,,,,,,1,,,,,,,,"__::__[]:_()__(_-_-_>_//_&&_-__)",,,,"weather-data (1)","weather_data",automation,,,,,16,,0,,,,,,
,,,,"Sep 26 14:57:17 automation grafana-agent[1126]: ts=2024-09-26T14:57:17.574622391Z caller=cleaner.go:203 level=warn agent=prometheus component=cleaner msg=""unable to find segment mtime of WAL"" name=/var/lib/grafana-agent/.cache err=""unable to open WAL: open /var/lib/grafana-agent/.cache/wal: no such file or directory""","2026-09-26T14:57:17.000+0000",prometheus,,,,"cleaner.go:203",,cleaner,,14,26,57,september,17,saturday,2026,local,,"unable to open WAL: open /var/lib/grafana-agent/.cache/wal: no such file or directory",,,,automation,,,,,"weather_index_report",,,,,,warn,1,,,,"unable to find segment mtime of WAL","/var/lib/grafana-agent/.cache",,,"__::__-[]:_=--::._=.:_=_=_=_=""______""_=///-/._=""__",,,,"weather-data (1)","weather_data",automation,,,,,16,,0,"2024-09-26T14:57:17.574622391Z",,,,,
,,,,"Sep 26 14:57:17 automation grafana-agent[1126]: ts=2024-09-26T14:57:17.574622391Z caller=cleaner.go:203 level=warn agent=prometheus component=cleaner msg=""unable to find segment mtime of WAL"" name=/var/lib/grafana-agent/.cache err=""unable to open WAL: open /var/lib/grafana-agent/.cache/wal: no such file or directory""","2026-09-26T14:57:17.000+0000",prometheus,,,,"cleaner.go:203",,cleaner,,14,26,57,september,17,saturday,2026,local,,"unable to open WAL: open /var/lib/grafana-agent/.cache/wal: no such file or directory",,,,automation,,,,,"weather_index_report",,,,,,warn,1,,,,"unable to find segment mtime of WAL","/var/lib/grafana-agent/.cache",,,"__::__-[]:_=--::._=.:_=_=_=_=""______""_=///-/._=""__",,,,"weather-data (1)","weather_data",automation,,,,,16,,0,"2024-09-26T14:57:17.574622391Z",,,,,
,,,,"Sep 26 14:55:01 automation CRON[20200]: (root) CMD (command -v debian-sa1 > /dev/null && debian-sa1 1 1)","2026-09-26T14:55:01.000+0000",,,,,,,,,14,26,55,september,1,saturday,2026,local,,,,,,automation,,,,,"weather_index_report",,,,,,,1,,,,,,,,"__::__[]:_()__(_-_-_>_//_&&_-__)",,,,"weather-data (1)","weather_data",automation,,,,,16,,0,,,,,,
,,,,"Sep 26 14:55:01 automation CRON[20200]: (root) CMD (command -v debian-sa1 > /dev/null && debian-sa1 1 1)","2026-09-26T14:55:01.000+0000",,,,,,,,,14,26,55,september,1,saturday,2026,local,,,,,,automation,,,,,"weather_index_report",,,,,,,1,,,,,,,,"__::__[]:_()__(_-_-_>_//_&&_-__)",,,,"weather-data (1)","weather_data",automation,,,,,16,,0,,,,,,
,,,,"Sep 26 14:48:22 automation systemd-networkd[940]: enp0s3: Configured","2026-09-26T14:48:22.000+0000",,,,,,,,,14,26,48,september,22,saturday,2026,local,,,,,,automation,,,,,"weather_index_report",,,,,,,1,,,,,,,,"__::__-[]:_:_",,,,"weather-data (1)","weather_data",automation,,,,,16,,0,,,,,,
,,,,"Sep 26 14:48:22 automation systemd-networkd[940]: enp0s3: Configured","2026-09-26T14:48:22.000+0000",,,,,,,,,14,26,48,september,22,saturday,2026,local,,,,,,automation,,,,,"weather_index_report",,,,,,,1,,,,,,,,"__::__-[]:_:_",,,,"weather-data (1)","weather_data",automation,,,,,16,,0,,,,,,
,,,,"Sep 26 14:48:21 automation systemd-networkd[940]: enp0s3: DHCPv4 address 192.168.0.18/24 via 192.168.0.1","2026-09-26T14:48:21.000+0000",,,,,,,,,14,26,48,september,21,saturday,2026,local,,,,,,automation,,,,,"weather_index_report",,,,,,,1,,,,,,,,"__::__-[]:_:___.../__...",,,,"weather-data (1)","weather_data",automation,,,,,16,,0,,,,,,
,,,,"Sep 26 14:48:21 automation systemd-timesyncd[740]: Network configuration changed, trying to establish connection.","2026-09-26T14:48:21.000+0000",,,,,,,,,14,26,48,september,21,saturday,2026,local,,,,,,automation,,,,,"weather_index_report",,,,,,,1,,,,,,,,"__::__-[]:___,____.",,,,"weather-data (1)","weather_data",automation,,,,,16,,0,,,,,,
,,,,"Sep 26 14:48:21 automation systemd-networkd[940]: enp0s3: Gained carrier","2026-09-26T14:48:21.000+0000",,,,,,,,,14,26,48,september,21,saturday,2026,local,,,,,,automation,,,,,"weather_index_report",,,,,,,1,,,,,,,,"__::__-[]:_:__",,,,"weather-data (1)","weather_data",automation,,,,,16,,0,,,,,,
,,,,"Sep 26 14:48:21 automation kernel: [125536.260449] e1000: enp0s3 NIC Link is Up 1000 Mbps Full Duplex, Flow Control: RX","2026-09-26T14:48:21.000+0000",,,,,,,,,14,26,48,september,21,saturday,2026,local,,,,,,automation,,,,,"weather_index_report",,,,,,,1,,,,,,,,"__::__:_[.]_:_________,__:_",,,,"weather-data (1)","weather_data",automation,,,,,16,,0,,,,,,
,,,,"Sep 26 14:48:21 automation systemd-networkd[940]: enp0s3: DHCPv4 address 192.168.0.18/24 via 192.168.0.1","2026-09-26T14:48:21.000+0000",,,,,,,,,14,26,48,september,21,saturday,2026,local,,,,,,automation,,,,,"weather_index_report",,,,,,,1,,,,,,,,"__::__-[]:_:___.../__...",,,,"weather-data (1)","weather_data",automation,,,,,16,,0,,,,,,
,,,,"Sep 26 14:48:21 automation systemd-timesyncd[740]: Network configuration changed, trying to establish connection.","2026-09-26T14:48:21.000+0000",,,,,,,,,14,26,48,september,21,saturday,2026,local,,,,,,automation,,,,,"weather_index_report",,,,,,,1,,,,,,,,"__::__-[]:___,____.",,,,"weather-data (1)","weather_data",automation,,,,,16,,0,,,,,,
,,,,"Sep 26 14:48:21 automation systemd-networkd[940]: enp0s3: Gained carrier","2026-09-26T14:48:21.000+0000",,,,,,,,,14,26,48,september,21,saturday,2026,local,,,,,,automation,,,,,"weather_index_report",,,,,,,1,,,,,,,,"__::__-[]:_:__",,,,"weather-data (1)","weather_data",automation,,,,,16,,0,,,,,,
,,,,"Sep 26 14:48:21 automation kernel: [125536.260449] e1000: enp0s3 NIC Link is Up 1000 Mbps Full Duplex, Flow Control: RX","2026-09-26T14:48:21.000+0000",,,,,,,,,14,26,48,september,21,saturday,2026,local,,,,,,automation,,,,,"weather_index_report",,,,,,,1,,,,,,,,"__::__:_[.]_:_________,__:_",,,,"weather-data (1)","weather_data",automation,,,,,16,,0,,,,,,
,,,,"Sep 26 14:48:15 automation systemd[1]: Started Hostname Service.","2026-09-26T14:48:15.000+0000",,,,,,,,,14,26,48,september,15,saturday,2026,local,,,,,,automation,,,,,"weather_index_report",,,,,,,1,,,,,,,,"__::__[]:___.",,,,"weather-data (1)","weather_data",automation,,,,,16,,0,,,,,,
,,,,"Sep 26 14:48:15 automation dbus-daemon[1060]: [system] Successfully activated service 'org.freedesktop.hostname1'","2026-09-26T14:48:15.000+0000",,,,,,,,,14,26,48,september,15,saturday,2026,local,,,,,,automation,,,,,"weather_index_report",,,,,,,1,,,,,,,,"__::__-[]:_[]____'..'",,,,"weather-data (1)","weather_data",automation,,,,,16,,0,,,,,,
,,,,"Sep 26 14:48:15 automation systemd[1]: Starting Hostname Service...","2026-09-26T14:48:15.000+0000",,,,,,,,,14,26,48,september,15,saturday,2026,local,,,,,,automation,,,,,"weather_index_report",,,,,,,1,,,,,,,,"__::__[]:___...",,,,"weather-data (1)","weather_data",automation,,,,,16,,0,,,,,,
,,,,"Sep 26 14:48:15 automation systemd-networkd[940]: enp0s3: DHCPv6 lease lost","2026-09-26T14:48:15.000+0000",,,,,,,,,14,26,48,september,15,saturday,2026,local,,,,,,automation,,,,,"weather_index_report",,,,,,,1,,,,,,,,"__::__-[]:_:___",,,,"weather-data (1)","weather_data",automation,,,,,16,,0,,,,,,
,,,,"Sep 26 14:48:15 automation dbus-daemon[1060]: [system] Activating via systemd: service name='org.freedesktop.hostname1' unit='dbus-org.freedesktop.hostname1.service' requested by ':1.2' (uid=100 pid=940 comm=""/lib/systemd/systemd-networkd "" label=""unconfined"")","2026-09-26T14:48:15.000+0000",,,,,,"/lib/systemd/systemd-networkd",,,14,26,48,september,15,saturday,2026,local,,,,,,automation,,,,,"weather_index_report",,unconfined,,,,,1,,,,,"'org.freedesktop.hostname1'",940,,"__::__-[]:_[]___:__='..'_='-...'___':.'_(=_=_=""///",,,,"weather-data (1)","weather_data",automation,,,,,16,,0,,100,"'dbus-org.freedesktop.hostname1.service'",,,
,,,,"Sep 26 14:48:15 automation systemd-networkd[940]: enp0s3: DHCP lease lost","2026-09-26T14:48:15.000+0000",,,,,,,,,14,26,48,september,15,saturday,2026,local,,,,,,automation,,,,,"weather_index_report",,,,,,,1,,,,,,,,"__::__-[]:_:___",,,,"weather-data (1)","weather_data",automation,,,,,16,,0,,,,,,
,,,,"Sep 26 14:48:15 automation kernel: [125529.906652] e1000: enp0s3 NIC Link is Down","2026-09-26T14:48:15.000+0000",,,,,,,,,14,26,48,september,15,saturday,2026,local,,,,,,automation,,,,,"weather_index_report",,,,,,,1,,,,,,,,"__::__:_[.]_:_____",,,,"weather-data (1)","weather_data",automation,,,,,16,,0,,,,,,
,,,,"Sep 26 14:48:15 automation systemd-networkd[940]: enp0s3: Lost carrier","2026-09-26T14:48:15.000+0000",,,,,,,,,14,26,48,september,15,saturday,2026,local,,,,,,automation,,,,,"weather_index_report",,,,,,,1,,,,,,,,"__::__-[]:_:__",,,,"weather-data (1)","weather_data",automation,,,,,16,,0,,,,,,
,,,,"Sep 26 14:48:15 automation systemd[1]: Started Hostname Service.","2026-09-26T14:48:15.000+0000",,,,,,,,,14,26,48,september,15,saturday,2026,local,,,,,,automation,,,,,"weather_index_report",,,,,,,1,,,,,,,,"__::__[]:___.",,,,"weather-data (1)","weather_data",automation,,,,,16,,0,,,,,,
,,,,"Sep 26 14:48:15 automation dbus-daemon[1060]: [system] Successfully activated service 'org.freedesktop.hostname1'","2026-09-26T14:48:15.000+0000",,,,,,,,,14,26,48,september,15,saturday,2026,local,,,,,,automation,,,,,"weather_index_report",,,,,,,1,,,,,,,,"__::__-[]:_[]____'..'",,,,"weather-data (1)","weather_data",automation,,,,,16,,0,,,,,,
,,,,"Sep 26 14:48:15 automation systemd[1]: Starting Hostname Service...","2026-09-26T14:48:15.000+0000",,,,,,,,,14,26,48,september,15,saturday,2026,local,,,,,,automation,,,,,"weather_index_report",,,,,,,1,,,,,,,,"__::__[]:___...",,,,"weather-data (1)","weather_data",automation,,,,,16,,0,,,,,,
,,,,"Sep 26 14:48:15 automation systemd-networkd[940]: enp0s3: DHCPv6 lease lost","2026-09-26T14:48:15.000+0000",,,,,,,,,14,26,48,september,15,saturday,2026,local,,,,,,automation,,,,,"weather_index_report",,,,,,,1,,,,,,,,"__::__-[]:_:___",,,,"weather-data (1)","weather_data",automation,,,,,16,,0,,,,,,
,,,,"Sep 26 14:48:15 automation dbus-daemon[1060]: [system] Activating via systemd: service name='org.freedesktop.hostname1' unit='dbus-org.freedesktop.hostname1.service' requested by ':1.2' (uid=100 pid=940 comm=""/lib/systemd/systemd-networkd "" label=""unconfined"")","2026-09-26T14:48:15.000+0000",,,,,,"/lib/systemd/systemd-networkd",,,14,26,48,september,15,saturday,2026,local,,,,,,automation,,,,,"weather_index_report",,unconfined,,,,,1,,,,,"'org.freedesktop.hostname1'",940,,"__::__-[]:_[]___:__='..'_='-...'___':.'_(=_=_=""///",,,,"weather-data (1)","weather_data",automation,,,,,16,,0,,100,"'dbus-org.freedesktop.hostname1.service'",,,
,,,,"Sep 26 14:48:15 automation systemd-networkd[940]: enp0s3: DHCP lease lost","2026-09-26T14:48:15.000+0000",,,,,,,,,14,26,48,september,15,saturday,2026,local,,,,,,automation,,,,,"weather_index_report",,,,,,,1,,,,,,,,"__::__-[]:_:___",,,,"weather-data (1)","weather_data",automation,,,,,16,,0,,,,,,
,,,,"Sep 26 14:48:15 automation kernel: [125529.906652] e1000: enp0s3 NIC Link is Down","2026-09-26T14:48:15.000+0000",,,,,,,,,14,26,48,september,15,saturday,2026,local,,,,,,automation,,,,,"weather_index_report",,,,,,,1,,,,,,,,"__::__:_[.]_:_____",,,,"weather-data (1)","weather_data",automation,,,,,16,,0,,,,,,
,,,,"Sep 26 14:48:15 automation systemd-networkd[940]: enp0s3: Lost carrier","2026-09-26T14:48:15.000+0000",,,,,,,,,14,26,48,september,15,saturday,2026,local,,,,,,automation,,,,,"weather_index_report",,,,,,,1,,,,,,,,"__::__-[]:_:__",,,,"weather-data (1)","weather_data",automation,,,,,16,,0,,,,,,
,,,,"Sep 26 14:45:01 automation CRON[20161]: (root) CMD (command -v debian-sa1 > /dev/null && debian-sa1 1 1)","2026-09-26T14:45:01.000+0000",,,,,,,,,14,26,45,september,1,saturday,2026,local,,,,,,automation,,,,,"weather_index_report",,,,,,,1,,,,,,,,"__::__[]:_()__(_-_-_>_//_&&_-__)",,,,"weather-data (1)","weather_data",automation,,,,,16,,0,,,,,,
,,,,"Sep 26 14:45:01 automation CRON[20161]: (root) CMD (command -v debian-sa1 > /dev/null && debian-sa1 1 1)","2026-09-26T14:45:01.000+0000",,,,,,,,,14,26,45,september,1,saturday,2026,local,,,,,,automation,,,,,"weather_index_report",,,,,,,1,,,,,,,,"__::__[]:_()__(_-_-_>_//_&&_-__)",,,,"weather-data (1)","weather_data",automation,,,,,16,,0,,,,,,
,,,,"Sep 26 14:35:01 automation CRON[20156]: (root) CMD (command -v debian-sa1 > /dev/null && debian-sa1 1 1)","2026-09-26T14:35:01.000+0000",,,,,,,,,14,26,35,september,1,saturday,2026,local,,,,,,automation,,,,,"weather_index_report",,,,,,,1,,,,,,,,"__::__[]:_()__(_-_-_>_//_&&_-__)",,,,"weather-data (1)","weather_data",automation,,,,,16,,0,,,,,,
,,,,"Sep 26 14:35:01 automation CRON[20156]: (root) CMD (command -v debian-sa1 > /dev/null && debian-sa1 1 1)","2026-09-26T14:35:01.000+0000",,,,,,,,,14,26,35,september,1,saturday,2026,local,,,,,,automation,,,,,"weather_index_report",,,,,,,1,,,,,,,,"__::__[]:_()__(_-_-_>_//_&&_-__)",,,,"weather-data (1)","weather_data",automation,,,,,16,,0,,,,,,
,,,,"Sep 26 14:27:17 automation grafana-agent[1126]: ts=2024-09-26T14:27:17.551076559Z caller=cleaner.go:203 level=warn agent=prometheus component=cleaner msg=""unable to find segment mtime of WAL"" name=/var/lib/grafana-agent/.cache err=""unable to open WAL: open /var/lib/grafana-agent/.cache/wal: no such file or directory""","2026-09-26T14:27:17.000+0000",prometheus,,,,"cleaner.go:203",,cleaner,,14,26,27,september,17,saturday,2026,local,,"unable to open WAL: open /var/lib/grafana-agent/.cache/wal: no such file or directory",,,,automation,,,,,"weather_index_report",,,,,,warn,1,,,,"unable to find segment mtime of WAL","/var/lib/grafana-agent/.cache",,,"__::__-[]:_=--::._=.:_=_=_=_=""______""_=///-/._=""__",,,,"weather-data (1)","weather_data",automation,,,,,16,,0,"2024-09-26T14:27:17.551076559Z",,,,,
,,,,"Sep 26 14:27:17 automation grafana-agent[1126]: ts=2024-09-26T14:27:17.551076559Z caller=cleaner.go:203 level=warn agent=prometheus component=cleaner msg=""unable to find segment mtime of WAL"" name=/var/lib/grafana-agent/.cache err=""unable to open WAL: open /var/lib/grafana-agent/.cache/wal: no such file or directory""","2026-09-26T14:27:17.000+0000",prometheus,,,,"cleaner.go:203",,cleaner,,14,26,27,september,17,saturday,2026,local,,"unable to open WAL: open /var/lib/grafana-agent/.cache/wal: no such file or directory",,,,automation,,,,,"weather_index_report",,,,,,warn,1,,,,"unable to find segment mtime of WAL","/var/lib/grafana-agent/.cache",,,"__::__-[]:_=--::._=.:_=_=_=_=""______""_=///-/._=""__",,,,"weather-data (1)","weather_data",automation,,,,,16,,0,"2024-09-26T14:27:17.551076559Z",,,,,
,,,,"Sep 26 14:25:01 automation CRON[20150]: (root) CMD (command -v debian-sa1 > /dev/null && debian-sa1 1 1)","2026-09-26T14:25:01.000+0000",,,,,,,,,14,26,25,september,1,saturday,2026,local,,,,,,automation,,,,,"weather_index_report",,,,,,,1,,,,,,,,"__::__[]:_()__(_-_-_>_//_&&_-__)",,,,"weather-data (1)","weather_data",automation,,,,,16,,0,,,,,,
,,,,"Sep 26 14:25:01 automation CRON[20150]: (root) CMD (command -v debian-sa1 > /dev/null && debian-sa1 1 1)","2026-09-26T14:25:01.000+0000",,,,,,,,,14,26,25,september,1,saturday,2026,local,,,,,,automation,,,,,"weather_index_report",,,,,,,1,,,,,,,,"__::__[]:_()__(_-_-_>_//_&&_-__)",,,,"weather-data (1)","weather_data",automation,,,,,16,,0,,,,,,
,,,,"Sep 26 14:17:01 automation CRON[20146]: (root) CMD (   cd / && run-parts --report /etc/cron.hourly)","2026-09-26T14:17:01.000+0000",,,,,,,,,14,26,17,september,1,saturday,2026,local,,,,,,automation,,,,,"weather_index_report",,,,,,,1,,,,,,,,"__::__[]:_()__(____/_&&_-_--_//.)",,,,"weather-data (1)","weather_data",automation,,,,,16,,0,,,,,,
,,,,"Sep 26 14:17:01 automation CRON[20146]: (root) CMD (   cd / && run-parts --report /etc/cron.hourly)","2026-09-26T14:17:01.000+0000",,,,,,,,,14,26,17,september,1,saturday,2026,local,,,,,,automation,,,,,"weather_index_report",,,,,,,1,,,,,,,,"__::__[]:_()__(____/_&&_-_--_//.)",,,,"weather-data (1)","weather_data",automation,,,,,16,,0,,,,,,
,,,,"Sep 26 14:15:01 automation CRON[20143]: (root) CMD (command -v debian-sa1 > /dev/null && debian-sa1 1 1)","2026-09-26T14:15:01.000+0000",,,,,,,,,14,26,15,september,1,saturday,2026,local,,,,,,automation,,,,,"weather_index_report",,,,,,,1,,,,,,,,"__::__[]:_()__(_-_-_>_//_&&_-__)",,,,"weather-data (1)","weather_data",automation,,,,,16,,0,,,,,,
,,,,"Sep 26 14:15:01 automation CRON[20143]: (root) CMD (command -v debian-sa1 > /dev/null && debian-sa1 1 1)","2026-09-26T14:15:01.000+0000",,,,,,,,,14,26,15,september,1,saturday,2026,local,,,,,,automation,,,,,"weather_index_report",,,,,,,1,,,,,,,,"__::__[]:_()__(_-_-_>_//_&&_-__)",,,,"weather-data (1)","weather_data",automation,,,,,16,,0,,,,,,
,,,,"Sep 26 14:05:01 automation CRON[20139]: (root) CMD (command -v debian-sa1 > /dev/null && debian-sa1 1 1)","2026-09-26T14:05:01.000+0000",,,,,,,,,14,26,5,september,1,saturday,2026,local,,,,,,automation,,,,,"weather_index_report",,,,,,,1,,,,,,,,"__::__[]:_()__(_-_-_>_//_&&_-__)",,,,"weather-data (1)","weather_data",automation,,,,,16,,0,,,,,,
,,,,"Sep 26 14:05:01 automation CRON[20139]: (root) CMD (command -v debian-sa1 > /dev/null && debian-sa1 1 1)","2026-09-26T14:05:01.000+0000",,,,,,,,,14,26,5,september,1,saturday,2026,local,,,,,,automation,,,,,"weather_index_report",,,,,,,1,,,,,,,,"__::__[]:_()__(_-_-_>_//_&&_-__)",,,,"weather-data (1)","weather_data",automation,,,,,16,,0,,,,,,
,,,,"Sep 26 13:57:17 automation grafana-agent[1126]: ts=2024-09-26T13:57:17.550124454Z caller=cleaner.go:203 level=warn agent=prometheus component=cleaner msg=""unable to find segment mtime of WAL"" name=/var/lib/grafana-agent/.cache err=""unable to open WAL: open /var/lib/grafana-agent/.cache/wal: no such file or directory""","2026-09-26T13:57:17.000+0000",prometheus,,,,"cleaner.go:203",,cleaner,,13,26,57,september,17,saturday,2026,local,,"unable to open WAL: open /var/lib/grafana-agent/.cache/wal: no such file or directory",,,,automation,,,,,"weather_index_report",,,,,,warn,1,,,,"unable to find segment mtime of WAL","/var/lib/grafana-agent/.cache",,,"__::__-[]:_=--::._=.:_=_=_=_=""______""_=///-/._=""__",,,,"weather-data (1)","weather_data",automation,,,,,16,,0,"2024-09-26T13:57:17.550124454Z",,,,,
,,,,"Sep 26 13:57:17 automation grafana-agent[1126]: ts=2024-09-26T13:57:17.550124454Z caller=cleaner.go:203 level=warn agent=prometheus component=cleaner msg=""unable to find segment mtime of WAL"" name=/var/lib/grafana-agent/.cache err=""unable to open WAL: open /var/lib/grafana-agent/.cache/wal: no such file or directory""","2026-09-26T13:57:17.000+0000",prometheus,,,,"cleaner.go:203",,cleaner,,13,26,57,september,17,saturday,2026,local,,"unable to open WAL: open /var/lib/grafana-agent/.cache/wal: no such file or directory",,,,automation,,,,,"weather_index_report",,,,,,warn,1,,,,"unable to find segment mtime of WAL","/var/lib/grafana-agent/.cache",,,"__::__-[]:_=--::._=.:_=_=_=_=""______""_=///-/._=""__",,,,"weather-data (1)","weather_data",automation,,,,,16,,0,"2024-09-26T13:57:17.550124454Z",,,,,
,,,,"Sep 26 13:55:01 automation CRON[20123]: (root) CMD (command -v debian-sa1 > /dev/null && debian-sa1 1 1)","2026-09-26T13:55:01.000+0000",,,,,,,,,13,26,55,september,1,saturday,2026,local,,,,,,automation,,,,,"weather_index_report",,,,,,,1,,,,,,,,"__::__[]:_()__(_-_-_>_//_&&_-__)",,,,"weather-data (1)","weather_data",automation,,,,,16,,0,,,,,,
,,,,"Sep 26 13:55:01 automation CRON[20123]: (root) CMD (command -v debian-sa1 > /dev/null && debian-sa1 1 1)","2026-09-26T13:55:01.000+0000",,,,,,,,,13,26,55,september,1,saturday,2026,local,,,,,,automation,,,,,"weather_index_report",,,,,,,1,,,,,,,,"__::__[]:_()__(_-_-_>_//_&&_-__)",,,,"weather-data (1)","weather_data",automation,,,,,16,,0,,,,,,
,,,,"Sep 26 13:53:41 automation systemd[1]: Started Hostname Service.","2026-09-26T13:53:41.000+0000",,,,,,,,,13,26,53,september,41,saturday,2026,local,,,,,,automation,,,,,"weather_index_report",,,,,,,1,,,,,,,,"__::__[]:___.",,,,"weather-data (1)","weather_data",automation,,,,,16,,0,,,,,,
,,,,"Sep 26 13:53:41 automation dbus-daemon[1060]: [system] Successfully activated service 'org.freedesktop.hostname1'","2026-09-26T13:53:41.000+0000",,,,,,,,,13,26,53,september,41,saturday,2026,local,,,,,,automation,,,,,"weather_index_report",,,,,,,1,,,,,,,,"__::__-[]:_[]____'..'",,,,"weather-data (1)","weather_data",automation,,,,,16,,0,,,,,,
,,,,"Sep 26 13:53:41 automation systemd-timesyncd[740]: Synchronized to time server [2620:2d:4000:1::40]:123 (ntp.ubuntu.com).","2026-09-26T13:53:41.000+0000",,,,,,,,,13,26,53,september,41,saturday,2026,local,,,,,,automation,,,,,"weather_index_report",,,,,,,1,,,,,,,,"__::__-[]:_____[:::::]:_(..).",,,,"weather-data (1)","weather_data",automation,,,,,16,,0,,,,,,
,,,,"Sep 26 13:53:41 automation systemd-networkd[940]: enp0s3: Configured","2026-09-26T13:53:41.000+0000",,,,,,,,,13,26,53,september,41,saturday,2026,local,,,,,,automation,,,,,"weather_index_report",,,,,,,1,,,,,,,,"__::__-[]:_:_",,,,"weather-data (1)","weather_data",automation,,,,,16,,0,,,,,,
,,,,"Sep 26 13:53:41 automation systemd-networkd[940]: enp0s3: DHCPv4 address 192.168.0.18/24 via 192.168.0.1","2026-09-26T13:53:41.000+0000",,,,,,,,,13,26,53,september,41,saturday,2026,local,,,,,,automation,,,,,"weather_index_report",,,,,,,1,,,,,,,,"__::__-[]:_:___.../__...",,,,"weather-data (1)","weather_data",automation,,,,,16,,0,,,,,,
,,,,"Sep 26 13:53:41 automation systemd[1]: Starting Hostname Service...","2026-09-26T13:53:41.000+0000",,,,,,,,,13,26,53,september,41,saturday,2026,local,,,,,,automation,,,,,"weather_index_report",,,,,,,1,,,,,,,,"__::__[]:___...",,,,"weather-data (1)","weather_data",automation,,,,,16,,0,,,,,,
,,,,"Sep 26 13:53:41 automation dbus-daemon[1060]: [system] Activating via systemd: service name='org.freedesktop.hostname1' unit='dbus-org.freedesktop.hostname1.service' requested by ':1.2' (uid=100 pid=940 comm=""/lib/systemd/systemd-networkd "" label=""unconfined"")","2026-09-26T13:53:41.000+0000",,,,,,"/lib/systemd/systemd-networkd",,,13,26,53,september,41,saturday,2026,local,,,,,,automation,,,,,"weather_index_report",,unconfined,,,,,1,,,,,"'org.freedesktop.hostname1'",940,,"__::__-[]:_[]___:__='..'_='-...'___':.'_(=_=_=""///",,,,"weather-data (1)","weather_data",automation,,,,,16,,0,,100,"'dbus-org.freedesktop.hostname1.service'",,,
,,,,"Sep 26 13:53:41 automation systemd-timesyncd[740]: Network configuration changed, trying to establish connection.","2026-09-26T13:53:41.000+0000",,,,,,,,,13,26,53,september,41,saturday,2026,local,,,,,,automation,,,,,"weather_index_report",,,,,,,1,,,,,,,,"__::__-[]:___,____.",,,,"weather-data (1)","weather_data",automation,,,,,16,,0,,,,,,
,,,,"Sep 26 13:53:41 automation systemd-networkd[940]: enp0s3: DHCP lease lost","2026-09-26T13:53:41.000+0000",,,,,,,,,13,26,53,september,41,saturday,2026,local,,,,,,automation,,,,,"weather_index_report",,,,,,,1,,,,,,,,"__::__-[]:_:___",,,,"weather-data (1)","weather_data",automation,,,,,16,,0,,,,,,
,,,,"Sep 26 13:53:41 automation systemd[1]: Started Hostname Service.","2026-09-26T13:53:41.000+0000",,,,,,,,,13,26,53,september,41,saturday,2026,local,,,,,,automation,,,,,"weather_index_report",,,,,,,1,,,,,,,,"__::__[]:___.",,,,"weather-data (1)","weather_data",automation,,,,,16,,0,,,,,,
,,,,"Sep 26 13:53:41 automation dbus-daemon[1060]: [system] Successfully activated service 'org.freedesktop.hostname1'","2026-09-26T13:53:41.000+0000",,,,,,,,,13,26,53,september,41,saturday,2026,local,,,,,,automation,,,,,"weather_index_report",,,,,,,1,,,,,,,,"__::__-[]:_[]____'..'",,,,"weather-data (1)","weather_data",automation,,,,,16,,0,,,,,,
,,,,"Sep 26 13:53:41 automation systemd-timesyncd[740]: Synchronized to time server [2620:2d:4000:1::40]:123 (ntp.ubuntu.com).","2026-09-26T13:53:41.000+0000",,,,,,,,,13,26,53,september,41,saturday,2026,local,,,,,,automation,,,,,"weather_index_report",,,,,,,1,,,,,,,,"__::__-[]:_____[:::::]:_(..).",,,,"weather-data (1)","weather_data",automation,,,,,16,,0,,,,,,
,,,,"Sep 26 13:53:41 automation systemd-networkd[940]: enp0s3: Configured","2026-09-26T13:53:41.000+0000",,,,,,,,,13,26,53,september,41,saturday,2026,local,,,,,,automation,,,,,"weather_index_report",,,,,,,1,,,,,,,,"__::__-[]:_:_",,,,"weather-data (1)","weather_data",automation,,,,,16,,0,,,,,,
,,,,"Sep 26 13:53:41 automation systemd-networkd[940]: enp0s3: DHCPv4 address 192.168.0.18/24 via 192.168.0.1","2026-09-26T13:53:41.000+0000",,,,,,,,,13,26,53,september,41,saturday,2026,local,,,,,,automation,,,,,"weather_index_report",,,,,,,1,,,,,,,,"__::__-[]:_:___.../__...",,,,"weather-data (1)","weather_data",automation,,,,,16,,0,,,,,,
,,,,"Sep 26 13:53:41 automation systemd[1]: Starting Hostname Service...","2026-09-26T13:53:41.000+0000",,,,,,,,,13,26,53,september,41,saturday,2026,local,,,,,,automation,,,,,"weather_index_report",,,,,,,1,,,,,,,,"__::__[]:___...",,,,"weather-data (1)","weather_data",automation,,,,,16,,0,,,,,,
,,,,"Sep 26 13:53:41 automation dbus-daemon[1060]: [system] Activating via systemd: service name='org.freedesktop.hostname1' unit='dbus-org.freedesktop.hostname1.service' requested by ':1.2' (uid=100 pid=940 comm=""/lib/systemd/systemd-networkd "" label=""unconfined"")","2026-09-26T13:53:41.000+0000",,,,,,"/lib/systemd/systemd-networkd",,,13,26,53,september,41,saturday,2026,local,,,,,,automation,,,,,"weather_index_report",,unconfined,,,,,1,,,,,"'org.freedesktop.hostname1'",940,,"__::__-[]:_[]___:__='..'_='-...'___':.'_(=_=_=""///",,,,"weather-data (1)","weather_data",automation,,,,,16,,0,,100,"'dbus-org.freedesktop.hostname1.service'",,,
,,,,"Sep 26 13:53:41 automation systemd-timesyncd[740]: Network configuration changed, trying to establish connection.","2026-09-26T13:53:41.000+0000",,,,,,,,,13,26,53,september,41,saturday,2026,local,,,,,,automation,,,,,"weather_index_report",,,,,,,1,,,,,,,,"__::__-[]:___,____.",,,,"weather-data (1)","weather_data",automation,,,,,16,,0,,,,,,
,,,,"Sep 26 13:53:41 automation systemd-networkd[940]: enp0s3: DHCP lease lost","2026-09-26T13:53:41.000+0000",,,,,,,,,13,26,53,september,41,saturday,2026,local,,,,,,automation,,,,,"weather_index_report",,,,,,,1,,,,,,,,"__::__-[]:_:___",,,,"weather-data (1)","weather_data",automation,,,,,16,,0,,,,,,
,,,,"Sep 26 13:50:24 automation systemd[1]: Started Ubuntu Advantage Timer for running repeated jobs.","2026-09-26T13:50:24.000+0000",,,,,,,,,13,26,50,september,24,saturday,2026,local,,,,,,automation,,,,,"weather_index_report",,,,,,,1,,,,,,,,"__::__[]:________.",,,,"weather-data (1)","weather_data",automation,,,,,16,,0,,,,,,
,,,,"Sep 26 13:50:24 automation systemd[1]: Started Ubuntu Advantage Timer for running repeated jobs.","2026-09-26T13:50:24.000+0000",,,,,,,,,13,26,50,september,24,saturday,2026,local,,,,,,automation,,,,,"weather_index_report",,,,,,,1,,,,,,,,"__::__[]:________.",,,,"weather-data (1)","weather_data",automation,,,,,16,,0,,,,,,
,,,,"Sep 26 13:50:23 automation systemd[1]: Starting Ubuntu Advantage Timer for running repeated jobs...","2026-09-26T13:50:23.000+0000",,,,,,,,,13,26,50,september,23,saturday,2026,local,,,,,,automation,,,,,"weather_index_report",,,,,,,1,,,,,,,,"__::__[]:________...",,,,"weather-data (1)","weather_data",automation,,,,,16,,0,,,,,,
,,,,"Sep 26 13:50:23 automation systemd[1]: Starting Ubuntu Advantage Timer for running repeated jobs...","2026-09-26T13:50:23.000+0000",,,,,,,,,13,26,50,september,23,saturday,2026,local,,,,,,automation,,,,,"weather_index_report",,,,,,,1,,,,,,,,"__::__[]:________...",,,,"weather-data (1)","weather_data",automation,,,,,16,,0,,,,,,
,,,,"Sep 26 13:45:01 automation CRON[20041]: (root) CMD (command -v debian-sa1 > /dev/null && debian-sa1 1 1)","2026-09-26T13:45:01.000+0000",,,,,,,,,13,26,45,september,1,saturday,2026,local,,,,,,automation,,,,,"weather_index_report",,,,,,,1,,,,,,,,"__::__[]:_()__(_-_-_>_//_&&_-__)",,,,"weather-data (1)","weather_data",automation,,,,,16,,0,,,,,,
,,,,"Sep 26 13:45:01 automation CRON[20041]: (root) CMD (command -v debian-sa1 > /dev/null && debian-sa1 1 1)","2026-09-26T13:45:01.000+0000",,,,,,,,,13,26,45,september,1,saturday,2026,local,,,,,,automation,,,,,"weather_index_report",,,,,,,1,,,,,,,,"__::__[]:_()__(_-_-_>_//_&&_-__)",,,,"weather-data (1)","weather_data",automation,,,,,16,,0,,,,,,
,,,,"Sep 26 13:35:01 automation CRON[20036]: (root) CMD (command -v debian-sa1 > /dev/null && debian-sa1 1 1)","2026-09-26T13:35:01.000+0000",,,,,,,,,13,26,35,september,1,saturday,2026,local,,,,,,automation,,,,,"weather_index_report",,,,,,,1,,,,,,,,"__::__[]:_()__(_-_-_>_//_&&_-__)",,,,"weather-data (1)","weather_data",automation,,,,,16,,0,,,,,,
,,,,"Sep 26 13:35:01 automation CRON[20036]: (root) CMD (command -v debian-sa1 > /dev/null && debian-sa1 1 1)","2026-09-26T13:35:01.000+0000",,,,,,,,,13,26,35,september,1,saturday,2026,local,,,,,,automation,,,,,"weather_index_report",,,,,,,1,,,,,,,,"__::__[]:_()__(_-_-_>_//_&&_-__)",,,,"weather-data (1)","weather_data",automation,,,,,16,,0,,,,,,
,,,,"Sep 26 13:27:17 automation grafana-agent[1126]: ts=2024-09-26T13:27:17.550673697Z caller=cleaner.go:203 level=warn agent=prometheus component=cleaner msg=""unable to find segment mtime of WAL"" name=/var/lib/grafana-agent/.cache err=""unable to open WAL: open /var/lib/grafana-agent/.cache/wal: no such file or directory""","2026-09-26T13:27:17.000+0000",prometheus,,,,"cleaner.go:203",,cleaner,,13,26,27,september,17,saturday,2026,local,,"unable to open WAL: open /var/lib/grafana-agent/.cache/wal: no such file or directory",,,,automation,,,,,"weather_index_report",,,,,,warn,1,,,,"unable to find segment mtime of WAL","/var/lib/grafana-agent/.cache",,,"__::__-[]:_=--::._=.:_=_=_=_=""______""_=///-/._=""__",,,,"weather-data (1)","weather_data",automation,,,,,16,,0,"2024-09-26T13:27:17.550673697Z",,,,,
,,,,"Sep 26 13:27:17 automation grafana-agent[1126]: ts=2024-09-26T13:27:17.550673697Z caller=cleaner.go:203 level=warn agent=prometheus component=cleaner msg=""unable to find segment mtime of WAL"" name=/var/lib/grafana-agent/.cache err=""unable to open WAL: open /var/lib/grafana-agent/.cache/wal: no such file or directory""","2026-09-26T13:27:17.000+0000",prometheus,,,,"cleaner.go:203",,cleaner,,13,26,27,september,17,saturday,2026,local,,"unable to open WAL: open /var/lib/grafana-agent/.cache/wal: no such file or directory",,,,automation,,,,,"weather_index_report",,,,,,warn,1,,,,"unable to find segment mtime of WAL","/var/lib/grafana-agent/.cache",,,"__::__-[]:_=--::._=.:_=_=_=_=""______""_=///-/._=""__",,,,"weather-data (1)","weather_data",automation,,,,,16,,0,"2024-09-26T13:27:17.550673697Z",,,,,
,,,,"Sep 26 13:25:01 automation CRON[20031]: (root) CMD (command -v debian-sa1 > /dev/null && debian-sa1 1 1)","2026-09-26T13:25:01.000+0000",,,,,,,,,13,26,25,september,1,saturday,2026,local,,,,,,automation,,,,,"weather_index_report",,,,,,,1,,,,,,,,"__::__[]:_()__(_-_-_>_//_&&_-__)",,,,"weather-data (1)","weather_data",automation,,,,,16,,0,,,,,,
,,,,"Sep 26 13:25:01 automation CRON[20031]: (root) CMD (command -v debian-sa1 > /dev/null && debian-sa1 1 1)","2026-09-26T13:25:01.000+0000",,,,,,,,,13,26,25,september,1,saturday,2026,local,,,,,,automation,,,,,"weather_index_report",,,,,,,1,,,,,,,,"__::__[]:_()__(_-_-_>_//_&&_-__)",,,,"weather-data (1)","weather_data",automation,,,,,16,,0,,,,,,
,,,,"Sep 26 13:17:01 automation CRON[20026]: (root) CMD (   cd / && run-parts --report /etc/cron.hourly)","2026-09-26T13:17:01.000+0000",,,,,,,,,13,26,17,september,1,saturday,2026,local,,,,,,automation,,,,,"weather_index_report",,,,,,,1,,,,,,,,"__::__[]:_()__(____/_&&_-_--_//.)",,,,"weather-data (1)","weather_data",automation,,,,,16,,0,,,,,,
,,,,"Sep 26 13:17:01 automation CRON[20026]: (root) CMD (   cd / && run-parts --report /etc/cron.hourly)","2026-09-26T13:17:01.000+0000",,,,,,,,,13,26,17,september,1,saturday,2026,local,,,,,,automation,,,,,"weather_index_report",,,,,,,1,,,,,,,,"__::__[]:_()__(____/_&&_-_--_//.)",,,,"weather-data (1)","weather_data",automation,,,,,16,,0,,,,,,
,,,,"Sep 26 13:15:01 automation CRON[20023]: (root) CMD (command -v debian-sa1 > /dev/null && debian-sa1 1 1)","2026-09-26T13:15:01.000+0000",,,,,,,,,13,26,15,september,1,saturday,2026,local,,,,,,automation,,,,,"weather_index_report",,,,,,,1,,,,,,,,"__::__[]:_()__(_-_-_>_//_&&_-__)",,,,"weather-data (1)","weather_data",automation,,,,,16,,0,,,,,,
,,,,"Sep 26 13:15:01 automation CRON[20023]: (root) CMD (command -v debian-sa1 > /dev/null && debian-sa1 1 1)","2026-09-26T13:15:01.000+0000",,,,,,,,,13,26,15,september,1,saturday,2026,local,,,,,,automation,,,,,"weather_index_report",,,,,,,1,,,,,,,,"__::__[]:_()__(_-_-_>_//_&&_-__)",,,,"weather-data (1)","weather_data",automation,,,,,16,,0,,,,,,
,,,,"Sep 26 13:05:01 automation CRON[20017]: (root) CMD (command -v debian-sa1 > /dev/null && debian-sa1 1 1)","2026-09-26T13:05:01.000+0000",,,,,,,,,13,26,5,september,1,saturday,2026,local,,,,,,automation,,,,,"weather_index_report",,,,,,,1,,,,,,,,"__::__[]:_()__(_-_-_>_//_&&_-__)",,,,"weather-data (1)","weather_data",automation,,,,,16,,0,,,,,,
,,,,"Sep 26 13:05:01 automation CRON[20017]: (root) CMD (command -v debian-sa1 > /dev/null && debian-sa1 1 1)","2026-09-26T13:05:01.000+0000",,,,,,,,,13,26,5,september,1,saturday,2026,local,,,,,,automation,,,,,"weather_index_report",,,,,,,1,,,,,,,,"__::__[]:_()__(_-_-_>_//_&&_-__)",,,,"weather-data (1)","weather_data",automation,,,,,16,,0,,,,,,
,,,,"Sep 26 12:57:17 automation grafana-agent[1126]: ts=2024-09-26T12:57:17.550334711Z caller=cleaner.go:203 level=warn agent=prometheus component=cleaner msg=""unable to find segment mtime of WAL"" name=/var/lib/grafana-agent/.cache err=""unable to open WAL: open /var/lib/grafana-agent/.cache/wal: no such file or directory""","2026-09-26T12:57:17.000+0000",prometheus,,,,"cleaner.go:203",,cleaner,,12,26,57,september,17,saturday,2026,local,,"unable to open WAL: open /var/lib/grafana-agent/.cache/wal: no such file or directory",,,,automation,,,,,"weather_index_report",,,,,,warn,1,,,,"unable to find segment mtime of WAL","/var/lib/grafana-agent/.cache",,,"__::__-[]:_=--::._=.:_=_=_=_=""______""_=///-/._=""__",,,,"weather-data (1)","weather_data",automation,,,,,16,,0,"2024-09-26T12:57:17.550334711Z",,,,,
,,,,"Sep 26 12:57:17 automation grafana-agent[1126]: ts=2024-09-26T12:57:17.550334711Z caller=cleaner.go:203 level=warn agent=prometheus component=cleaner msg=""unable to find segment mtime of WAL"" name=/var/lib/grafana-agent/.cache err=""unable to open WAL: open /var/lib/grafana-agent/.cache/wal: no such file or directory""","2026-09-26T12:57:17.000+0000",prometheus,,,,"cleaner.go:203",,cleaner,,12,26,57,september,17,saturday,2026,local,,"unable to open WAL: open /var/lib/grafana-agent/.cache/wal: no such file or directory",,,,automation,,,,,"weather_index_report",,,,,,warn,1,,,,"unable to find segment mtime of WAL","/var/lib/grafana-agent/.cache",,,"__::__-[]:_=--::._=.:_=_=_=_=""______""_=///-/._=""__",,,,"weather-data (1)","weather_data",automation,,,,,16,,0,"2024-09-26T12:57:17.550334711Z",,,,,
,,,,"Sep 26 12:55:01 automation CRON[20002]: (root) CMD (command -v debian-sa1 > /dev/null && debian-sa1 1 1)","2026-09-26T12:55:01.000+0000",,,,,,,,,12,26,55,september,1,saturday,2026,local,,,,,,automation,,,,,"weather_index_report",,,,,,,1,,,,,,,,"__::__[]:_()__(_-_-_>_//_&&_-__)",,,,"weather-data (1)","weather_data",automation,,,,,16,,0,,,,,,
,,,,"Sep 26 12:55:01 automation CRON[20002]: (root) CMD (command -v debian-sa1 > /dev/null && debian-sa1 1 1)","2026-09-26T12:55:01.000+0000",,,,,,,,,12,26,55,september,1,saturday,2026,local,,,,,,automation,,,,,"weather_index_report",,,,,,,1,,,,,,,,"__::__[]:_()__(_-_-_>_//_&&_-__)",,,,"weather-data (1)","weather_data",automation,,,,,16,,0,,,,,,
,,,,"Sep 26 12:53:41 automation systemd[1]: Started Hostname Service.","2026-09-26T12:53:41.000+0000",,,,,,,,,12,26,53,september,41,saturday,2026,local,,,,,,automation,,,,,"weather_index_report",,,,,,,1,,,,,,,,"__::__[]:___.",,,,"weather-data (1)","weather_data",automation,,,,,16,,0,,,,,,
,,,,"Sep 26 12:53:41 automation dbus-daemon[1060]: [system] Successfully activated service 'org.freedesktop.hostname1'","2026-09-26T12:53:41.000+0000",,,,,,,,,12,26,53,september,41,saturday,2026,local,,,,,,automation,,,,,"weather_index_report",,,,,,,1,,,,,,,,"__::__-[]:_[]____'..'",,,,"weather-data (1)","weather_data",automation,,,,,16,,0,,,,,,
,,,,"Sep 26 12:53:41 automation systemd-timesyncd[740]: Synchronized to time server [2620:2d:4000:1::40]:123 (ntp.ubuntu.com).","2026-09-26T12:53:41.000+0000",,,,,,,,,12,26,53,september,41,saturday,2026,local,,,,,,automation,,,,,"weather_index_report",,,,,,,1,,,,,,,,"__::__-[]:_____[:::::]:_(..).",,,,"weather-data (1)","weather_data",automation,,,,,16,,0,,,,,,
,,,,"Sep 26 12:53:41 automation systemd-networkd[940]: enp0s3: Configured","2026-09-26T12:53:41.000+0000",,,,,,,,,12,26,53,september,41,saturday,2026,local,,,,,,automation,,,,,"weather_index_report",,,,,,,1,,,,,,,,"__::__-[]:_:_",,,,"weather-data (1)","weather_data",automation,,,,,16,,0,,,,,,
,,,,"Sep 26 12:53:41 automation systemd-networkd[940]: enp0s3: DHCPv4 address 192.168.0.18/24 via 192.168.0.1","2026-09-26T12:53:41.000+0000",,,,,,,,,12,26,53,september,41,saturday,2026,local,,,,,,automation,,,,,"weather_index_report",,,,,,,1,,,,,,,,"__::__-[]:_:___.../__...",,,,"weather-data (1)","weather_data",automation,,,,,16,,0,,,,,,
,,,,"Sep 26 12:53:41 automation systemd[1]: Starting Hostname Service...","2026-09-26T12:53:41.000+0000",,,,,,,,,12,26,53,september,41,saturday,2026,local,,,,,,automation,,,,,"weather_index_report",,,,,,,1,,,,,,,,"__::__[]:___...",,,,"weather-data (1)","weather_data",automation,,,,,16,,0,,,,,,
,,,,"Sep 26 12:53:41 automation dbus-daemon[1060]: [system] Activating via systemd: service name='org.freedesktop.hostname1' unit='dbus-org.freedesktop.hostname1.service' requested by ':1.2' (uid=100 pid=940 comm=""/lib/systemd/systemd-networkd "" label=""unconfined"")","2026-09-26T12:53:41.000+0000",,,,,,"/lib/systemd/systemd-networkd",,,12,26,53,september,41,saturday,2026,local,,,,,,automation,,,,,"weather_index_report",,unconfined,,,,,1,,,,,"'org.freedesktop.hostname1'",940,,"__::__-[]:_[]___:__='..'_='-...'___':.'_(=_=_=""///",,,,"weather-data (1)","weather_data",automation,,,,,16,,0,,100,"'dbus-org.freedesktop.hostname1.service'",,,
,,,,"Sep 26 12:53:41 automation systemd-timesyncd[740]: Network configuration changed, trying to establish connection.","2026-09-26T12:53:41.000+0000",,,,,,,,,12,26,53,september,41,saturday,2026,local,,,,,,automation,,,,,"weather_index_report",,,,,,,1,,,,,,,,"__::__-[]:___,____.",,,,"weather-data (1)","weather_data",automation,,,,,16,,0,,,,,,
,,,,"Sep 26 12:53:41 automation systemd-networkd[940]: enp0s3: DHCP lease lost","2026-09-26T12:53:41.000+0000",,,,,,,,,12,26,53,september,41,saturday,2026,local,,,,,,automation,,,,,"weather_index_report",,,,,,,1,,,,,,,,"__::__-[]:_:___",,,,"weather-data (1)","weather_data",automation,,,,,16,,0,,,,,,
,,,,"Sep 26 12:53:41 automation systemd[1]: Started Hostname Service.","2026-09-26T12:53:41.000+0000",,,,,,,,,12,26,53,september,41,saturday,2026,local,,,,,,automation,,,,,"weather_index_report",,,,,,,1,,,,,,,,"__::__[]:___.",,,,"weather-data (1)","weather_data",automation,,,,,16,,0,,,,,,
,,,,"Sep 26 12:53:41 automation dbus-daemon[1060]: [system] Successfully activated service 'org.freedesktop.hostname1'","2026-09-26T12:53:41.000+0000",,,,,,,,,12,26,53,september,41,saturday,2026,local,,,,,,automation,,,,,"weather_index_report",,,,,,,1,,,,,,,,"__::__-[]:_[]____'..'",,,,"weather-data (1)","weather_data",automation,,,,,16,,0,,,,,,
,,,,"Sep 26 12:53:41 automation systemd-timesyncd[740]: Synchronized to time server [2620:2d:4000:1::40]:123 (ntp.ubuntu.com).","2026-09-26T12:53:41.000+0000",,,,,,,,,12,26,53,september,41,saturday,2026,local,,,,,,automation,,,,,"weather_index_report",,,,,,,1,,,,,,,,"__::__-[]:_____[:::::]:_(..).",,,,"weather-data (1)","weather_data",automation,,,,,16,,0,,,,,,
,,,,"Sep 26 12:53:41 automation systemd-networkd[940]: enp0s3: Configured","2026-09-26T12:53:41.000+0000",,,,,,,,,12,26,53,september,41,saturday,2026,local,,,,,,automation,,,,,"weather_index_report",,,,,,,1,,,,,,,,"__::__-[]:_:_",,,,"weather-data (1)","weather_data",automation,,,,,16,,0,,,,,,
,,,,"Sep 26 12:53:41 automation systemd-networkd[940]: enp0s3: DHCPv4 address 192.168.0.18/24 via 192.168.0.1","2026-09-26T12:53:41.000+0000",,,,,,,,,12,26,53,september,41,saturday,2026,local,,,,,,automation,,,,,"weather_index_report",,,,,,,1,,,,,,,,"__::__-[]:_:___.../__...",,,,"weather-data (1)","weather_data",automation,,,,,16,,0,,,,,,
,,,,"Sep 26 12:53:41 automation systemd[1]: Starting Hostname Service...","2026-09-26T12:53:41.000+0000",,,,,,,,,12,26,53,september,41,saturday,2026,local,,,,,,automation,,,,,"weather_index_report",,,,,,,1,,,,,,,,"__::__[]:___...",,,,"weather-data (1)","weather_data",automation,,,,,16,,0,,,,,,
,,,,"Sep 26 12:53:41 automation dbus-daemon[1060]: [system] Activating via systemd: service name='org.freedesktop.hostname1' unit='dbus-org.freedesktop.hostname1.service' requested by ':1.2' (uid=100 pid=940 comm=""/lib/systemd/systemd-networkd "" label=""unconfined"")","2026-09-26T12:53:41.000+0000",,,,,,"/lib/systemd/systemd-networkd",,,12,26,53,september,41,saturday,2026,local,,,,,,automation,,,,,"weather_index_report",,unconfined,,,,,1,,,,,"'org.freedesktop.hostname1'",940,,"__::__-[]:_[]___:__='..'_='-...'___':.'_(=_=_=""///",,,,"weather-data (1)","weather_data",automation,,,,,16,,0,,100,"'dbus-org.freedesktop.hostname1.service'",,,
,,,,"Sep 26 12:53:41 automation systemd-timesyncd[740]: Network configuration changed, trying to establish connection.","2026-09-26T12:53:41.000+0000",,,,,,,,,12,26,53,september,41,saturday,2026,local,,,,,,automation,,,,,"weather_index_report",,,,,,,1,,,,,,,,"__::__-[]:___,____.",,,,"weather-data (1)","weather_data",automation,,,,,16,,0,,,,,,
,,,,"Sep 26 12:53:41 automation systemd-networkd[940]: enp0s3: DHCP lease lost","2026-09-26T12:53:41.000+0000",,,,,,,,,12,26,53,september,41,saturday,2026,local,,,,,,automation,,,,,"weather_index_report",,,,,,,1,,,,,,,,"__::__-[]:_:___",,,,"weather-data (1)","weather_data",automation,,,,,16,,0,,,,,,
,,,,"Sep 26 12:45:01 automation CRON[19963]: (root) CMD (command -v debian-sa1 > /dev/null && debian-sa1 1 1)","2026-09-26T12:45:01.000+0000",,,,,,,,,12,26,45,september,1,saturday,2026,local,,,,,,automation,,,,,"weather_index_report",,,,,,,1,,,,,,,,"__::__[]:_()__(_-_-_>_//_&&_-__)",,,,"weather-data (1)","weather_data",automation,,,,,16,,0,,,,,,
,,,,"Sep 26 12:45:01 automation CRON[19963]: (root) CMD (command -v debian-sa1 > /dev/null && debian-sa1 1 1)","2026-09-26T12:45:01.000+0000",,,,,,,,,12,26,45,september,1,saturday,2026,local,,,,,,automation,,,,,"weather_index_report",,,,,,,1,,,,,,,,"__::__[]:_()__(_-_-_>_//_&&_-__)",,,,"weather-data (1)","weather_data",automation,,,,,16,,0,,,,,,
,,,,"Sep 26 12:35:01 automation CRON[19959]: (root) CMD (command -v debian-sa1 > /dev/null && debian-sa1 1 1)","2026-09-26T12:35:01.000+0000",,,,,,,,,12,26,35,september,1,saturday,2026,local,,,,,,automation,,,,,"weather_index_report",,,,,,,1,,,,,,,,"__::__[]:_()__(_-_-_>_//_&&_-__)",,,,"weather-data (1)","weather_data",automation,,,,,16,,0,,,,,,
,,,,"Sep 26 12:35:01 automation CRON[19959]: (root) CMD (command -v debian-sa1 > /dev/null && debian-sa1 1 1)","2026-09-26T12:35:01.000+0000",,,,,,,,,12,26,35,september,1,saturday,2026,local,,,,,,automation,,,,,"weather_index_report",,,,,,,1,,,,,,,,"__::__[]:_()__(_-_-_>_//_&&_-__)",,,,"weather-data (1)","weather_data",automation,,,,,16,,0,,,,,,
,,,,"Sep 26 12:27:17 automation grafana-agent[1126]: ts=2024-09-26T12:27:17.550460041Z caller=cleaner.go:203 level=warn agent=prometheus component=cleaner msg=""unable to find segment mtime of WAL"" name=/var/lib/grafana-agent/.cache err=""unable to open WAL: open /var/lib/grafana-agent/.cache/wal: no such file or directory""","2026-09-26T12:27:17.000+0000",prometheus,,,,"cleaner.go:203",,cleaner,,12,26,27,september,17,saturday,2026,local,,"unable to open WAL: open /var/lib/grafana-agent/.cache/wal: no such file or directory",,,,automation,,,,,"weather_index_report",,,,,,warn,1,,,,"unable to find segment mtime of WAL","/var/lib/grafana-agent/.cache",,,"__::__-[]:_=--::._=.:_=_=_=_=""______""_=///-/._=""__",,,,"weather-data (1)","weather_data",automation,,,,,16,,0,"2024-09-26T12:27:17.550460041Z",,,,,
,,,,"Sep 26 12:27:17 automation grafana-agent[1126]: ts=2024-09-26T12:27:17.550460041Z caller=cleaner.go:203 level=warn agent=prometheus component=cleaner msg=""unable to find segment mtime of WAL"" name=/var/lib/grafana-agent/.cache err=""unable to open WAL: open /var/lib/grafana-agent/.cache/wal: no such file or directory""","2026-09-26T12:27:17.000+0000",prometheus,,,,"cleaner.go:203",,cleaner,,12,26,27,september,17,saturday,2026,local,,"unable to open WAL: open /var/lib/grafana-agent/.cache/wal: no such file or directory",,,,automation,,,,,"weather_index_report",,,,,,warn,1,,,,"unable to find segment mtime of WAL","/var/lib/grafana-agent/.cache",,,"__::__-[]:_=--::._=.:_=_=_=_=""______""_=///-/._=""__",,,,"weather-data (1)","weather_data",automation,,,,,16,,0,"2024-09-26T12:27:17.550460041Z",,,,,
,,,,"Sep 26 12:25:01 automation CRON[19953]: (root) CMD (command -v debian-sa1 > /dev/null && debian-sa1 1 1)","2026-09-26T12:25:01.000+0000",,,,,,,,,12,26,25,september,1,saturday,2026,local,,,,,,automation,,,,,"weather_index_report",,,,,,,1,,,,,,,,"__::__[]:_()__(_-_-_>_//_&&_-__)",,,,"weather-data (1)","weather_data",automation,,,,,16,,0,,,,,,
,,,,"Sep 26 12:25:01 automation CRON[19953]: (root) CMD (command -v debian-sa1 > /dev/null && debian-sa1 1 1)","2026-09-26T12:25:01.000+0000",,,,,,,,,12,26,25,september,1,saturday,2026,local,,,,,,automation,,,,,"weather_index_report",,,,,,,1,,,,,,,,"__::__[]:_()__(_-_-_>_//_&&_-__)",,,,"weather-data (1)","weather_data",automation,,,,,16,,0,,,,,,
,,,,"Sep 26 12:17:01 automation CRON[19949]: (root) CMD (   cd / && run-parts --report /etc/cron.hourly)","2026-09-26T12:17:01.000+0000",,,,,,,,,12,26,17,september,1,saturday,2026,local,,,,,,automation,,,,,"weather_index_report",,,,,,,1,,,,,,,,"__::__[]:_()__(____/_&&_-_--_//.)",,,,"weather-data (1)","weather_data",automation,,,,,16,,0,,,,,,
,,,,"Sep 26 12:17:01 automation CRON[19949]: (root) CMD (   cd / && run-parts --report /etc/cron.hourly)","2026-09-26T12:17:01.000+0000",,,,,,,,,12,26,17,september,1,saturday,2026,local,,,,,,automation,,,,,"weather_index_report",,,,,,,1,,,,,,,,"__::__[]:_()__(____/_&&_-_--_//.)",,,,"weather-data (1)","weather_data",automation,,,,,16,,0,,,,,,
,,,,"Sep 26 12:15:01 automation CRON[19946]: (root) CMD (command -v debian-sa1 > /dev/null && debian-sa1 1 1)","2026-09-26T12:15:01.000+0000",,,,,,,,,12,26,15,september,1,saturday,2026,local,,,,,,automation,,,,,"weather_index_report",,,,,,,1,,,,,,,,"__::__[]:_()__(_-_-_>_//_&&_-__)",,,,"weather-data (1)","weather_data",automation,,,,,16,,0,,,,,,
,,,,"Sep 26 12:15:01 automation CRON[19946]: (root) CMD (command -v debian-sa1 > /dev/null && debian-sa1 1 1)","2026-09-26T12:15:01.000+0000",,,,,,,,,12,26,15,september,1,saturday,2026,local,,,,,,automation,,,,,"weather_index_report",,,,,,,1,,,,,,,,"__::__[]:_()__(_-_-_>_//_&&_-__)",,,,"weather-data (1)","weather_data",automation,,,,,16,,0,,,,,,
,,,,"Sep 26 12:05:01 automation CRON[19941]: (root) CMD (command -v debian-sa1 > /dev/null && debian-sa1 1 1)","2026-09-26T12:05:01.000+0000",,,,,,,,,12,26,5,september,1,saturday,2026,local,,,,,,automation,,,,,"weather_index_report",,,,,,,1,,,,,,,,"__::__[]:_()__(_-_-_>_//_&&_-__)",,,,"weather-data (1)","weather_data",automation,,,,,16,,0,,,,,,
,,,,"Sep 26 12:05:01 automation CRON[19941]: (root) CMD (command -v debian-sa1 > /dev/null && debian-sa1 1 1)","2026-09-26T12:05:01.000+0000",,,,,,,,,12,26,5,september,1,saturday,2026,local,,,,,,automation,,,,,"weather_index_report",,,,,,,1,,,,,,,,"__::__[]:_()__(_-_-_>_//_&&_-__)",,,,"weather-data (1)","weather_data",automation,,,,,16,,0,,,,,,
,,,,"Sep 26 11:57:17 automation grafana-agent[1126]: ts=2024-09-26T11:57:17.550384743Z caller=cleaner.go:203 level=warn agent=prometheus component=cleaner msg=""unable to find segment mtime of WAL"" name=/var/lib/grafana-agent/.cache err=""unable to open WAL: open /var/lib/grafana-agent/.cache/wal: no such file or directory""","2026-09-26T11:57:17.000+0000",prometheus,,,,"cleaner.go:203",,cleaner,,11,26,57,september,17,saturday,2026,local,,"unable to open WAL: open /var/lib/grafana-agent/.cache/wal: no such file or directory",,,,automation,,,,,"weather_index_report",,,,,,warn,1,,,,"unable to find segment mtime of WAL","/var/lib/grafana-agent/.cache",,,"__::__-[]:_=--::._=.:_=_=_=_=""______""_=///-/._=""__",,,,"weather-data (1)","weather_data",automation,,,,,16,,0,"2024-09-26T11:57:17.550384743Z",,,,,
,,,,"Sep 26 11:57:17 automation grafana-agent[1126]: ts=2024-09-26T11:57:17.550384743Z caller=cleaner.go:203 level=warn agent=prometheus component=cleaner msg=""unable to find segment mtime of WAL"" name=/var/lib/grafana-agent/.cache err=""unable to open WAL: open /var/lib/grafana-agent/.cache/wal: no such file or directory""","2026-09-26T11:57:17.000+0000",prometheus,,,,"cleaner.go:203",,cleaner,,11,26,57,september,17,saturday,2026,local,,"unable to open WAL: open /var/lib/grafana-agent/.cache/wal: no such file or directory",,,,automation,,,,,"weather_index_report",,,,,,warn,1,,,,"unable to find segment mtime of WAL","/var/lib/grafana-agent/.cache",,,"__::__-[]:_=--::._=.:_=_=_=_=""______""_=///-/._=""__",,,,"weather-data (1)","weather_data",automation,,,,,16,,0,"2024-09-26T11:57:17.550384743Z",,,,,
,,,,"Sep 26 11:55:01 automation CRON[19924]: (root) CMD (command -v debian-sa1 > /dev/null && debian-sa1 1 1)","2026-09-26T11:55:01.000+0000",,,,,,,,,11,26,55,september,1,saturday,2026,local,,,,,,automation,,,,,"weather_index_report",,,,,,,1,,,,,,,,"__::__[]:_()__(_-_-_>_//_&&_-__)",,,,"weather-data (1)","weather_data",automation,,,,,16,,0,,,,,,
,,,,"Sep 26 11:55:01 automation CRON[19924]: (root) CMD (command -v debian-sa1 > /dev/null && debian-sa1 1 1)","2026-09-26T11:55:01.000+0000",,,,,,,,,11,26,55,september,1,saturday,2026,local,,,,,,automation,,,,,"weather_index_report",,,,,,,1,,,,,,,,"__::__[]:_()__(_-_-_>_//_&&_-__)",,,,"weather-data (1)","weather_data",automation,,,,,16,,0,,,,,,
,,,,"Sep 26 11:53:41 automation systemd[1]: Started Hostname Service.","2026-09-26T11:53:41.000+0000",,,,,,,,,11,26,53,september,41,saturday,2026,local,,,,,,automation,,,,,"weather_index_report",,,,,,,1,,,,,,,,"__::__[]:___.",,,,"weather-data (1)","weather_data",automation,,,,,16,,0,,,,,,
,,,,"Sep 26 11:53:41 automation dbus-daemon[1060]: [system] Successfully activated service 'org.freedesktop.hostname1'","2026-09-26T11:53:41.000+0000",,,,,,,,,11,26,53,september,41,saturday,2026,local,,,,,,automation,,,,,"weather_index_report",,,,,,,1,,,,,,,,"__::__-[]:_[]____'..'",,,,"weather-data (1)","weather_data",automation,,,,,16,,0,,,,,,
,,,,"Sep 26 11:53:41 automation systemd-timesyncd[740]: Synchronized to time server [2620:2d:4000:1::40]:123 (ntp.ubuntu.com).","2026-09-26T11:53:41.000+0000",,,,,,,,,11,26,53,september,41,saturday,2026,local,,,,,,automation,,,,,"weather_index_report",,,,,,,1,,,,,,,,"__::__-[]:_____[:::::]:_(..).",,,,"weather-data (1)","weather_data",automation,,,,,16,,0,,,,,,
,,,,"Sep 26 11:53:41 automation systemd-networkd[940]: enp0s3: Configured","2026-09-26T11:53:41.000+0000",,,,,,,,,11,26,53,september,41,saturday,2026,local,,,,,,automation,,,,,"weather_index_report",,,,,,,1,,,,,,,,"__::__-[]:_:_",,,,"weather-data (1)","weather_data",automation,,,,,16,,0,,,,,,
,,,,"Sep 26 11:53:41 automation systemd-networkd[940]: enp0s3: DHCPv4 address 192.168.0.18/24 via 192.168.0.1","2026-09-26T11:53:41.000+0000",,,,,,,,,11,26,53,september,41,saturday,2026,local,,,,,,automation,,,,,"weather_index_report",,,,,,,1,,,,,,,,"__::__-[]:_:___.../__...",,,,"weather-data (1)","weather_data",automation,,,,,16,,0,,,,,,
,,,,"Sep 26 11:53:41 automation systemd[1]: Starting Hostname Service...","2026-09-26T11:53:41.000+0000",,,,,,,,,11,26,53,september,41,saturday,2026,local,,,,,,automation,,,,,"weather_index_report",,,,,,,1,,,,,,,,"__::__[]:___...",,,,"weather-data (1)","weather_data",automation,,,,,16,,0,,,,,,
,,,,"Sep 26 11:53:41 automation dbus-daemon[1060]: [system] Activating via systemd: service name='org.freedesktop.hostname1' unit='dbus-org.freedesktop.hostname1.service' requested by ':1.2' (uid=100 pid=940 comm=""/lib/systemd/systemd-networkd "" label=""unconfined"")","2026-09-26T11:53:41.000+0000",,,,,,"/lib/systemd/systemd-networkd",,,11,26,53,september,41,saturday,2026,local,,,,,,automation,,,,,"weather_index_report",,unconfined,,,,,1,,,,,"'org.freedesktop.hostname1'",940,,"__::__-[]:_[]___:__='..'_='-...'___':.'_(=_=_=""///",,,,"weather-data (1)","weather_data",automation,,,,,16,,0,,100,"'dbus-org.freedesktop.hostname1.service'",,,
,,,,"Sep 26 11:53:41 automation systemd-timesyncd[740]: Network configuration changed, trying to establish connection.","2026-09-26T11:53:41.000+0000",,,,,,,,,11,26,53,september,41,saturday,2026,local,,,,,,automation,,,,,"weather_index_report",,,,,,,1,,,,,,,,"__::__-[]:___,____.",,,,"weather-data (1)","weather_data",automation,,,,,16,,0,,,,,,
,,,,"Sep 26 11:53:41 automation systemd-networkd[940]: enp0s3: DHCP lease lost","2026-09-26T11:53:41.000+0000",,,,,,,,,11,26,53,september,41,saturday,2026,local,,,,,,automation,,,,,"weather_index_report",,,,,,,1,,,,,,,,"__::__-[]:_:___",,,,"weather-data (1)","weather_data",automation,,,,,16,,0,,,,,,
,,,,"Sep 26 11:53:41 automation systemd[1]: Started Hostname Service.","2026-09-26T11:53:41.000+0000",,,,,,,,,11,26,53,september,41,saturday,2026,local,,,,,,automation,,,,,"weather_index_report",,,,,,,1,,,,,,,,"__::__[]:___.",,,,"weather-data (1)","weather_data",automation,,,,,16,,0,,,,,,
,,,,"Sep 26 11:53:41 automation dbus-daemon[1060]: [system] Successfully activated service 'org.freedesktop.hostname1'","2026-09-26T11:53:41.000+0000",,,,,,,,,11,26,53,september,41,saturday,2026,local,,,,,,automation,,,,,"weather_index_report",,,,,,,1,,,,,,,,"__::__-[]:_[]____'..'",,,,"weather-data (1)","weather_data",automation,,,,,16,,0,,,,,,
,,,,"Sep 26 11:53:41 automation systemd-timesyncd[740]: Synchronized to time server [2620:2d:4000:1::40]:123 (ntp.ubuntu.com).","2026-09-26T11:53:41.000+0000",,,,,,,,,11,26,53,september,41,saturday,2026,local,,,,,,automation,,,,,"weather_index_report",,,,,,,1,,,,,,,,"__::__-[]:_____[:::::]:_(..).",,,,"weather-data (1)","weather_data",automation,,,,,16,,0,,,,,,
,,,,"Sep 26 11:53:41 automation systemd-networkd[940]: enp0s3: Configured","2026-09-26T11:53:41.000+0000",,,,,,,,,11,26,53,september,41,saturday,2026,local,,,,,,automation,,,,,"weather_index_report",,,,,,,1,,,,,,,,"__::__-[]:_:_",,,,"weather-data (1)","weather_data",automation,,,,,16,,0,,,,,,
,,,,"Sep 26 11:53:41 automation systemd-networkd[940]: enp0s3: DHCPv4 address 192.168.0.18/24 via 192.168.0.1","2026-09-26T11:53:41.000+0000",,,,,,,,,11,26,53,september,41,saturday,2026,local,,,,,,automation,,,,,"weather_index_report",,,,,,,1,,,,,,,,"__::__-[]:_:___.../__...",,,,"weather-data (1)","weather_data",automation,,,,,16,,0,,,,,,
,,,,"Sep 26 11:53:41 automation systemd[1]: Starting Hostname Service...","2026-09-26T11:53:41.000+0000",,,,,,,,,11,26,53,september,41,saturday,2026,local,,,,,,automation,,,,,"weather_index_report",,,,,,,1,,,,,,,,"__::__[]:___...",,,,"weather-data (1)","weather_data",automation,,,,,16,,0,,,,,,
,,,,"Sep 26 11:53:41 automation dbus-daemon[1060]: [system] Activating via systemd: service name='org.freedesktop.hostname1' unit='dbus-org.freedesktop.hostname1.service' requested by ':1.2' (uid=100 pid=940 comm=""/lib/systemd/systemd-networkd "" label=""unconfined"")","2026-09-26T11:53:41.000+0000",,,,,,"/lib/systemd/systemd-networkd",,,11,26,53,september,41,saturday,2026,local,,,,,,automation,,,,,"weather_index_report",,unconfined,,,,,1,,,,,"'org.freedesktop.hostname1'",940,,"__::__-[]:_[]___:__='..'_='-...'___':.'_(=_=_=""///",,,,"weather-data (1)","weather_data",automation,,,,,16,,0,,100,"'dbus-org.freedesktop.hostname1.service'",,,
,,,,"Sep 26 11:53:41 automation systemd-timesyncd[740]: Network configuration changed, trying to establish connection.","2026-09-26T11:53:41.000+0000",,,,,,,,,11,26,53,september,41,saturday,2026,local,,,,,,automation,,,,,"weather_index_report",,,,,,,1,,,,,,,,"__::__-[]:___,____.",,,,"weather-data (1)","weather_data",automation,,,,,16,,0,,,,,,
,,,,"Sep 26 11:53:41 automation systemd-networkd[940]: enp0s3: DHCP lease lost","2026-09-26T11:53:41.000+0000",,,,,,,,,11,26,53,september,41,saturday,2026,local,,,,,,automation,,,,,"weather_index_report",,,,,,,1,,,,,,,,"__::__-[]:_:___",,,,"weather-data (1)","weather_data",automation,,,,,16,,0,,,,,,
,,,,"Sep 26 11:45:01 automation CRON[19886]: (root) CMD (command -v debian-sa1 > /dev/null && debian-sa1 1 1)","2026-09-26T11:45:01.000+0000",,,,,,,,,11,26,45,september,1,saturday,2026,local,,,,,,automation,,,,,"weather_index_report",,,,,,,1,,,,,,,,"__::__[]:_()__(_-_-_>_//_&&_-__)",,,,"weather-data (1)","weather_data",automation,,,,,16,,0,,,,,,
,,,,"Sep 26 11:45:01 automation CRON[19886]: (root) CMD (command -v debian-sa1 > /dev/null && debian-sa1 1 1)","2026-09-26T11:45:01.000+0000",,,,,,,,,11,26,45,september,1,saturday,2026,local,,,,,,automation,,,,,"weather_index_report",,,,,,,1,,,,,,,,"__::__[]:_()__(_-_-_>_//_&&_-__)",,,,"weather-data (1)","weather_data",automation,,,,,16,,0,,,,,,
,,,,"Sep 26 11:35:01 automation CRON[19881]: (root) CMD (command -v debian-sa1 > /dev/null && debian-sa1 1 1)","2026-09-26T11:35:01.000+0000",,,,,,,,,11,26,35,september,1,saturday,2026,local,,,,,,automation,,,,,"weather_index_report",,,,,,,1,,,,,,,,"__::__[]:_()__(_-_-_>_//_&&_-__)",,,,"weather-data (1)","weather_data",automation,,,,,16,,0,,,,,,
,,,,"Sep 26 11:35:01 automation CRON[19881]: (root) CMD (command -v debian-sa1 > /dev/null && debian-sa1 1 1)","2026-09-26T11:35:01.000+0000",,,,,,,,,11,26,35,september,1,saturday,2026,local,,,,,,automation,,,,,"weather_index_report",,,,,,,1,,,,,,,,"__::__[]:_()__(_-_-_>_//_&&_-__)",,,,"weather-data (1)","weather_data",automation,,,,,16,,0,,,,,,
,,,,"Sep 26 11:29:20 automation systemd[1]: Started Message of the Day.","2026-09-26T11:29:20.000+0000",,,,,,,,,11,26,29,september,20,saturday,2026,local,,,,,,automation,,,,,"weather_index_report",,,,,,,1,,,,,,,,"__::__[]:_____.",,,,"weather-data (1)","weather_data",automation,,,,,16,,0,,,,,,
,,,,"Sep 26 11:29:20 automation 50-motd-news[19747]:    https://ubuntu.com/engage/secure-kubernetes-at-the-edge","2026-09-26T11:29:20.000+0000",,,,,,,,,11,26,29,september,20,saturday,2026,local,,,,,,automation,,,,,"weather_index_report",,,,,,,1,,,,,,,,"__::__--[]:____://.//----",,,,"weather-data (1)","weather_data",automation,,,,,16,,0,,,,,,
,,,,"Sep 26 11:29:20 automation 50-motd-news[19747]:    just raised the bar for easy, resilient and secure K8s cluster deployment.","2026-09-26T11:29:20.000+0000",,,,,,,,,11,26,29,september,20,saturday,2026,local,,,,,,automation,,,,,"weather_index_report",,,,,,,1,,,,,,,,"__::__--[]:_________,______.",,,,"weather-data (1)","weather_data",automation,,,,,16,,0,,,,,,
,,,,"Sep 26 11:29:20 automation 50-motd-news[19747]:  * Strictly confined Kubernetes makes edge and IoT secure. Learn how MicroK8s","2026-09-26T11:29:20.000+0000",,,,,,,,,11,26,29,september,20,saturday,2026,local,,,,,,automation,,,,,"weather_index_report",,,,,,,1,,,,,,,,"__::__--[]:__*________.___",,,,"weather-data (1)","weather_data",automation,,,,,16,,0,,,,,,
,,,,"Sep 26 11:29:20 automation systemd[1]: Started Message of the Day.","2026-09-26T11:29:20.000+0000",,,,,,,,,11,26,29,september,20,saturday,2026,local,,,,,,automation,,,,,"weather_index_report",,,,,,,1,,,,,,,,"__::__[]:_____.",,,,"weather-data (1)","weather_data",automation,,,,,16,,0,,,,,,
,,,,"Sep 26 11:29:20 automation 50-motd-news[19747]:    https://ubuntu.com/engage/secure-kubernetes-at-the-edge","2026-09-26T11:29:20.000+0000",,,,,,,,,11,26,29,september,20,saturday,2026,local,,,,,,automation,,,,,"weather_index_report",,,,,,,1,,,,,,,,"__::__--[]:____://.//----",,,,"weather-data (1)","weather_data",automation,,,,,16,,0,,,,,,
,,,,"Sep 26 11:29:20 automation 50-motd-news[19747]:    just raised the bar for easy, resilient and secure K8s cluster deployment.","2026-09-26T11:29:20.000+0000",,,,,,,,,11,26,29,september,20,saturday,2026,local,,,,,,automation,,,,,"weather_index_report",,,,,,,1,,,,,,,,"__::__--[]:_________,______.",,,,"weather-data (1)","weather_data",automation,,,,,16,,0,,,,,,
,,,,"Sep 26 11:29:20 automation 50-motd-news[19747]:  * Strictly confined Kubernetes makes edge and IoT secure. Learn how MicroK8s","2026-09-26T11:29:20.000+0000",,,,,,,,,11,26,29,september,20,saturday,2026,local,,,,,,automation,,,,,"weather_index_report",,,,,,,1,,,,,,,,"__::__--[]:__*________.___",,,,"weather-data (1)","weather_data",automation,,,,,16,,0,,,,,,
,,,,"Sep 26 11:27:50 automation systemd[1]: Started Daily apt upgrade and clean activities.","2026-09-26T11:27:50.000+0000",,,,,,,,,11,26,27,september,50,saturday,2026,local,,,,,,automation,,,,,"weather_index_report",,,,,,,1,,,,,,,,"__::__[]:_______.",,,,"weather-data (1)","weather_data",automation,,,,,16,,0,,,,,,
,,,,"Sep 26 11:27:50 automation systemd[1]: Starting Daily apt upgrade and clean activities...","2026-09-26T11:27:50.000+0000",,,,,,,,,11,26,27,september,50,saturday,2026,local,,,,,,automation,,,,,"weather_index_report",,,,,,,1,,,,,,,,"__::__[]:_______...",,,,"weather-data (1)","weather_data",automation,,,,,16,,0,,,,,,
,,,,"Sep 26 11:27:50 automation systemd[1]: Started Daily apt download activities.","2026-09-26T11:27:50.000+0000",,,,,,,,,11,26,27,september,50,saturday,2026,local,,,,,,automation,,,,,"weather_index_report",,,,,,,1,,,,,,,,"__::__[]:_____.",,,,"weather-data (1)","weather_data",automation,,,,,16,,0,,,,,,
,,,,"Sep 26 11:27:50 automation systemd[1]: Starting Daily apt download activities...","2026-09-26T11:27:50.000+0000",,,,,,,,,11,26,27,september,50,saturday,2026,local,,,,,,automation,,,,,"weather_index_report",,,,,,,1,,,,,,,,"__::__[]:_____...",,,,"weather-data (1)","weather_data",automation,,,,,16,,0,,,,,,
,,,,"Sep 26 11:27:50 automation systemd[1]: Starting Message of the Day...","2026-09-26T11:27:50.000+0000",,,,,,,,,11,26,27,september,50,saturday,2026,local,,,,,,automation,,,,,"weather_index_report",,,,,,,1,,,,,,,,"__::__[]:_____...",,,,"weather-data (1)","weather_data",automation,,,,,16,,0,,,,,,
,,,,"Sep 26 11:27:50 automation systemd[1]: Started Daily apt upgrade and clean activities.","2026-09-26T11:27:50.000+0000",,,,,,,,,11,26,27,september,50,saturday,2026,local,,,,,,automation,,,,,"weather_index_report",,,,,,,1,,,,,,,,"__::__[]:_______.",,,,"weather-data (1)","weather_data",automation,,,,,16,,0,,,,,,
,,,,"Sep 26 11:27:50 automation systemd[1]: Starting Daily apt upgrade and clean activities...","2026-09-26T11:27:50.000+0000",,,,,,,,,11,26,27,september,50,saturday,2026,local,,,,,,automation,,,,,"weather_index_report",,,,,,,1,,,,,,,,"__::__[]:_______...",,,,"weather-data (1)","weather_data",automation,,,,,16,,0,,,,,,
,,,,"Sep 26 11:27:50 automation systemd[1]: Started Daily apt download activities.","2026-09-26T11:27:50.000+0000",,,,,,,,,11,26,27,september,50,saturday,2026,local,,,,,,automation,,,,,"weather_index_report",,,,,,,1,,,,,,,,"__::__[]:_____.",,,,"weather-data (1)","weather_data",automation,,,,,16,,0,,,,,,
,,,,"Sep 26 11:27:50 automation systemd[1]: Starting Daily apt download activities...","2026-09-26T11:27:50.000+0000",,,,,,,,,11,26,27,september,50,saturday,2026,local,,,,,,automation,,,,,"weather_index_report",,,,,,,1,,,,,,,,"__::__[]:_____...",,,,"weather-data (1)","weather_data",automation,,,,,16,,0,,,,,,
,,,,"Sep 26 11:27:50 automation systemd[1]: Starting Message of the Day...","2026-09-26T11:27:50.000+0000",,,,,,,,,11,26,27,september,50,saturday,2026,local,,,,,,automation,,,,,"weather_index_report",,,,,,,1,,,,,,,,"__::__[]:_____...",,,,"weather-data (1)","weather_data",automation,,,,,16,,0,,,,,,
,,,,"Sep 25 00:33:36 automation grafana-agent[1126]: ts=2024-09-25T00:33:36.583487419Z caller=cleaner.go:203 level=warn agent=prometheus component=cleaner msg=""unable to find segment mtime of WAL"" name=/var/lib/grafana-agent/.cache err=""unable to open WAL: open /var/lib/grafana-agent/.cache/wal: no such file or directory""","2026-09-25T00:33:36.000+0000",prometheus,,,,"cleaner.go:203",,cleaner,,0,25,33,september,36,friday,2026,local,,"unable to open WAL: open /var/lib/grafana-agent/.cache/wal: no such file or directory",,,,automation,,,,,"weather_index_report",,,,,,warn,1,,,,"unable to find segment mtime of WAL","/var/lib/grafana-agent/.cache",,,"__::__-[]:_=--::._=.:_=_=_=_=""______""_=///-/._=""__",,,,"weather-data (1)","weather_data",automation,,,,,16,,0,"2024-09-25T00:33:36.583487419Z",,,,,
,,,,"Sep 25 00:33:36 automation grafana-agent[1126]: ts=2024-09-25T00:33:36.583487419Z caller=cleaner.go:203 level=warn agent=prometheus component=cleaner msg=""unable to find segment mtime of WAL"" name=/var/lib/grafana-agent/.cache err=""unable to open WAL: open /var/lib/grafana-agent/.cache/wal: no such file or directory""","2026-09-25T00:33:36.000+0000",prometheus,,,,"cleaner.go:203",,cleaner,,0,25,33,september,36,friday,2026,local,,"unable to open WAL: open /var/lib/grafana-agent/.cache/wal: no such file or directory",,,,automation,,,,,"weather_index_report",,,,,,warn,1,,,,"unable to find segment mtime of WAL","/var/lib/grafana-agent/.cache",,,"__::__-[]:_=--::._=.:_=_=_=_=""______""_=///-/._=""__",,,,"weather-data (1)","weather_data",automation,,,,,16,,0,"2024-09-25T00:33:36.583487419Z",,,,,
,,,,"Sep 25 00:25:01 automation CRON[19743]: (root) CMD (command -v debian-sa1 > /dev/null && debian-sa1 1 1)","2026-09-25T00:25:01.000+0000",,,,,,,,,0,25,25,september,1,friday,2026,local,,,,,,automation,,,,,"weather_index_report",,,,,,,1,,,,,,,,"__::__[]:_()__(_-_-_>_//_&&_-__)",,,,"weather-data (1)","weather_data",automation,,,,,16,,0,,,,,,
,,,,"Sep 25 00:25:01 automation CRON[19743]: (root) CMD (command -v debian-sa1 > /dev/null && debian-sa1 1 1)","2026-09-25T00:25:01.000+0000",,,,,,,,,0,25,25,september,1,friday,2026,local,,,,,,automation,,,,,"weather_index_report",,,,,,,1,,,,,,,,"__::__[]:_()__(_-_-_>_//_&&_-__)",,,,"weather-data (1)","weather_data",automation,,,,,16,,0,,,,,,
,,,,"Sep 25 00:17:01 automation CRON[19738]: (root) CMD (   cd / && run-parts --report /etc/cron.hourly)","2026-09-25T00:17:01.000+0000",,,,,,,,,0,25,17,september,1,friday,2026,local,,,,,,automation,,,,,"weather_index_report",,,,,,,1,,,,,,,,"__::__[]:_()__(____/_&&_-_--_//.)",,,,"weather-data (1)","weather_data",automation,,,,,16,,0,,,,,,
,,,,"Sep 25 00:17:01 automation CRON[19738]: (root) CMD (   cd / && run-parts --report /etc/cron.hourly)","2026-09-25T00:17:01.000+0000",,,,,,,,,0,25,17,september,1,friday,2026,local,,,,,,automation,,,,,"weather_index_report",,,,,,,1,,,,,,,,"__::__[]:_()__(____/_&&_-_--_//.)",,,,"weather-data (1)","weather_data",automation,,,,,16,,0,,,,,,
,,,,"Sep 25 00:15:02 automation CRON[19735]: (root) CMD (command -v debian-sa1 > /dev/null && debian-sa1 1 1)","2026-09-25T00:15:02.000+0000",,,,,,,,,0,25,15,september,2,friday,2026,local,,,,,,automation,,,,,"weather_index_report",,,,,,,1,,,,,,,,"__::__[]:_()__(_-_-_>_//_&&_-__)",,,,"weather-data (1)","weather_data",automation,,,,,16,,0,,,,,,
,,,,"Sep 25 00:15:02 automation CRON[19735]: (root) CMD (command -v debian-sa1 > /dev/null && debian-sa1 1 1)","2026-09-25T00:15:02.000+0000",,,,,,,,,0,25,15,september,2,friday,2026,local,,,,,,automation,,,,,"weather_index_report",,,,,,,1,,,,,,,,"__::__[]:_()__(_-_-_>_//_&&_-__)",,,,"weather-data (1)","weather_data",automation,,,,,16,,0,,,,,,
,,,,"Sep 25 00:05:01 automation CRON[19728]: (root) CMD (command -v debian-sa1 > /dev/null && debian-sa1 1 1)","2026-09-25T00:05:01.000+0000",,,,,,,,,0,25,5,september,1,friday,2026,local,,,,,,automation,,,,,"weather_index_report",,,,,,,1,,,,,,,,"__::__[]:_()__(_-_-_>_//_&&_-__)",,,,"weather-data (1)","weather_data",automation,,,,,16,,0,,,,,,
,,,,"Sep 25 00:05:01 automation CRON[19728]: (root) CMD (command -v debian-sa1 > /dev/null && debian-sa1 1 1)","2026-09-25T00:05:01.000+0000",,,,,,,,,0,25,5,september,1,friday,2026,local,,,,,,automation,,,,,"weather_index_report",,,,,,,1,,,,,,,,"__::__[]:_()__(_-_-_>_//_&&_-__)",,,,"weather-data (1)","weather_data",automation,,,,,16,,0,,,,,,
,,,,"Sep 25 00:03:36 automation grafana-agent[1126]: ts=2024-09-25T00:03:36.467228532Z caller=cleaner.go:203 level=warn agent=prometheus component=cleaner msg=""unable to find segment mtime of WAL"" name=/var/lib/grafana-agent/.cache err=""unable to open WAL: open /var/lib/grafana-agent/.cache/wal: no such file or directory""","2026-09-25T00:03:36.000+0000",prometheus,,,,"cleaner.go:203",,cleaner,,0,25,3,september,36,friday,2026,local,,"unable to open WAL: open /var/lib/grafana-agent/.cache/wal: no such file or directory",,,,automation,,,,,"weather_index_report",,,,,,warn,1,,,,"unable to find segment mtime of WAL","/var/lib/grafana-agent/.cache",,,"__::__-[]:_=--::._=.:_=_=_=_=""______""_=///-/._=""__",,,,"weather-data (1)","weather_data",automation,,,,,16,,0,"2024-09-25T00:03:36.467228532Z",,,,,
,,,,"Sep 25 00:03:36 automation grafana-agent[1126]: ts=2024-09-25T00:03:36.467228532Z caller=cleaner.go:203 level=warn agent=prometheus component=cleaner msg=""unable to find segment mtime of WAL"" name=/var/lib/grafana-agent/.cache err=""unable to open WAL: open /var/lib/grafana-agent/.cache/wal: no such file or directory""","2026-09-25T00:03:36.000+0000",prometheus,,,,"cleaner.go:203",,cleaner,,0,25,3,september,36,friday,2026,local,,"unable to open WAL: open /var/lib/grafana-agent/.cache/wal: no such file or directory",,,,automation,,,,,"weather_index_report",,,,,,warn,1,,,,"unable to find segment mtime of WAL","/var/lib/grafana-agent/.cache",,,"__::__-[]:_=--::._=.:_=_=_=_=""______""_=///-/._=""__",,,,"weather-data (1)","weather_data",automation,,,,,16,,0,"2024-09-25T00:03:36.467228532Z",,,,,
,,,,"Sep 25 00:00:00 automation systemd-timesyncd[740]: Synchronized to time server [2620:2d:4000:1::40]:123 (ntp.ubuntu.com).","2026-09-25T00:00:00.000+0000",,,,,,,,,0,25,0,september,0,friday,2026,local,,,,,,automation,,,,,"weather_index_report",,,,,,,1,,,,,,,,"__::__-[]:_____[:::::]:_(..).",,,,"weather-data (1)","weather_data",automation,,,,,16,,0,,,,,,
,,,,"Sep 25 00:00:00 automation systemd-timesyncd[740]: Network configuration changed, trying to establish connection.","2026-09-25T00:00:00.000+0000",,,,,,,,,0,25,0,september,0,friday,2026,local,,,,,,automation,,,,,"weather_index_report",,,,,,,1,,,,,,,,"__::__-[]:___,____.",,,,"weather-data (1)","weather_data",automation,,,,,16,,0,,,,,,
,,,,"Sep 25 00:00:00 automation systemd-networkd[940]: enp0s3: Configured","2026-09-25T00:00:00.000+0000",,,,,,,,,0,25,0,september,0,friday,2026,local,,,,,,automation,,,,,"weather_index_report",,,,,,,1,,,,,,,,"__::__-[]:_:_",,,,"weather-data (1)","weather_data",automation,,,,,16,,0,,,,,,
,,,,"Sep 25 00:00:00 automation systemd-networkd[940]: enp0s3: DHCPv4 address 192.168.0.18/24 via 192.168.0.1","2026-09-25T00:00:00.000+0000",,,,,,,,,0,25,0,september,0,friday,2026,local,,,,,,automation,,,,,"weather_index_report",,,,,,,1,,,,,,,,"__::__-[]:_:___.../__...",,,,"weather-data (1)","weather_data",automation,,,,,16,,0,,,,,,
,,,,"Sep 25 00:00:00 automation systemd[1]: Started Hostname Service.","2026-09-25T00:00:00.000+0000",,,,,,,,,0,25,0,september,0,friday,2026,local,,,,,,automation,,,,,"weather_index_report",,,,,,,1,,,,,,,,"__::__[]:___.",,,,"weather-data (1)","weather_data",automation,,,,,16,,0,,,,,,
,,,,"Sep 25 00:00:00 automation dbus-daemon[1060]: [system] Successfully activated service 'org.freedesktop.hostname1'","2026-09-25T00:00:00.000+0000",,,,,,,,,0,25,0,september,0,friday,2026,local,,,,,,automation,,,,,"weather_index_report",,,,,,,1,,,,,,,,"__::__-[]:_[]____'..'",,,,"weather-data (1)","weather_data",automation,,,,,16,,0,,,,,,
,,,,"Sep 25 00:00:00 automation systemd-timesyncd[740]: Synchronized to time server [2620:2d:4000:1::40]:123 (ntp.ubuntu.com).","2026-09-25T00:00:00.000+0000",,,,,,,,,0,25,0,september,0,friday,2026,local,,,,,,automation,,,,,"weather_index_report",,,,,,,1,,,,,,,,"__::__-[]:_____[:::::]:_(..).",,,,"weather-data (1)","weather_data",automation,,,,,16,,0,,,,,,
,,,,"Sep 25 00:00:00 automation systemd[1]: Starting Hostname Service...","2026-09-25T00:00:00.000+0000",,,,,,,,,0,25,0,september,0,friday,2026,local,,,,,,automation,,,,,"weather_index_report",,,,,,,1,,,,,,,,"__::__[]:___...",,,,"weather-data (1)","weather_data",automation,,,,,16,,0,,,,,,
,,,,"Sep 25 00:00:00 automation dbus-daemon[1060]: [system] Activating via systemd: service name='org.freedesktop.hostname1' unit='dbus-org.freedesktop.hostname1.service' requested by ':1.2' (uid=100 pid=940 comm=""/lib/systemd/systemd-networkd "" label=""unconfined"")","2026-09-25T00:00:00.000+0000",,,,,,"/lib/systemd/systemd-networkd",,,0,25,0,september,0,friday,2026,local,,,,,,automation,,,,,"weather_index_report",,unconfined,,,,,1,,,,,"'org.freedesktop.hostname1'",940,,"__::__-[]:_[]___:__='..'_='-...'___':.'_(=_=_=""///",,,,"weather-data (1)","weather_data",automation,,,,,16,,0,,100,"'dbus-org.freedesktop.hostname1.service'",,,
,,,,"Sep 25 00:00:00 automation systemd-timesyncd[740]: Network configuration changed, trying to establish connection.","2026-09-25T00:00:00.000+0000",,,,,,,,,0,25,0,september,0,friday,2026,local,,,,,,automation,,,,,"weather_index_report",,,,,,,1,,,,,,,,"__::__-[]:___,____.",,,,"weather-data (1)","weather_data",automation,,,,,16,,0,,,,,,
,,,,"Sep 25 00:00:00 automation systemd-networkd[940]: enp0s3: DHCP lease lost","2026-09-25T00:00:00.000+0000",,,,,,,,,0,25,0,september,0,friday,2026,local,,,,,,automation,,,,,"weather_index_report",,,,,,,1,,,,,,,,"__::__-[]:_:___",,,,"weather-data (1)","weather_data",automation,,,,,16,,0,,,,,,
,,,,"Sep 25 00:00:00 automation systemd-timesyncd[740]: Synchronized to time server [2620:2d:4000:1::40]:123 (ntp.ubuntu.com).","2026-09-25T00:00:00.000+0000",,,,,,,,,0,25,0,september,0,friday,2026,local,,,,,,automation,,,,,"weather_index_report",,,,,,,1,,,,,,,,"__::__-[]:_____[:::::]:_(..).",,,,"weather-data (1)","weather_data",automation,,,,,16,,0,,,,,,
,,,,"Sep 25 00:00:00 automation systemd-timesyncd[740]: Network configuration changed, trying to establish connection.","2026-09-25T00:00:00.000+0000",,,,,,,,,0,25,0,september,0,friday,2026,local,,,,,,automation,,,,,"weather_index_report",,,,,,,1,,,,,,,,"__::__-[]:___,____.",,,,"weather-data (1)","weather_data",automation,,,,,16,,0,,,,,,
,,,,"Sep 25 00:00:00 automation systemd-networkd[940]: enp0s3: Configured","2026-09-25T00:00:00.000+0000",,,,,,,,,0,25,0,september,0,friday,2026,local,,,,,,automation,,,,,"weather_index_report",,,,,,,1,,,,,,,,"__::__-[]:_:_",,,,"weather-data (1)","weather_data",automation,,,,,16,,0,,,,,,
,,,,"Sep 25 00:00:00 automation systemd-networkd[940]: enp0s3: DHCPv4 address 192.168.0.18/24 via 192.168.0.1","2026-09-25T00:00:00.000+0000",,,,,,,,,0,25,0,september,0,friday,2026,local,,,,,,automation,,,,,"weather_index_report",,,,,,,1,,,,,,,,"__::__-[]:_:___.../__...",,,,"weather-data (1)","weather_data",automation,,,,,16,,0,,,,,,
,,,,"Sep 25 00:00:00 automation systemd[1]: Started Hostname Service.","2026-09-25T00:00:00.000+0000",,,,,,,,,0,25,0,september,0,friday,2026,local,,,,,,automation,,,,,"weather_index_report",,,,,,,1,,,,,,,,"__::__[]:___.",,,,"weather-data (1)","weather_data",automation,,,,,16,,0,,,,,,
,,,,"Sep 25 00:00:00 automation dbus-daemon[1060]: [system] Successfully activated service 'org.freedesktop.hostname1'","2026-09-25T00:00:00.000+0000",,,,,,,,,0,25,0,september,0,friday,2026,local,,,,,,automation,,,,,"weather_index_report",,,,,,,1,,,,,,,,"__::__-[]:_[]____'..'",,,,"weather-data (1)","weather_data",automation,,,,,16,,0,,,,,,
,,,,"Sep 25 00:00:00 automation systemd-timesyncd[740]: Synchronized to time server [2620:2d:4000:1::40]:123 (ntp.ubuntu.com).","2026-09-25T00:00:00.000+0000",,,,,,,,,0,25,0,september,0,friday,2026,local,,,,,,automation,,,,,"weather_index_report",,,,,,,1,,,,,,,,"__::__-[]:_____[:::::]:_(..).",,,,"weather-data (1)","weather_data",automation,,,,,16,,0,,,,,,
,,,,"Sep 25 00:00:00 automation systemd[1]: Starting Hostname Service...","2026-09-25T00:00:00.000+0000",,,,,,,,,0,25,0,september,0,friday,2026,local,,,,,,automation,,,,,"weather_index_report",,,,,,,1,,,,,,,,"__::__[]:___...",,,,"weather-data (1)","weather_data",automation,,,,,16,,0,,,,,,
,,,,"Sep 25 00:00:00 automation dbus-daemon[1060]: [system] Activating via systemd: service name='org.freedesktop.hostname1' unit='dbus-org.freedesktop.hostname1.service' requested by ':1.2' (uid=100 pid=940 comm=""/lib/systemd/systemd-networkd "" label=""unconfined"")","2026-09-25T00:00:00.000+0000",,,,,,"/lib/systemd/systemd-networkd",,,0,25,0,september,0,friday,2026,local,,,,,,automation,,,,,"weather_index_report",,unconfined,,,,,1,,,,,"'org.freedesktop.hostname1'",940,,"__::__-[]:_[]___:__='..'_='-...'___':.'_(=_=_=""///",,,,"weather-data (1)","weather_data",automation,,,,,16,,0,,100,"'dbus-org.freedesktop.hostname1.service'",,,
,,,,"Sep 25 00:00:00 automation systemd-timesyncd[740]: Network configuration changed, trying to establish connection.","2026-09-25T00:00:00.000+0000",,,,,,,,,0,25,0,september,0,friday,2026,local,,,,,,automation,,,,,"weather_index_report",,,,,,,1,,,,,,,,"__::__-[]:___,____.",,,,"weather-data (1)","weather_data",automation,,,,,16,,0,,,,,,
,,,,"Sep 25 00:00:00 automation systemd-networkd[940]: enp0s3: DHCP lease lost","2026-09-25T00:00:00.000+0000",,,,,,,,,0,25,0,september,0,friday,2026,local,,,,,,automation,,,,,"weather_index_report",,,,,,,1,,,,,,,,"__::__-[]:_:___",,,,"weather-data (1)","weather_data",automation,,,,,16,,0,,,,,,
,,,,"Sep 24 23:59:01 automation CRON[19682]: (root) CMD (command -v debian-sa1 > /dev/null && debian-sa1 60 2)","2026-09-24T23:59:01.000+0000",,,,,,,,,23,24,59,september,1,thursday,2026,local,,,,,,automation,,,,,"weather_index_report",,,,,,,1,,,,,,,,"__::__[]:_()__(_-_-_>_//_&&_-__)",,,,"weather-data (1)","weather_data",automation,,,,,16,,0,,,,,,
,,,,"Sep 24 23:59:01 automation CRON[19682]: (root) CMD (command -v debian-sa1 > /dev/null && debian-sa1 60 2)","2026-09-24T23:59:01.000+0000",,,,,,,,,23,24,59,september,1,thursday,2026,local,,,,,,automation,,,,,"weather_index_report",,,,,,,1,,,,,,,,"__::__[]:_()__(_-_-_>_//_&&_-__)",,,,"weather-data (1)","weather_data",automation,,,,,16,,0,,,,,,
,,,,"Sep 24 23:55:01 automation CRON[19678]: (root) CMD (command -v debian-sa1 > /dev/null && debian-sa1 1 1)","2026-09-24T23:55:01.000+0000",,,,,,,,,23,24,55,september,1,thursday,2026,local,,,,,,automation,,,,,"weather_index_report",,,,,,,1,,,,,,,,"__::__[]:_()__(_-_-_>_//_&&_-__)",,,,"weather-data (1)","weather_data",automation,,,,,16,,0,,,,,,
,,,,"Sep 24 23:55:01 automation CRON[19678]: (root) CMD (command -v debian-sa1 > /dev/null && debian-sa1 1 1)","2026-09-24T23:55:01.000+0000",,,,,,,,,23,24,55,september,1,thursday,2026,local,,,,,,automation,,,,,"weather_index_report",,,,,,,1,,,,,,,,"__::__[]:_()__(_-_-_>_//_&&_-__)",,,,"weather-data (1)","weather_data",automation,,,,,16,,0,,,,,,
,,,,"Sep 24 23:45:01 automation CRON[19672]: (root) CMD (command -v debian-sa1 > /dev/null && debian-sa1 1 1)","2026-09-24T23:45:01.000+0000",,,,,,,,,23,24,45,september,1,thursday,2026,local,,,,,,automation,,,,,"weather_index_report",,,,,,,1,,,,,,,,"__::__[]:_()__(_-_-_>_//_&&_-__)",,,,"weather-data (1)","weather_data",automation,,,,,16,,0,,,,,,
,,,,"Sep 24 23:45:01 automation CRON[19672]: (root) CMD (command -v debian-sa1 > /dev/null && debian-sa1 1 1)","2026-09-24T23:45:01.000+0000",,,,,,,,,23,24,45,september,1,thursday,2026,local,,,,,,automation,,,,,"weather_index_report",,,,,,,1,,,,,,,,"__::__[]:_()__(_-_-_>_//_&&_-__)",,,,"weather-data (1)","weather_data",automation,,,,,16,,0,,,,,,
,,,,"Sep 24 23:35:01 automation CRON[19667]: (root) CMD (command -v debian-sa1 > /dev/null && debian-sa1 1 1)","2026-09-24T23:35:01.000+0000",,,,,,,,,23,24,35,september,1,thursday,2026,local,,,,,,automation,,,,,"weather_index_report",,,,,,,1,,,,,,,,"__::__[]:_()__(_-_-_>_//_&&_-__)",,,,"weather-data (1)","weather_data",automation,,,,,16,,0,,,,,,
,,,,"Sep 24 23:35:01 automation CRON[19667]: (root) CMD (command -v debian-sa1 > /dev/null && debian-sa1 1 1)","2026-09-24T23:35:01.000+0000",,,,,,,,,23,24,35,september,1,thursday,2026,local,,,,,,automation,,,,,"weather_index_report",,,,,,,1,,,,,,,,"__::__[]:_()__(_-_-_>_//_&&_-__)",,,,"weather-data (1)","weather_data",automation,,,,,16,,0,,,,,,
,,,,"Sep 24 23:33:36 automation grafana-agent[1126]: ts=2024-09-24T23:33:36.466651676Z caller=cleaner.go:203 level=warn agent=prometheus component=cleaner msg=""unable to find segment mtime of WAL"" name=/var/lib/grafana-agent/.cache err=""unable to open WAL: open /var/lib/grafana-agent/.cache/wal: no such file or directory""","2026-09-24T23:33:36.000+0000",prometheus,,,,"cleaner.go:203",,cleaner,,23,24,33,september,36,thursday,2026,local,,"unable to open WAL: open /var/lib/grafana-agent/.cache/wal: no such file or directory",,,,automation,,,,,"weather_index_report",,,,,,warn,1,,,,"unable to find segment mtime of WAL","/var/lib/grafana-agent/.cache",,,"__::__-[]:_=--::._=.:_=_=_=_=""______""_=///-/._=""__",,,,"weather-data (1)","weather_data",automation,,,,,16,,0,"2024-09-24T23:33:36.466651676Z",,,,,
,,,,"Sep 24 23:33:36 automation grafana-agent[1126]: ts=2024-09-24T23:33:36.466651676Z caller=cleaner.go:203 level=warn agent=prometheus component=cleaner msg=""unable to find segment mtime of WAL"" name=/var/lib/grafana-agent/.cache err=""unable to open WAL: open /var/lib/grafana-agent/.cache/wal: no such file or directory""","2026-09-24T23:33:36.000+0000",prometheus,,,,"cleaner.go:203",,cleaner,,23,24,33,september,36,thursday,2026,local,,"unable to open WAL: open /var/lib/grafana-agent/.cache/wal: no such file or directory",,,,automation,,,,,"weather_index_report",,,,,,warn,1,,,,"unable to find segment mtime of WAL","/var/lib/grafana-agent/.cache",,,"__::__-[]:_=--::._=.:_=_=_=_=""______""_=///-/._=""__",,,,"weather-data (1)","weather_data",automation,,,,,16,,0,"2024-09-24T23:33:36.466651676Z",,,,,
,,,,"Sep 24 23:25:01 automation CRON[19662]: (root) CMD (command -v debian-sa1 > /dev/null && debian-sa1 1 1)","2026-09-24T23:25:01.000+0000",,,,,,,,,23,24,25,september,1,thursday,2026,local,,,,,,automation,,,,,"weather_index_report",,,,,,,1,,,,,,,,"__::__[]:_()__(_-_-_>_//_&&_-__)",,,,"weather-data (1)","weather_data",automation,,,,,16,,0,,,,,,
,,,,"Sep 24 23:25:01 automation CRON[19662]: (root) CMD (command -v debian-sa1 > /dev/null && debian-sa1 1 1)","2026-09-24T23:25:01.000+0000",,,,,,,,,23,24,25,september,1,thursday,2026,local,,,,,,automation,,,,,"weather_index_report",,,,,,,1,,,,,,,,"__::__[]:_()__(_-_-_>_//_&&_-__)",,,,"weather-data (1)","weather_data",automation,,,,,16,,0,,,,,,
,,,,"Sep 24 23:17:01 automation CRON[19657]: (root) CMD (   cd / && run-parts --report /etc/cron.hourly)","2026-09-24T23:17:01.000+0000",,,,,,,,,23,24,17,september,1,thursday,2026,local,,,,,,automation,,,,,"weather_index_report",,,,,,,1,,,,,,,,"__::__[]:_()__(____/_&&_-_--_//.)",,,,"weather-data (1)","weather_data",automation,,,,,16,,0,,,,,,
,,,,"Sep 24 23:17:01 automation CRON[19657]: (root) CMD (   cd / && run-parts --report /etc/cron.hourly)","2026-09-24T23:17:01.000+0000",,,,,,,,,23,24,17,september,1,thursday,2026,local,,,,,,automation,,,,,"weather_index_report",,,,,,,1,,,,,,,,"__::__[]:_()__(____/_&&_-_--_//.)",,,,"weather-data (1)","weather_data",automation,,,,,16,,0,,,,,,
,,,,"Sep 24 23:15:01 automation CRON[19654]: (root) CMD (command -v debian-sa1 > /dev/null && debian-sa1 1 1)","2026-09-24T23:15:01.000+0000",,,,,,,,,23,24,15,september,1,thursday,2026,local,,,,,,automation,,,,,"weather_index_report",,,,,,,1,,,,,,,,"__::__[]:_()__(_-_-_>_//_&&_-__)",,,,"weather-data (1)","weather_data",automation,,,,,16,,0,,,,,,
,,,,"Sep 24 23:15:01 automation CRON[19654]: (root) CMD (command -v debian-sa1 > /dev/null && debian-sa1 1 1)","2026-09-24T23:15:01.000+0000",,,,,,,,,23,24,15,september,1,thursday,2026,local,,,,,,automation,,,,,"weather_index_report",,,,,,,1,,,,,,,,"__::__[]:_()__(_-_-_>_//_&&_-__)",,,,"weather-data (1)","weather_data",automation,,,,,16,,0,,,,,,
,,,,"Sep 24 23:05:01 automation CRON[19647]: (root) CMD (command -v debian-sa1 > /dev/null && debian-sa1 1 1)","2026-09-24T23:05:01.000+0000",,,,,,,,,23,24,5,september,1,thursday,2026,local,,,,,,automation,,,,,"weather_index_report",,,,,,,1,,,,,,,,"__::__[]:_()__(_-_-_>_//_&&_-__)",,,,"weather-data (1)","weather_data",automation,,,,,16,,0,,,,,,
,,,,"Sep 24 23:05:01 automation CRON[19647]: (root) CMD (command -v debian-sa1 > /dev/null && debian-sa1 1 1)","2026-09-24T23:05:01.000+0000",,,,,,,,,23,24,5,september,1,thursday,2026,local,,,,,,automation,,,,,"weather_index_report",,,,,,,1,,,,,,,,"__::__[]:_()__(_-_-_>_//_&&_-__)",,,,"weather-data (1)","weather_data",automation,,,,,16,,0,,,,,,
,,,,"Sep 24 23:03:36 automation grafana-agent[1126]: ts=2024-09-24T23:03:36.466900665Z caller=cleaner.go:203 level=warn agent=prometheus component=cleaner msg=""unable to find segment mtime of WAL"" name=/var/lib/grafana-agent/.cache err=""unable to open WAL: open /var/lib/grafana-agent/.cache/wal: no such file or directory""","2026-09-24T23:03:36.000+0000",prometheus,,,,"cleaner.go:203",,cleaner,,23,24,3,september,36,thursday,2026,local,,"unable to open WAL: open /var/lib/grafana-agent/.cache/wal: no such file or directory",,,,automation,,,,,"weather_index_report",,,,,,warn,1,,,,"unable to find segment mtime of WAL","/var/lib/grafana-agent/.cache",,,"__::__-[]:_=--::._=.:_=_=_=_=""______""_=///-/._=""__",,,,"weather-data (1)","weather_data",automation,,,,,16,,0,"2024-09-24T23:03:36.466900665Z",,,,,
,,,,"Sep 24 23:03:36 automation grafana-agent[1126]: ts=2024-09-24T23:03:36.466900665Z caller=cleaner.go:203 level=warn agent=prometheus component=cleaner msg=""unable to find segment mtime of WAL"" name=/var/lib/grafana-agent/.cache err=""unable to open WAL: open /var/lib/grafana-agent/.cache/wal: no such file or directory""","2026-09-24T23:03:36.000+0000",prometheus,,,,"cleaner.go:203",,cleaner,,23,24,3,september,36,thursday,2026,local,,"unable to open WAL: open /var/lib/grafana-agent/.cache/wal: no such file or directory",,,,automation,,,,,"weather_index_report",,,,,,warn,1,,,,"unable to find segment mtime of WAL","/var/lib/grafana-agent/.cache",,,"__::__-[]:_=--::._=.:_=_=_=_=""______""_=///-/._=""__",,,,"weather-data (1)","weather_data",automation,,,,,16,,0,"2024-09-24T23:03:36.466900665Z",,,,,
,,,,"Sep 24 23:00:00 automation systemd[1]: Started Hostname Service.","2026-09-24T23:00:00.000+0000",,,,,,,,,23,24,0,september,0,thursday,2026,local,,,,,,automation,,,,,"weather_index_report",,,,,,,1,,,,,,,,"__::__[]:___.",,,,"weather-data (1)","weather_data",automation,,,,,16,,0,,,,,,
,,,,"Sep 24 23:00:00 automation dbus-daemon[1060]: [system] Successfully activated service 'org.freedesktop.hostname1'","2026-09-24T23:00:00.000+0000",,,,,,,,,23,24,0,september,0,thursday,2026,local,,,,,,automation,,,,,"weather_index_report",,,,,,,1,,,,,,,,"__::__-[]:_[]____'..'",,,,"weather-data (1)","weather_data",automation,,,,,16,,0,,,,,,
,,,,"Sep 24 23:00:00 automation systemd-timesyncd[740]: Synchronized to time server [2620:2d:4000:1::40]:123 (ntp.ubuntu.com).","2026-09-24T23:00:00.000+0000",,,,,,,,,23,24,0,september,0,thursday,2026,local,,,,,,automation,,,,,"weather_index_report",,,,,,,1,,,,,,,,"__::__-[]:_____[:::::]:_(..).",,,,"weather-data (1)","weather_data",automation,,,,,16,,0,,,,,,
,,,,"Sep 24 23:00:00 automation systemd-networkd[940]: enp0s3: Configured","2026-09-24T23:00:00.000+0000",,,,,,,,,23,24,0,september,0,thursday,2026,local,,,,,,automation,,,,,"weather_index_report",,,,,,,1,,,,,,,,"__::__-[]:_:_",,,,"weather-data (1)","weather_data",automation,,,,,16,,0,,,,,,
,,,,"Sep 24 23:00:00 automation systemd-networkd[940]: enp0s3: DHCPv4 address 192.168.0.18/24 via 192.168.0.1","2026-09-24T23:00:00.000+0000",,,,,,,,,23,24,0,september,0,thursday,2026,local,,,,,,automation,,,,,"weather_index_report",,,,,,,1,,,,,,,,"__::__-[]:_:___.../__...",,,,"weather-data (1)","weather_data",automation,,,,,16,,0,,,,,,
,,,,"Sep 24 23:00:00 automation systemd[1]: Starting Hostname Service...","2026-09-24T23:00:00.000+0000",,,,,,,,,23,24,0,september,0,thursday,2026,local,,,,,,automation,,,,,"weather_index_report",,,,,,,1,,,,,,,,"__::__[]:___...",,,,"weather-data (1)","weather_data",automation,,,,,16,,0,,,,,,
,,,,"Sep 24 23:00:00 automation dbus-daemon[1060]: [system] Activating via systemd: service name='org.freedesktop.hostname1' unit='dbus-org.freedesktop.hostname1.service' requested by ':1.2' (uid=100 pid=940 comm=""/lib/systemd/systemd-networkd "" label=""unconfined"")","2026-09-24T23:00:00.000+0000",,,,,,"/lib/systemd/systemd-networkd",,,23,24,0,september,0,thursday,2026,local,,,,,,automation,,,,,"weather_index_report",,unconfined,,,,,1,,,,,"'org.freedesktop.hostname1'",940,,"__::__-[]:_[]___:__='..'_='-...'___':.'_(=_=_=""///",,,,"weather-data (1)","weather_data",automation,,,,,16,,0,,100,"'dbus-org.freedesktop.hostname1.service'",,,
,,,,"Sep 24 23:00:00 automation systemd-timesyncd[740]: Network configuration changed, trying to establish connection.","2026-09-24T23:00:00.000+0000",,,,,,,,,23,24,0,september,0,thursday,2026,local,,,,,,automation,,,,,"weather_index_report",,,,,,,1,,,,,,,,"__::__-[]:___,____.",,,,"weather-data (1)","weather_data",automation,,,,,16,,0,,,,,,
,,,,"Sep 24 23:00:00 automation systemd-networkd[940]: enp0s3: DHCP lease lost","2026-09-24T23:00:00.000+0000",,,,,,,,,23,24,0,september,0,thursday,2026,local,,,,,,automation,,,,,"weather_index_report",,,,,,,1,,,,,,,,"__::__-[]:_:___",,,,"weather-data (1)","weather_data",automation,,,,,16,,0,,,,,,
,,,,"Sep 24 23:00:00 automation systemd[1]: Started Hostname Service.","2026-09-24T23:00:00.000+0000",,,,,,,,,23,24,0,september,0,thursday,2026,local,,,,,,automation,,,,,"weather_index_report",,,,,,,1,,,,,,,,"__::__[]:___.",,,,"weather-data (1)","weather_data",automation,,,,,16,,0,,,,,,
,,,,"Sep 24 23:00:00 automation dbus-daemon[1060]: [system] Successfully activated service 'org.freedesktop.hostname1'","2026-09-24T23:00:00.000+0000",,,,,,,,,23,24,0,september,0,thursday,2026,local,,,,,,automation,,,,,"weather_index_report",,,,,,,1,,,,,,,,"__::__-[]:_[]____'..'",,,,"weather-data (1)","weather_data",automation,,,,,16,,0,,,,,,
,,,,"Sep 24 23:00:00 automation systemd-timesyncd[740]: Synchronized to time server [2620:2d:4000:1::40]:123 (ntp.ubuntu.com).","2026-09-24T23:00:00.000+0000",,,,,,,,,23,24,0,september,0,thursday,2026,local,,,,,,automation,,,,,"weather_index_report",,,,,,,1,,,,,,,,"__::__-[]:_____[:::::]:_(..).",,,,"weather-data (1)","weather_data",automation,,,,,16,,0,,,,,,
,,,,"Sep 24 23:00:00 automation systemd-networkd[940]: enp0s3: Configured","2026-09-24T23:00:00.000+0000",,,,,,,,,23,24,0,september,0,thursday,2026,local,,,,,,automation,,,,,"weather_index_report",,,,,,,1,,,,,,,,"__::__-[]:_:_",,,,"weather-data (1)","weather_data",automation,,,,,16,,0,,,,,,
,,,,"Sep 24 23:00:00 automation systemd-networkd[940]: enp0s3: DHCPv4 address 192.168.0.18/24 via 192.168.0.1","2026-09-24T23:00:00.000+0000",,,,,,,,,23,24,0,september,0,thursday,2026,local,,,,,,automation,,,,,"weather_index_report",,,,,,,1,,,,,,,,"__::__-[]:_:___.../__...",,,,"weather-data (1)","weather_data",automation,,,,,16,,0,,,,,,
,,,,"Sep 24 23:00:00 automation systemd[1]: Starting Hostname Service...","2026-09-24T23:00:00.000+0000",,,,,,,,,23,24,0,september,0,thursday,2026,local,,,,,,automation,,,,,"weather_index_report",,,,,,,1,,,,,,,,"__::__[]:___...",,,,"weather-data (1)","weather_data",automation,,,,,16,,0,,,,,,
,,,,"Sep 24 23:00:00 automation dbus-daemon[1060]: [system] Activating via systemd: service name='org.freedesktop.hostname1' unit='dbus-org.freedesktop.hostname1.service' requested by ':1.2' (uid=100 pid=940 comm=""/lib/systemd/systemd-networkd "" label=""unconfined"")","2026-09-24T23:00:00.000+0000",,,,,,"/lib/systemd/systemd-networkd",,,23,24,0,september,0,thursday,2026,local,,,,,,automation,,,,,"weather_index_report",,unconfined,,,,,1,,,,,"'org.freedesktop.hostname1'",940,,"__::__-[]:_[]___:__='..'_='-...'___':.'_(=_=_=""///",,,,"weather-data (1)","weather_data",automation,,,,,16,,0,,100,"'dbus-org.freedesktop.hostname1.service'",,,
,,,,"Sep 24 23:00:00 automation systemd-timesyncd[740]: Network configuration changed, trying to establish connection.","2026-09-24T23:00:00.000+0000",,,,,,,,,23,24,0,september,0,thursday,2026,local,,,,,,automation,,,,,"weather_index_report",,,,,,,1,,,,,,,,"__::__-[]:___,____.",,,,"weather-data (1)","weather_data",automation,,,,,16,,0,,,,,,
,,,,"Sep 24 23:00:00 automation systemd-networkd[940]: enp0s3: DHCP lease lost","2026-09-24T23:00:00.000+0000",,,,,,,,,23,24,0,september,0,thursday,2026,local,,,,,,automation,,,,,"weather_index_report",,,,,,,1,,,,,,,,"__::__-[]:_:___",,,,"weather-data (1)","weather_data",automation,,,,,16,,0,,,,,,
,,,,"Sep 24 22:55:01 automation CRON[19602]: (root) CMD (command -v debian-sa1 > /dev/null && debian-sa1 1 1)","2026-09-24T22:55:01.000+0000",,,,,,,,,22,24,55,september,1,thursday,2026,local,,,,,,automation,,,,,"weather_index_report",,,,,,,1,,,,,,,,"__::__[]:_()__(_-_-_>_//_&&_-__)",,,,"weather-data (1)","weather_data",automation,,,,,16,,0,,,,,,
,,,,"Sep 24 22:55:01 automation CRON[19602]: (root) CMD (command -v debian-sa1 > /dev/null && debian-sa1 1 1)","2026-09-24T22:55:01.000+0000",,,,,,,,,22,24,55,september,1,thursday,2026,local,,,,,,automation,,,,,"weather_index_report",,,,,,,1,,,,,,,,"__::__[]:_()__(_-_-_>_//_&&_-__)",,,,"weather-data (1)","weather_data",automation,,,,,16,,0,,,,,,
,,,,"Sep 24 22:45:01 automation CRON[19596]: (root) CMD (command -v debian-sa1 > /dev/null && debian-sa1 1 1)","2026-09-24T22:45:01.000+0000",,,,,,,,,22,24,45,september,1,thursday,2026,local,,,,,,automation,,,,,"weather_index_report",,,,,,,1,,,,,,,,"__::__[]:_()__(_-_-_>_//_&&_-__)",,,,"weather-data (1)","weather_data",automation,,,,,16,,0,,,,,,
,,,,"Sep 24 22:45:01 automation CRON[19596]: (root) CMD (command -v debian-sa1 > /dev/null && debian-sa1 1 1)","2026-09-24T22:45:01.000+0000",,,,,,,,,22,24,45,september,1,thursday,2026,local,,,,,,automation,,,,,"weather_index_report",,,,,,,1,,,,,,,,"__::__[]:_()__(_-_-_>_//_&&_-__)",,,,"weather-data (1)","weather_data",automation,,,,,16,,0,,,,,,
,,,,"Sep 24 22:35:01 automation CRON[19591]: (root) CMD (command -v debian-sa1 > /dev/null && debian-sa1 1 1)","2026-09-24T22:35:01.000+0000",,,,,,,,,22,24,35,september,1,thursday,2026,local,,,,,,automation,,,,,"weather_index_report",,,,,,,1,,,,,,,,"__::__[]:_()__(_-_-_>_//_&&_-__)",,,,"weather-data (1)","weather_data",automation,,,,,16,,0,,,,,,
,,,,"Sep 24 22:35:01 automation CRON[19591]: (root) CMD (command -v debian-sa1 > /dev/null && debian-sa1 1 1)","2026-09-24T22:35:01.000+0000",,,,,,,,,22,24,35,september,1,thursday,2026,local,,,,,,automation,,,,,"weather_index_report",,,,,,,1,,,,,,,,"__::__[]:_()__(_-_-_>_//_&&_-__)",,,,"weather-data (1)","weather_data",automation,,,,,16,,0,,,,,,
,,,,"Sep 24 22:33:36 automation grafana-agent[1126]: ts=2024-09-24T22:33:36.467372585Z caller=cleaner.go:203 level=warn agent=prometheus component=cleaner msg=""unable to find segment mtime of WAL"" name=/var/lib/grafana-agent/.cache err=""unable to open WAL: open /var/lib/grafana-agent/.cache/wal: no such file or directory""","2026-09-24T22:33:36.000+0000",prometheus,,,,"cleaner.go:203",,cleaner,,22,24,33,september,36,thursday,2026,local,,"unable to open WAL: open /var/lib/grafana-agent/.cache/wal: no such file or directory",,,,automation,,,,,"weather_index_report",,,,,,warn,1,,,,"unable to find segment mtime of WAL","/var/lib/grafana-agent/.cache",,,"__::__-[]:_=--::._=.:_=_=_=_=""______""_=///-/._=""__",,,,"weather-data (1)","weather_data",automation,,,,,16,,0,"2024-09-24T22:33:36.467372585Z",,,,,
,,,,"Sep 24 22:33:36 automation grafana-agent[1126]: ts=2024-09-24T22:33:36.467372585Z caller=cleaner.go:203 level=warn agent=prometheus component=cleaner msg=""unable to find segment mtime of WAL"" name=/var/lib/grafana-agent/.cache err=""unable to open WAL: open /var/lib/grafana-agent/.cache/wal: no such file or directory""","2026-09-24T22:33:36.000+0000",prometheus,,,,"cleaner.go:203",,cleaner,,22,24,33,september,36,thursday,2026,local,,"unable to open WAL: open /var/lib/grafana-agent/.cache/wal: no such file or directory",,,,automation,,,,,"weather_index_report",,,,,,warn,1,,,,"unable to find segment mtime of WAL","/var/lib/grafana-agent/.cache",,,"__::__-[]:_=--::._=.:_=_=_=_=""______""_=///-/._=""__",,,,"weather-data (1)","weather_data",automation,,,,,16,,0,"2024-09-24T22:33:36.467372585Z",,,,,
,,,,"Sep 24 22:25:01 automation CRON[19585]: (root) CMD (command -v debian-sa1 > /dev/null && debian-sa1 1 1)","2026-09-24T22:25:01.000+0000",,,,,,,,,22,24,25,september,1,thursday,2026,local,,,,,,automation,,,,,"weather_index_report",,,,,,,1,,,,,,,,"__::__[]:_()__(_-_-_>_//_&&_-__)",,,,"weather-data (1)","weather_data",automation,,,,,16,,0,,,,,,
,,,,"Sep 24 22:25:01 automation CRON[19585]: (root) CMD (command -v debian-sa1 > /dev/null && debian-sa1 1 1)","2026-09-24T22:25:01.000+0000",,,,,,,,,22,24,25,september,1,thursday,2026,local,,,,,,automation,,,,,"weather_index_report",,,,,,,1,,,,,,,,"__::__[]:_()__(_-_-_>_//_&&_-__)",,,,"weather-data (1)","weather_data",automation,,,,,16,,0,,,,,,
,,,,"Sep 24 22:17:01 automation CRON[19580]: (root) CMD (   cd / && run-parts --report /etc/cron.hourly)","2026-09-24T22:17:01.000+0000",,,,,,,,,22,24,17,september,1,thursday,2026,local,,,,,,automation,,,,,"weather_index_report",,,,,,,1,,,,,,,,"__::__[]:_()__(____/_&&_-_--_//.)",,,,"weather-data (1)","weather_data",automation,,,,,16,,0,,,,,,
,,,,"Sep 24 22:17:01 automation CRON[19580]: (root) CMD (   cd / && run-parts --report /etc/cron.hourly)","2026-09-24T22:17:01.000+0000",,,,,,,,,22,24,17,september,1,thursday,2026,local,,,,,,automation,,,,,"weather_index_report",,,,,,,1,,,,,,,,"__::__[]:_()__(____/_&&_-_--_//.)",,,,"weather-data (1)","weather_data",automation,,,,,16,,0,,,,,,
,,,,"Sep 24 22:15:01 automation CRON[19576]: (root) CMD (command -v debian-sa1 > /dev/null && debian-sa1 1 1)","2026-09-24T22:15:01.000+0000",,,,,,,,,22,24,15,september,1,thursday,2026,local,,,,,,automation,,,,,"weather_index_report",,,,,,,1,,,,,,,,"__::__[]:_()__(_-_-_>_//_&&_-__)",,,,"weather-data (1)","weather_data",automation,,,,,16,,0,,,,,,
,,,,"Sep 24 22:15:01 automation CRON[19576]: (root) CMD (command -v debian-sa1 > /dev/null && debian-sa1 1 1)","2026-09-24T22:15:01.000+0000",,,,,,,,,22,24,15,september,1,thursday,2026,local,,,,,,automation,,,,,"weather_index_report",,,,,,,1,,,,,,,,"__::__[]:_()__(_-_-_>_//_&&_-__)",,,,"weather-data (1)","weather_data",automation,,,,,16,,0,,,,,,
,,,,"Sep 24 22:07:01 automation CRON[19571]: (root) CMD (   test -x /etc/cron.daily/popularity-contest && /etc/cron.daily/popularity-contest --crond)","2026-09-24T22:07:01.000+0000",,,,,,,,,22,24,7,september,1,thursday,2026,local,,,,,,automation,,,,,"weather_index_report",,,,,,,1,,,,,,,,"__::__[]:_()__(____-_//./-_&&_//./-_--)",,,,"weather-data (1)","weather_data",automation,,,,,16,,0,,,,,,
,,,,"Sep 24 22:07:01 automation CRON[19571]: (root) CMD (   test -x /etc/cron.daily/popularity-contest && /etc/cron.daily/popularity-contest --crond)","2026-09-24T22:07:01.000+0000",,,,,,,,,22,24,7,september,1,thursday,2026,local,,,,,,automation,,,,,"weather_index_report",,,,,,,1,,,,,,,,"__::__[]:_()__(____-_//./-_&&_//./-_--)",,,,"weather-data (1)","weather_data",automation,,,,,16,,0,,,,,,
,,,,"Sep 24 22:05:01 automation CRON[19568]: (root) CMD (command -v debian-sa1 > /dev/null && debian-sa1 1 1)","2026-09-24T22:05:01.000+0000",,,,,,,,,22,24,5,september,1,thursday,2026,local,,,,,,automation,,,,,"weather_index_report",,,,,,,1,,,,,,,,"__::__[]:_()__(_-_-_>_//_&&_-__)",,,,"weather-data (1)","weather_data",automation,,,,,16,,0,,,,,,
,,,,"Sep 24 22:05:01 automation CRON[19568]: (root) CMD (command -v debian-sa1 > /dev/null && debian-sa1 1 1)","2026-09-24T22:05:01.000+0000",,,,,,,,,22,24,5,september,1,thursday,2026,local,,,,,,automation,,,,,"weather_index_report",,,,,,,1,,,,,,,,"__::__[]:_()__(_-_-_>_//_&&_-__)",,,,"weather-data (1)","weather_data",automation,,,,,16,,0,,,,,,
,,,,"Sep 24 22:03:36 automation grafana-agent[1126]: ts=2024-09-24T22:03:36.467370104Z caller=cleaner.go:203 level=warn agent=prometheus component=cleaner msg=""unable to find segment mtime of WAL"" name=/var/lib/grafana-agent/.cache err=""unable to open WAL: open /var/lib/grafana-agent/.cache/wal: no such file or directory""","2026-09-24T22:03:36.000+0000",prometheus,,,,"cleaner.go:203",,cleaner,,22,24,3,september,36,thursday,2026,local,,"unable to open WAL: open /var/lib/grafana-agent/.cache/wal: no such file or directory",,,,automation,,,,,"weather_index_report",,,,,,warn,1,,,,"unable to find segment mtime of WAL","/var/lib/grafana-agent/.cache",,,"__::__-[]:_=--::._=.:_=_=_=_=""______""_=///-/._=""__",,,,"weather-data (1)","weather_data",automation,,,,,16,,0,"2024-09-24T22:03:36.467370104Z",,,,,
,,,,"Sep 24 22:03:36 automation grafana-agent[1126]: ts=2024-09-24T22:03:36.467370104Z caller=cleaner.go:203 level=warn agent=prometheus component=cleaner msg=""unable to find segment mtime of WAL"" name=/var/lib/grafana-agent/.cache err=""unable to open WAL: open /var/lib/grafana-agent/.cache/wal: no such file or directory""","2026-09-24T22:03:36.000+0000",prometheus,,,,"cleaner.go:203",,cleaner,,22,24,3,september,36,thursday,2026,local,,"unable to open WAL: open /var/lib/grafana-agent/.cache/wal: no such file or directory",,,,automation,,,,,"weather_index_report",,,,,,warn,1,,,,"unable to find segment mtime of WAL","/var/lib/grafana-agent/.cache",,,"__::__-[]:_=--::._=.:_=_=_=_=""______""_=///-/._=""__",,,,"weather-data (1)","weather_data",automation,,,,,16,,0,"2024-09-24T22:03:36.467370104Z",,,,,
,,,,"Sep 24 22:00:00 automation systemd-timesyncd[740]: Synchronized to time server [2620:2d:4000:1::40]:123 (ntp.ubuntu.com).","2026-09-24T22:00:00.000+0000",,,,,,,,,22,24,0,september,0,thursday,2026,local,,,,,,automation,,,,,"weather_index_report",,,,,,,1,,,,,,,,"__::__-[]:_____[:::::]:_(..).",,,,"weather-data (1)","weather_data",automation,,,,,16,,0,,,,,,
,,,,"Sep 24 22:00:00 automation systemd-timesyncd[740]: Network configuration changed, trying to establish connection.","2026-09-24T22:00:00.000+0000",,,,,,,,,22,24,0,september,0,thursday,2026,local,,,,,,automation,,,,,"weather_index_report",,,,,,,1,,,,,,,,"__::__-[]:___,____.",,,,"weather-data (1)","weather_data",automation,,,,,16,,0,,,,,,
,,,,"Sep 24 22:00:00 automation systemd-networkd[940]: enp0s3: Configured","2026-09-24T22:00:00.000+0000",,,,,,,,,22,24,0,september,0,thursday,2026,local,,,,,,automation,,,,,"weather_index_report",,,,,,,1,,,,,,,,"__::__-[]:_:_",,,,"weather-data (1)","weather_data",automation,,,,,16,,0,,,,,,
,,,,"Sep 24 22:00:00 automation systemd-networkd[940]: enp0s3: DHCPv4 address 192.168.0.18/24 via 192.168.0.1","2026-09-24T22:00:00.000+0000",,,,,,,,,22,24,0,september,0,thursday,2026,local,,,,,,automation,,,,,"weather_index_report",,,,,,,1,,,,,,,,"__::__-[]:_:___.../__...",,,,"weather-data (1)","weather_data",automation,,,,,16,,0,,,,,,
,,,,"Sep 24 22:00:00 automation systemd[1]: Started Hostname Service.","2026-09-24T22:00:00.000+0000",,,,,,,,,22,24,0,september,0,thursday,2026,local,,,,,,automation,,,,,"weather_index_report",,,,,,,1,,,,,,,,"__::__[]:___.",,,,"weather-data (1)","weather_data",automation,,,,,16,,0,,,,,,
,,,,"Sep 24 22:00:00 automation dbus-daemon[1060]: [system] Successfully activated service 'org.freedesktop.hostname1'","2026-09-24T22:00:00.000+0000",,,,,,,,,22,24,0,september,0,thursday,2026,local,,,,,,automation,,,,,"weather_index_report",,,,,,,1,,,,,,,,"__::__-[]:_[]____'..'",,,,"weather-data (1)","weather_data",automation,,,,,16,,0,,,,,,
,,,,"Sep 24 22:00:00 automation systemd-timesyncd[740]: Synchronized to time server [2620:2d:4000:1::40]:123 (ntp.ubuntu.com).","2026-09-24T22:00:00.000+0000",,,,,,,,,22,24,0,september,0,thursday,2026,local,,,,,,automation,,,,,"weather_index_report",,,,,,,1,,,,,,,,"__::__-[]:_____[:::::]:_(..).",,,,"weather-data (1)","weather_data",automation,,,,,16,,0,,,,,,
,,,,"Sep 24 22:00:00 automation systemd[1]: Starting Hostname Service...","2026-09-24T22:00:00.000+0000",,,,,,,,,22,24,0,september,0,thursday,2026,local,,,,,,automation,,,,,"weather_index_report",,,,,,,1,,,,,,,,"__::__[]:___...",,,,"weather-data (1)","weather_data",automation,,,,,16,,0,,,,,,
,,,,"Sep 24 22:00:00 automation systemd-timesyncd[740]: Network configuration changed, trying to establish connection.","2026-09-24T22:00:00.000+0000",,,,,,,,,22,24,0,september,0,thursday,2026,local,,,,,,automation,,,,,"weather_index_report",,,,,,,1,,,,,,,,"__::__-[]:___,____.",,,,"weather-data (1)","weather_data",automation,,,,,16,,0,,,,,,
,,,,"Sep 24 22:00:00 automation dbus-daemon[1060]: [system] Activating via systemd: service name='org.freedesktop.hostname1' unit='dbus-org.freedesktop.hostname1.service' requested by ':1.2' (uid=100 pid=940 comm=""/lib/systemd/systemd-networkd "" label=""unconfined"")","2026-09-24T22:00:00.000+0000",,,,,,"/lib/systemd/systemd-networkd",,,22,24,0,september,0,thursday,2026,local,,,,,,automation,,,,,"weather_index_report",,unconfined,,,,,1,,,,,"'org.freedesktop.hostname1'",940,,"__::__-[]:_[]___:__='..'_='-...'___':.'_(=_=_=""///",,,,"weather-data (1)","weather_data",automation,,,,,16,,0,,100,"'dbus-org.freedesktop.hostname1.service'",,,
,,,,"Sep 24 22:00:00 automation systemd-networkd[940]: enp0s3: DHCP lease lost","2026-09-24T22:00:00.000+0000",,,,,,,,,22,24,0,september,0,thursday,2026,local,,,,,,automation,,,,,"weather_index_report",,,,,,,1,,,,,,,,"__::__-[]:_:___",,,,"weather-data (1)","weather_data",automation,,,,,16,,0,,,,,,
,,,,"Sep 24 22:00:00 automation systemd-timesyncd[740]: Synchronized to time server [2620:2d:4000:1::40]:123 (ntp.ubuntu.com).","2026-09-24T22:00:00.000+0000",,,,,,,,,22,24,0,september,0,thursday,2026,local,,,,,,automation,,,,,"weather_index_report",,,,,,,1,,,,,,,,"__::__-[]:_____[:::::]:_(..).",,,,"weather-data (1)","weather_data",automation,,,,,16,,0,,,,,,
,,,,"Sep 24 22:00:00 automation systemd-timesyncd[740]: Network configuration changed, trying to establish connection.","2026-09-24T22:00:00.000+0000",,,,,,,,,22,24,0,september,0,thursday,2026,local,,,,,,automation,,,,,"weather_index_report",,,,,,,1,,,,,,,,"__::__-[]:___,____.",,,,"weather-data (1)","weather_data",automation,,,,,16,,0,,,,,,
,,,,"Sep 24 22:00:00 automation systemd-networkd[940]: enp0s3: Configured","2026-09-24T22:00:00.000+0000",,,,,,,,,22,24,0,september,0,thursday,2026,local,,,,,,automation,,,,,"weather_index_report",,,,,,,1,,,,,,,,"__::__-[]:_:_",,,,"weather-data (1)","weather_data",automation,,,,,16,,0,,,,,,
,,,,"Sep 24 22:00:00 automation systemd-networkd[940]: enp0s3: DHCPv4 address 192.168.0.18/24 via 192.168.0.1","2026-09-24T22:00:00.000+0000",,,,,,,,,22,24,0,september,0,thursday,2026,local,,,,,,automation,,,,,"weather_index_report",,,,,,,1,,,,,,,,"__::__-[]:_:___.../__...",,,,"weather-data (1)","weather_data",automation,,,,,16,,0,,,,,,
,,,,"Sep 24 22:00:00 automation systemd[1]: Started Hostname Service.","2026-09-24T22:00:00.000+0000",,,,,,,,,22,24,0,september,0,thursday,2026,local,,,,,,automation,,,,,"weather_index_report",,,,,,,1,,,,,,,,"__::__[]:___.",,,,"weather-data (1)","weather_data",automation,,,,,16,,0,,,,,,
,,,,"Sep 24 22:00:00 automation dbus-daemon[1060]: [system] Successfully activated service 'org.freedesktop.hostname1'","2026-09-24T22:00:00.000+0000",,,,,,,,,22,24,0,september,0,thursday,2026,local,,,,,,automation,,,,,"weather_index_report",,,,,,,1,,,,,,,,"__::__-[]:_[]____'..'",,,,"weather-data (1)","weather_data",automation,,,,,16,,0,,,,,,
,,,,"Sep 24 22:00:00 automation systemd-timesyncd[740]: Synchronized to time server [2620:2d:4000:1::40]:123 (ntp.ubuntu.com).","2026-09-24T22:00:00.000+0000",,,,,,,,,22,24,0,september,0,thursday,2026,local,,,,,,automation,,,,,"weather_index_report",,,,,,,1,,,,,,,,"__::__-[]:_____[:::::]:_(..).",,,,"weather-data (1)","weather_data",automation,,,,,16,,0,,,,,,
,,,,"Sep 24 22:00:00 automation systemd[1]: Starting Hostname Service...","2026-09-24T22:00:00.000+0000",,,,,,,,,22,24,0,september,0,thursday,2026,local,,,,,,automation,,,,,"weather_index_report",,,,,,,1,,,,,,,,"__::__[]:___...",,,,"weather-data (1)","weather_data",automation,,,,,16,,0,,,,,,
,,,,"Sep 24 22:00:00 automation systemd-timesyncd[740]: Network configuration changed, trying to establish connection.","2026-09-24T22:00:00.000+0000",,,,,,,,,22,24,0,september,0,thursday,2026,local,,,,,,automation,,,,,"weather_index_report",,,,,,,1,,,,,,,,"__::__-[]:___,____.",,,,"weather-data (1)","weather_data",automation,,,,,16,,0,,,,,,
,,,,"Sep 24 22:00:00 automation dbus-daemon[1060]: [system] Activating via systemd: service name='org.freedesktop.hostname1' unit='dbus-org.freedesktop.hostname1.service' requested by ':1.2' (uid=100 pid=940 comm=""/lib/systemd/systemd-networkd "" label=""unconfined"")","2026-09-24T22:00:00.000+0000",,,,,,"/lib/systemd/systemd-networkd",,,22,24,0,september,0,thursday,2026,local,,,,,,automation,,,,,"weather_index_report",,unconfined,,,,,1,,,,,"'org.freedesktop.hostname1'",940,,"__::__-[]:_[]___:__='..'_='-...'___':.'_(=_=_=""///",,,,"weather-data (1)","weather_data",automation,,,,,16,,0,,100,"'dbus-org.freedesktop.hostname1.service'",,,
,,,,"Sep 24 22:00:00 automation systemd-networkd[940]: enp0s3: DHCP lease lost","2026-09-24T22:00:00.000+0000",,,,,,,,,22,24,0,september,0,thursday,2026,local,,,,,,automation,,,,,"weather_index_report",,,,,,,1,,,,,,,,"__::__-[]:_:___",,,,"weather-data (1)","weather_data",automation,,,,,16,,0,,,,,,
,,,,"Sep 24 21:55:01 automation CRON[19525]: (root) CMD (command -v debian-sa1 > /dev/null && debian-sa1 1 1)","2026-09-24T21:55:01.000+0000",,,,,,,,,21,24,55,september,1,thursday,2026,local,,,,,,automation,,,,,"weather_index_report",,,,,,,1,,,,,,,,"__::__[]:_()__(_-_-_>_//_&&_-__)",,,,"weather-data (1)","weather_data",automation,,,,,16,,0,,,,,,
,,,,"Sep 24 21:55:01 automation CRON[19525]: (root) CMD (command -v debian-sa1 > /dev/null && debian-sa1 1 1)","2026-09-24T21:55:01.000+0000",,,,,,,,,21,24,55,september,1,thursday,2026,local,,,,,,automation,,,,,"weather_index_report",,,,,,,1,,,,,,,,"__::__[]:_()__(_-_-_>_//_&&_-__)",,,,"weather-data (1)","weather_data",automation,,,,,16,,0,,,,,,
,,,,"Sep 24 21:45:01 automation CRON[19518]: (root) CMD (command -v debian-sa1 > /dev/null && debian-sa1 1 1)","2026-09-24T21:45:01.000+0000",,,,,,,,,21,24,45,september,1,thursday,2026,local,,,,,,automation,,,,,"weather_index_report",,,,,,,1,,,,,,,,"__::__[]:_()__(_-_-_>_//_&&_-__)",,,,"weather-data (1)","weather_data",automation,,,,,16,,0,,,,,,
,,,,"Sep 24 21:45:01 automation CRON[19518]: (root) CMD (command -v debian-sa1 > /dev/null && debian-sa1 1 1)","2026-09-24T21:45:01.000+0000",,,,,,,,,21,24,45,september,1,thursday,2026,local,,,,,,automation,,,,,"weather_index_report",,,,,,,1,,,,,,,,"__::__[]:_()__(_-_-_>_//_&&_-__)",,,,"weather-data (1)","weather_data",automation,,,,,16,,0,,,,,,
,,,,"Sep 24 21:35:01 automation CRON[19514]: (root) CMD (command -v debian-sa1 > /dev/null && debian-sa1 1 1)","2026-09-24T21:35:01.000+0000",,,,,,,,,21,24,35,september,1,thursday,2026,local,,,,,,automation,,,,,"weather_index_report",,,,,,,1,,,,,,,,"__::__[]:_()__(_-_-_>_//_&&_-__)",,,,"weather-data (1)","weather_data",automation,,,,,16,,0,,,,,,
,,,,"Sep 24 21:35:01 automation CRON[19514]: (root) CMD (command -v debian-sa1 > /dev/null && debian-sa1 1 1)","2026-09-24T21:35:01.000+0000",,,,,,,,,21,24,35,september,1,thursday,2026,local,,,,,,automation,,,,,"weather_index_report",,,,,,,1,,,,,,,,"__::__[]:_()__(_-_-_>_//_&&_-__)",,,,"weather-data (1)","weather_data",automation,,,,,16,,0,,,,,,
,,,,"Sep 24 21:33:36 automation grafana-agent[1126]: ts=2024-09-24T21:33:36.46918765Z caller=cleaner.go:203 level=warn agent=prometheus component=cleaner msg=""unable to find segment mtime of WAL"" name=/var/lib/grafana-agent/.cache err=""unable to open WAL: open /var/lib/grafana-agent/.cache/wal: no such file or directory""","2026-09-24T21:33:36.000+0000",prometheus,,,,"cleaner.go:203",,cleaner,,21,24,33,september,36,thursday,2026,local,,"unable to open WAL: open /var/lib/grafana-agent/.cache/wal: no such file or directory",,,,automation,,,,,"weather_index_report",,,,,,warn,1,,,,"unable to find segment mtime of WAL","/var/lib/grafana-agent/.cache",,,"__::__-[]:_=--::._=.:_=_=_=_=""______""_=///-/._=""__",,,,"weather-data (1)","weather_data",automation,,,,,16,,0,"2024-09-24T21:33:36.46918765Z",,,,,
,,,,"Sep 24 21:33:36 automation grafana-agent[1126]: ts=2024-09-24T21:33:36.46918765Z caller=cleaner.go:203 level=warn agent=prometheus component=cleaner msg=""unable to find segment mtime of WAL"" name=/var/lib/grafana-agent/.cache err=""unable to open WAL: open /var/lib/grafana-agent/.cache/wal: no such file or directory""","2026-09-24T21:33:36.000+0000",prometheus,,,,"cleaner.go:203",,cleaner,,21,24,33,september,36,thursday,2026,local,,"unable to open WAL: open /var/lib/grafana-agent/.cache/wal: no such file or directory",,,,automation,,,,,"weather_index_report",,,,,,warn,1,,,,"unable to find segment mtime of WAL","/var/lib/grafana-agent/.cache",,,"__::__-[]:_=--::._=.:_=_=_=_=""______""_=///-/._=""__",,,,"weather-data (1)","weather_data",automation,,,,,16,,0,"2024-09-24T21:33:36.46918765Z",,,,,
,,,,"Sep 24 21:25:02 automation CRON[19508]: (root) CMD (command -v debian-sa1 > /dev/null && debian-sa1 1 1)","2026-09-24T21:25:02.000+0000",,,,,,,,,21,24,25,september,2,thursday,2026,local,,,,,,automation,,,,,"weather_index_report",,,,,,,1,,,,,,,,"__::__[]:_()__(_-_-_>_//_&&_-__)",,,,"weather-data (1)","weather_data",automation,,,,,16,,0,,,,,,
,,,,"Sep 24 21:25:02 automation CRON[19508]: (root) CMD (command -v debian-sa1 > /dev/null && debian-sa1 1 1)","2026-09-24T21:25:02.000+0000",,,,,,,,,21,24,25,september,2,thursday,2026,local,,,,,,automation,,,,,"weather_index_report",,,,,,,1,,,,,,,,"__::__[]:_()__(_-_-_>_//_&&_-__)",,,,"weather-data (1)","weather_data",automation,,,,,16,,0,,,,,,
,,,,"Sep 24 21:17:01 automation CRON[19504]: (root) CMD (   cd / && run-parts --report /etc/cron.hourly)","2026-09-24T21:17:01.000+0000",,,,,,,,,21,24,17,september,1,thursday,2026,local,,,,,,automation,,,,,"weather_index_report",,,,,,,1,,,,,,,,"__::__[]:_()__(____/_&&_-_--_//.)",,,,"weather-data (1)","weather_data",automation,,,,,16,,0,,,,,,
,,,,"Sep 24 21:17:01 automation CRON[19504]: (root) CMD (   cd / && run-parts --report /etc/cron.hourly)","2026-09-24T21:17:01.000+0000",,,,,,,,,21,24,17,september,1,thursday,2026,local,,,,,,automation,,,,,"weather_index_report",,,,,,,1,,,,,,,,"__::__[]:_()__(____/_&&_-_--_//.)",,,,"weather-data (1)","weather_data",automation,,,,,16,,0,,,,,,
,,,,"Sep 24 21:15:01 automation CRON[19501]: (root) CMD (command -v debian-sa1 > /dev/null && debian-sa1 1 1)","2026-09-24T21:15:01.000+0000",,,,,,,,,21,24,15,september,1,thursday,2026,local,,,,,,automation,,,,,"weather_index_report",,,,,,,1,,,,,,,,"__::__[]:_()__(_-_-_>_//_&&_-__)",,,,"weather-data (1)","weather_data",automation,,,,,16,,0,,,,,,
,,,,"Sep 24 21:15:01 automation CRON[19501]: (root) CMD (command -v debian-sa1 > /dev/null && debian-sa1 1 1)","2026-09-24T21:15:01.000+0000",,,,,,,,,21,24,15,september,1,thursday,2026,local,,,,,,automation,,,,,"weather_index_report",,,,,,,1,,,,,,,,"__::__[]:_()__(_-_-_>_//_&&_-__)",,,,"weather-data (1)","weather_data",automation,,,,,16,,0,,,,,,
,,,,"Sep 24 21:05:01 automation CRON[19495]: (root) CMD (command -v debian-sa1 > /dev/null && debian-sa1 1 1)","2026-09-24T21:05:01.000+0000",,,,,,,,,21,24,5,september,1,thursday,2026,local,,,,,,automation,,,,,"weather_index_report",,,,,,,1,,,,,,,,"__::__[]:_()__(_-_-_>_//_&&_-__)",,,,"weather-data (1)","weather_data",automation,,,,,16,,0,,,,,,
,,,,"Sep 24 21:05:01 automation CRON[19495]: (root) CMD (command -v debian-sa1 > /dev/null && debian-sa1 1 1)","2026-09-24T21:05:01.000+0000",,,,,,,,,21,24,5,september,1,thursday,2026,local,,,,,,automation,,,,,"weather_index_report",,,,,,,1,,,,,,,,"__::__[]:_()__(_-_-_>_//_&&_-__)",,,,"weather-data (1)","weather_data",automation,,,,,16,,0,,,,,,
,,,,"Sep 24 21:03:36 automation grafana-agent[1126]: ts=2024-09-24T21:03:36.467238921Z caller=cleaner.go:203 level=warn agent=prometheus component=cleaner msg=""unable to find segment mtime of WAL"" name=/var/lib/grafana-agent/.cache err=""unable to open WAL: open /var/lib/grafana-agent/.cache/wal: no such file or directory""","2026-09-24T21:03:36.000+0000",prometheus,,,,"cleaner.go:203",,cleaner,,21,24,3,september,36,thursday,2026,local,,"unable to open WAL: open /var/lib/grafana-agent/.cache/wal: no such file or directory",,,,automation,,,,,"weather_index_report",,,,,,warn,1,,,,"unable to find segment mtime of WAL","/var/lib/grafana-agent/.cache",,,"__::__-[]:_=--::._=.:_=_=_=_=""______""_=///-/._=""__",,,,"weather-data (1)","weather_data",automation,,,,,16,,0,"2024-09-24T21:03:36.467238921Z",,,,,
,,,,"Sep 24 21:03:36 automation grafana-agent[1126]: ts=2024-09-24T21:03:36.467238921Z caller=cleaner.go:203 level=warn agent=prometheus component=cleaner msg=""unable to find segment mtime of WAL"" name=/var/lib/grafana-agent/.cache err=""unable to open WAL: open /var/lib/grafana-agent/.cache/wal: no such file or directory""","2026-09-24T21:03:36.000+0000",prometheus,,,,"cleaner.go:203",,cleaner,,21,24,3,september,36,thursday,2026,local,,"unable to open WAL: open /var/lib/grafana-agent/.cache/wal: no such file or directory",,,,automation,,,,,"weather_index_report",,,,,,warn,1,,,,"unable to find segment mtime of WAL","/var/lib/grafana-agent/.cache",,,"__::__-[]:_=--::._=.:_=_=_=_=""______""_=///-/._=""__",,,,"weather-data (1)","weather_data",automation,,,,,16,,0,"2024-09-24T21:03:36.467238921Z",,,,,
,,,,"Sep 24 21:00:00 automation systemd-timesyncd[740]: Synchronized to time server [2620:2d:4000:1::40]:123 (ntp.ubuntu.com).","2026-09-24T21:00:00.000+0000",,,,,,,,,21,24,0,september,0,thursday,2026,local,,,,,,automation,,,,,"weather_index_report",,,,,,,1,,,,,,,,"__::__-[]:_____[:::::]:_(..).",,,,"weather-data (1)","weather_data",automation,,,,,16,,0,,,,,,
,,,,"Sep 24 21:00:00 automation systemd-timesyncd[740]: Network configuration changed, trying to establish connection.","2026-09-24T21:00:00.000+0000",,,,,,,,,21,24,0,september,0,thursday,2026,local,,,,,,automation,,,,,"weather_index_report",,,,,,,1,,,,,,,,"__::__-[]:___,____.",,,,"weather-data (1)","weather_data",automation,,,,,16,,0,,,,,,
,,,,"Sep 24 21:00:00 automation systemd-networkd[940]: enp0s3: Configured","2026-09-24T21:00:00.000+0000",,,,,,,,,21,24,0,september,0,thursday,2026,local,,,,,,automation,,,,,"weather_index_report",,,,,,,1,,,,,,,,"__::__-[]:_:_",,,,"weather-data (1)","weather_data",automation,,,,,16,,0,,,,,,
,,,,"Sep 24 21:00:00 automation systemd-networkd[940]: enp0s3: DHCPv4 address 192.168.0.18/24 via 192.168.0.1","2026-09-24T21:00:00.000+0000",,,,,,,,,21,24,0,september,0,thursday,2026,local,,,,,,automation,,,,,"weather_index_report",,,,,,,1,,,,,,,,"__::__-[]:_:___.../__...",,,,"weather-data (1)","weather_data",automation,,,,,16,,0,,,,,,
,,,,"Sep 24 21:00:00 automation systemd[1]: Started Hostname Service.","2026-09-24T21:00:00.000+0000",,,,,,,,,21,24,0,september,0,thursday,2026,local,,,,,,automation,,,,,"weather_index_report",,,,,,,1,,,,,,,,"__::__[]:___.",,,,"weather-data (1)","weather_data",automation,,,,,16,,0,,,,,,
,,,,"Sep 24 21:00:00 automation dbus-daemon[1060]: [system] Successfully activated service 'org.freedesktop.hostname1'","2026-09-24T21:00:00.000+0000",,,,,,,,,21,24,0,september,0,thursday,2026,local,,,,,,automation,,,,,"weather_index_report",,,,,,,1,,,,,,,,"__::__-[]:_[]____'..'",,,,"weather-data (1)","weather_data",automation,,,,,16,,0,,,,,,
,,,,"Sep 24 21:00:00 automation systemd-timesyncd[740]: Synchronized to time server [2620:2d:4000:1::40]:123 (ntp.ubuntu.com).","2026-09-24T21:00:00.000+0000",,,,,,,,,21,24,0,september,0,thursday,2026,local,,,,,,automation,,,,,"weather_index_report",,,,,,,1,,,,,,,,"__::__-[]:_____[:::::]:_(..).",,,,"weather-data (1)","weather_data",automation,,,,,16,,0,,,,,,
,,,,"Sep 24 21:00:00 automation systemd[1]: Starting Hostname Service...","2026-09-24T21:00:00.000+0000",,,,,,,,,21,24,0,september,0,thursday,2026,local,,,,,,automation,,,,,"weather_index_report",,,,,,,1,,,,,,,,"__::__[]:___...",,,,"weather-data (1)","weather_data",automation,,,,,16,,0,,,,,,
,,,,"Sep 24 21:00:00 automation systemd-timesyncd[740]: Network configuration changed, trying to establish connection.","2026-09-24T21:00:00.000+0000",,,,,,,,,21,24,0,september,0,thursday,2026,local,,,,,,automation,,,,,"weather_index_report",,,,,,,1,,,,,,,,"__::__-[]:___,____.",,,,"weather-data (1)","weather_data",automation,,,,,16,,0,,,,,,
,,,,"Sep 24 21:00:00 automation dbus-daemon[1060]: [system] Activating via systemd: service name='org.freedesktop.hostname1' unit='dbus-org.freedesktop.hostname1.service' requested by ':1.2' (uid=100 pid=940 comm=""/lib/systemd/systemd-networkd "" label=""unconfined"")","2026-09-24T21:00:00.000+0000",,,,,,"/lib/systemd/systemd-networkd",,,21,24,0,september,0,thursday,2026,local,,,,,,automation,,,,,"weather_index_report",,unconfined,,,,,1,,,,,"'org.freedesktop.hostname1'",940,,"__::__-[]:_[]___:__='..'_='-...'___':.'_(=_=_=""///",,,,"weather-data (1)","weather_data",automation,,,,,16,,0,,100,"'dbus-org.freedesktop.hostname1.service'",,,
,,,,"Sep 24 21:00:00 automation systemd-networkd[940]: enp0s3: DHCP lease lost","2026-09-24T21:00:00.000+0000",,,,,,,,,21,24,0,september,0,thursday,2026,local,,,,,,automation,,,,,"weather_index_report",,,,,,,1,,,,,,,,"__::__-[]:_:___",,,,"weather-data (1)","weather_data",automation,,,,,16,,0,,,,,,
,,,,"Sep 24 21:00:00 automation systemd-timesyncd[740]: Synchronized to time server [2620:2d:4000:1::40]:123 (ntp.ubuntu.com).","2026-09-24T21:00:00.000+0000",,,,,,,,,21,24,0,september,0,thursday,2026,local,,,,,,automation,,,,,"weather_index_report",,,,,,,1,,,,,,,,"__::__-[]:_____[:::::]:_(..).",,,,"weather-data (1)","weather_data",automation,,,,,16,,0,,,,,,
,,,,"Sep 24 21:00:00 automation systemd-timesyncd[740]: Network configuration changed, trying to establish connection.","2026-09-24T21:00:00.000+0000",,,,,,,,,21,24,0,september,0,thursday,2026,local,,,,,,automation,,,,,"weather_index_report",,,,,,,1,,,,,,,,"__::__-[]:___,____.",,,,"weather-data (1)","weather_data",automation,,,,,16,,0,,,,,,
,,,,"Sep 24 21:00:00 automation systemd-networkd[940]: enp0s3: Configured","2026-09-24T21:00:00.000+0000",,,,,,,,,21,24,0,september,0,thursday,2026,local,,,,,,automation,,,,,"weather_index_report",,,,,,,1,,,,,,,,"__::__-[]:_:_",,,,"weather-data (1)","weather_data",automation,,,,,16,,0,,,,,,
,,,,"Sep 24 21:00:00 automation systemd-networkd[940]: enp0s3: DHCPv4 address 192.168.0.18/24 via 192.168.0.1","2026-09-24T21:00:00.000+0000",,,,,,,,,21,24,0,september,0,thursday,2026,local,,,,,,automation,,,,,"weather_index_report",,,,,,,1,,,,,,,,"__::__-[]:_:___.../__...",,,,"weather-data (1)","weather_data",automation,,,,,16,,0,,,,,,
,,,,"Sep 24 21:00:00 automation systemd[1]: Started Hostname Service.","2026-09-24T21:00:00.000+0000",,,,,,,,,21,24,0,september,0,thursday,2026,local,,,,,,automation,,,,,"weather_index_report",,,,,,,1,,,,,,,,"__::__[]:___.",,,,"weather-data (1)","weather_data",automation,,,,,16,,0,,,,,,
,,,,"Sep 24 21:00:00 automation dbus-daemon[1060]: [system] Successfully activated service 'org.freedesktop.hostname1'","2026-09-24T21:00:00.000+0000",,,,,,,,,21,24,0,september,0,thursday,2026,local,,,,,,automation,,,,,"weather_index_report",,,,,,,1,,,,,,,,"__::__-[]:_[]____'..'",,,,"weather-data (1)","weather_data",automation,,,,,16,,0,,,,,,
,,,,"Sep 24 21:00:00 automation systemd-timesyncd[740]: Synchronized to time server [2620:2d:4000:1::40]:123 (ntp.ubuntu.com).","2026-09-24T21:00:00.000+0000",,,,,,,,,21,24,0,september,0,thursday,2026,local,,,,,,automation,,,,,"weather_index_report",,,,,,,1,,,,,,,,"__::__-[]:_____[:::::]:_(..).",,,,"weather-data (1)","weather_data",automation,,,,,16,,0,,,,,,
,,,,"Sep 24 21:00:00 automation systemd[1]: Starting Hostname Service...","2026-09-24T21:00:00.000+0000",,,,,,,,,21,24,0,september,0,thursday,2026,local,,,,,,automation,,,,,"weather_index_report",,,,,,,1,,,,,,,,"__::__[]:___...",,,,"weather-data (1)","weather_data",automation,,,,,16,,0,,,,,,
,,,,"Sep 24 21:00:00 automation systemd-timesyncd[740]: Network configuration changed, trying to establish connection.","2026-09-24T21:00:00.000+0000",,,,,,,,,21,24,0,september,0,thursday,2026,local,,,,,,automation,,,,,"weather_index_report",,,,,,,1,,,,,,,,"__::__-[]:___,____.",,,,"weather-data (1)","weather_data",automation,,,,,16,,0,,,,,,
,,,,"Sep 24 21:00:00 automation dbus-daemon[1060]: [system] Activating via systemd: service name='org.freedesktop.hostname1' unit='dbus-org.freedesktop.hostname1.service' requested by ':1.2' (uid=100 pid=940 comm=""/lib/systemd/systemd-networkd "" label=""unconfined"")","2026-09-24T21:00:00.000+0000",,,,,,"/lib/systemd/systemd-networkd",,,21,24,0,september,0,thursday,2026,local,,,,,,automation,,,,,"weather_index_report",,unconfined,,,,,1,,,,,"'org.freedesktop.hostname1'",940,,"__::__-[]:_[]___:__='..'_='-...'___':.'_(=_=_=""///",,,,"weather-data (1)","weather_data",automation,,,,,16,,0,,100,"'dbus-org.freedesktop.hostname1.service'",,,
,,,,"Sep 24 21:00:00 automation systemd-networkd[940]: enp0s3: DHCP lease lost","2026-09-24T21:00:00.000+0000",,,,,,,,,21,24,0,september,0,thursday,2026,local,,,,,,automation,,,,,"weather_index_report",,,,,,,1,,,,,,,,"__::__-[]:_:___",,,,"weather-data (1)","weather_data",automation,,,,,16,,0,,,,,,
,,,,"Sep 24 20:55:01 automation CRON[19450]: (root) CMD (command -v debian-sa1 > /dev/null && debian-sa1 1 1)","2026-09-24T20:55:01.000+0000",,,,,,,,,20,24,55,september,1,thursday,2026,local,,,,,,automation,,,,,"weather_index_report",,,,,,,1,,,,,,,,"__::__[]:_()__(_-_-_>_//_&&_-__)",,,,"weather-data (1)","weather_data",automation,,,,,16,,0,,,,,,
,,,,"Sep 24 20:55:01 automation CRON[19450]: (root) CMD (command -v debian-sa1 > /dev/null && debian-sa1 1 1)","2026-09-24T20:55:01.000+0000",,,,,,,,,20,24,55,september,1,thursday,2026,local,,,,,,automation,,,,,"weather_index_report",,,,,,,1,,,,,,,,"__::__[]:_()__(_-_-_>_//_&&_-__)",,,,"weather-data (1)","weather_data",automation,,,,,16,,0,,,,,,
,,,,"Sep 24 20:45:01 automation CRON[19445]: (root) CMD (command -v debian-sa1 > /dev/null && debian-sa1 1 1)","2026-09-24T20:45:01.000+0000",,,,,,,,,20,24,45,september,1,thursday,2026,local,,,,,,automation,,,,,"weather_index_report",,,,,,,1,,,,,,,,"__::__[]:_()__(_-_-_>_//_&&_-__)",,,,"weather-data (1)","weather_data",automation,,,,,16,,0,,,,,,
,,,,"Sep 24 20:45:01 automation CRON[19445]: (root) CMD (command -v debian-sa1 > /dev/null && debian-sa1 1 1)","2026-09-24T20:45:01.000+0000",,,,,,,,,20,24,45,september,1,thursday,2026,local,,,,,,automation,,,,,"weather_index_report",,,,,,,1,,,,,,,,"__::__[]:_()__(_-_-_>_//_&&_-__)",,,,"weather-data (1)","weather_data",automation,,,,,16,,0,,,,,,
,,,,"Sep 24 20:35:01 automation CRON[19440]: (root) CMD (command -v debian-sa1 > /dev/null && debian-sa1 1 1)","2026-09-24T20:35:01.000+0000",,,,,,,,,20,24,35,september,1,thursday,2026,local,,,,,,automation,,,,,"weather_index_report",,,,,,,1,,,,,,,,"__::__[]:_()__(_-_-_>_//_&&_-__)",,,,"weather-data (1)","weather_data",automation,,,,,16,,0,,,,,,
,,,,"Sep 24 20:35:01 automation CRON[19440]: (root) CMD (command -v debian-sa1 > /dev/null && debian-sa1 1 1)","2026-09-24T20:35:01.000+0000",,,,,,,,,20,24,35,september,1,thursday,2026,local,,,,,,automation,,,,,"weather_index_report",,,,,,,1,,,,,,,,"__::__[]:_()__(_-_-_>_//_&&_-__)",,,,"weather-data (1)","weather_data",automation,,,,,16,,0,,,,,,
,,,,"Sep 24 20:33:36 automation grafana-agent[1126]: ts=2024-09-24T20:33:36.471026333Z caller=cleaner.go:203 level=warn agent=prometheus component=cleaner msg=""unable to find segment mtime of WAL"" name=/var/lib/grafana-agent/.cache err=""unable to open WAL: open /var/lib/grafana-agent/.cache/wal: no such file or directory""","2026-09-24T20:33:36.000+0000",prometheus,,,,"cleaner.go:203",,cleaner,,20,24,33,september,36,thursday,2026,local,,"unable to open WAL: open /var/lib/grafana-agent/.cache/wal: no such file or directory",,,,automation,,,,,"weather_index_report",,,,,,warn,1,,,,"unable to find segment mtime of WAL","/var/lib/grafana-agent/.cache",,,"__::__-[]:_=--::._=.:_=_=_=_=""______""_=///-/._=""__",,,,"weather-data (1)","weather_data",automation,,,,,16,,0,"2024-09-24T20:33:36.471026333Z",,,,,
,,,,"Sep 24 20:33:36 automation grafana-agent[1126]: ts=2024-09-24T20:33:36.471026333Z caller=cleaner.go:203 level=warn agent=prometheus component=cleaner msg=""unable to find segment mtime of WAL"" name=/var/lib/grafana-agent/.cache err=""unable to open WAL: open /var/lib/grafana-agent/.cache/wal: no such file or directory""","2026-09-24T20:33:36.000+0000",prometheus,,,,"cleaner.go:203",,cleaner,,20,24,33,september,36,thursday,2026,local,,"unable to open WAL: open /var/lib/grafana-agent/.cache/wal: no such file or directory",,,,automation,,,,,"weather_index_report",,,,,,warn,1,,,,"unable to find segment mtime of WAL","/var/lib/grafana-agent/.cache",,,"__::__-[]:_=--::._=.:_=_=_=_=""______""_=///-/._=""__",,,,"weather-data (1)","weather_data",automation,,,,,16,,0,"2024-09-24T20:33:36.471026333Z",,,,,
,,,,"Sep 24 20:25:01 automation CRON[19435]: (root) CMD (command -v debian-sa1 > /dev/null && debian-sa1 1 1)","2026-09-24T20:25:01.000+0000",,,,,,,,,20,24,25,september,1,thursday,2026,local,,,,,,automation,,,,,"weather_index_report",,,,,,,1,,,,,,,,"__::__[]:_()__(_-_-_>_//_&&_-__)",,,,"weather-data (1)","weather_data",automation,,,,,16,,0,,,,,,
,,,,"Sep 24 20:25:01 automation CRON[19435]: (root) CMD (command -v debian-sa1 > /dev/null && debian-sa1 1 1)","2026-09-24T20:25:01.000+0000",,,,,,,,,20,24,25,september,1,thursday,2026,local,,,,,,automation,,,,,"weather_index_report",,,,,,,1,,,,,,,,"__::__[]:_()__(_-_-_>_//_&&_-__)",,,,"weather-data (1)","weather_data",automation,,,,,16,,0,,,,,,
,,,,"Sep 24 20:17:01 automation CRON[19430]: (root) CMD (   cd / && run-parts --report /etc/cron.hourly)","2026-09-24T20:17:01.000+0000",,,,,,,,,20,24,17,september,1,thursday,2026,local,,,,,,automation,,,,,"weather_index_report",,,,,,,1,,,,,,,,"__::__[]:_()__(____/_&&_-_--_//.)",,,,"weather-data (1)","weather_data",automation,,,,,16,,0,,,,,,
,,,,"Sep 24 20:17:01 automation CRON[19430]: (root) CMD (   cd / && run-parts --report /etc/cron.hourly)","2026-09-24T20:17:01.000+0000",,,,,,,,,20,24,17,september,1,thursday,2026,local,,,,,,automation,,,,,"weather_index_report",,,,,,,1,,,,,,,,"__::__[]:_()__(____/_&&_-_--_//.)",,,,"weather-data (1)","weather_data",automation,,,,,16,,0,,,,,,
,,,,"Sep 24 20:15:01 automation CRON[19427]: (root) CMD (command -v debian-sa1 > /dev/null && debian-sa1 1 1)","2026-09-24T20:15:01.000+0000",,,,,,,,,20,24,15,september,1,thursday,2026,local,,,,,,automation,,,,,"weather_index_report",,,,,,,1,,,,,,,,"__::__[]:_()__(_-_-_>_//_&&_-__)",,,,"weather-data (1)","weather_data",automation,,,,,16,,0,,,,,,
,,,,"Sep 24 20:15:01 automation CRON[19427]: (root) CMD (command -v debian-sa1 > /dev/null && debian-sa1 1 1)","2026-09-24T20:15:01.000+0000",,,,,,,,,20,24,15,september,1,thursday,2026,local,,,,,,automation,,,,,"weather_index_report",,,,,,,1,,,,,,,,"__::__[]:_()__(_-_-_>_//_&&_-__)",,,,"weather-data (1)","weather_data",automation,,,,,16,,0,,,,,,
,,,,"Sep 24 20:14:39 automation systemd[1]: Started Ubuntu Advantage Timer for running repeated jobs.","2026-09-24T20:14:39.000+0000",,,,,,,,,20,24,14,september,39,thursday,2026,local,,,,,,automation,,,,,"weather_index_report",,,,,,,1,,,,,,,,"__::__[]:________.",,,,"weather-data (1)","weather_data",automation,,,,,16,,0,,,,,,
,,,,"Sep 24 20:14:39 automation systemd[1]: Starting Ubuntu Advantage Timer for running repeated jobs...","2026-09-24T20:14:39.000+0000",,,,,,,,,20,24,14,september,39,thursday,2026,local,,,,,,automation,,,,,"weather_index_report",,,,,,,1,,,,,,,,"__::__[]:________...",,,,"weather-data (1)","weather_data",automation,,,,,16,,0,,,,,,
,,,,"Sep 24 20:14:39 automation systemd[1]: Started Ubuntu Advantage Timer for running repeated jobs.","2026-09-24T20:14:39.000+0000",,,,,,,,,20,24,14,september,39,thursday,2026,local,,,,,,automation,,,,,"weather_index_report",,,,,,,1,,,,,,,,"__::__[]:________.",,,,"weather-data (1)","weather_data",automation,,,,,16,,0,,,,,,
,,,,"Sep 24 20:14:39 automation systemd[1]: Starting Ubuntu Advantage Timer for running repeated jobs...","2026-09-24T20:14:39.000+0000",,,,,,,,,20,24,14,september,39,thursday,2026,local,,,,,,automation,,,,,"weather_index_report",,,,,,,1,,,,,,,,"__::__[]:________...",,,,"weather-data (1)","weather_data",automation,,,,,16,,0,,,,,,
,,,,"Sep 24 20:05:01 automation CRON[19379]: (root) CMD (command -v debian-sa1 > /dev/null && debian-sa1 1 1)","2026-09-24T20:05:01.000+0000",,,,,,,,,20,24,5,september,1,thursday,2026,local,,,,,,automation,,,,,"weather_index_report",,,,,,,1,,,,,,,,"__::__[]:_()__(_-_-_>_//_&&_-__)",,,,"weather-data (1)","weather_data",automation,,,,,16,,0,,,,,,
,,,,"Sep 24 20:05:01 automation CRON[19379]: (root) CMD (command -v debian-sa1 > /dev/null && debian-sa1 1 1)","2026-09-24T20:05:01.000+0000",,,,,,,,,20,24,5,september,1,thursday,2026,local,,,,,,automation,,,,,"weather_index_report",,,,,,,1,,,,,,,,"__::__[]:_()__(_-_-_>_//_&&_-__)",,,,"weather-data (1)","weather_data",automation,,,,,16,,0,,,,,,
,,,,"Sep 24 20:03:36 automation grafana-agent[1126]: ts=2024-09-24T20:03:36.477144791Z caller=cleaner.go:203 level=warn agent=prometheus component=cleaner msg=""unable to find segment mtime of WAL"" name=/var/lib/grafana-agent/.cache err=""unable to open WAL: open /var/lib/grafana-agent/.cache/wal: no such file or directory""","2026-09-24T20:03:36.000+0000",prometheus,,,,"cleaner.go:203",,cleaner,,20,24,3,september,36,thursday,2026,local,,"unable to open WAL: open /var/lib/grafana-agent/.cache/wal: no such file or directory",,,,automation,,,,,"weather_index_report",,,,,,warn,1,,,,"unable to find segment mtime of WAL","/var/lib/grafana-agent/.cache",,,"__::__-[]:_=--::._=.:_=_=_=_=""______""_=///-/._=""__",,,,"weather-data (1)","weather_data",automation,,,,,16,,0,"2024-09-24T20:03:36.477144791Z",,,,,
,,,,"Sep 24 20:03:36 automation grafana-agent[1126]: ts=2024-09-24T20:03:36.477144791Z caller=cleaner.go:203 level=warn agent=prometheus component=cleaner msg=""unable to find segment mtime of WAL"" name=/var/lib/grafana-agent/.cache err=""unable to open WAL: open /var/lib/grafana-agent/.cache/wal: no such file or directory""","2026-09-24T20:03:36.000+0000",prometheus,,,,"cleaner.go:203",,cleaner,,20,24,3,september,36,thursday,2026,local,,"unable to open WAL: open /var/lib/grafana-agent/.cache/wal: no such file or directory",,,,automation,,,,,"weather_index_report",,,,,,warn,1,,,,"unable to find segment mtime of WAL","/var/lib/grafana-agent/.cache",,,"__::__-[]:_=--::._=.:_=_=_=_=""______""_=///-/._=""__",,,,"weather-data (1)","weather_data",automation,,,,,16,,0,"2024-09-24T20:03:36.477144791Z",,,,,
,,,,"Sep 24 20:00:00 automation systemd[1]: Started Hostname Service.","2026-09-24T20:00:00.000+0000",,,,,,,,,20,24,0,september,0,thursday,2026,local,,,,,,automation,,,,,"weather_index_report",,,,,,,1,,,,,,,,"__::__[]:___.",,,,"weather-data (1)","weather_data",automation,,,,,16,,0,,,,,,
,,,,"Sep 24 20:00:00 automation dbus-daemon[1060]: [system] Successfully activated service 'org.freedesktop.hostname1'","2026-09-24T20:00:00.000+0000",,,,,,,,,20,24,0,september,0,thursday,2026,local,,,,,,automation,,,,,"weather_index_report",,,,,,,1,,,,,,,,"__::__-[]:_[]____'..'",,,,"weather-data (1)","weather_data",automation,,,,,16,,0,,,,,,
,,,,"Sep 24 20:00:00 automation systemd-timesyncd[740]: Synchronized to time server [2620:2d:4000:1::40]:123 (ntp.ubuntu.com).","2026-09-24T20:00:00.000+0000",,,,,,,,,20,24,0,september,0,thursday,2026,local,,,,,,automation,,,,,"weather_index_report",,,,,,,1,,,,,,,,"__::__-[]:_____[:::::]:_(..).",,,,"weather-data (1)","weather_data",automation,,,,,16,,0,,,,,,
,,,,"Sep 24 20:00:00 automation systemd-networkd[940]: enp0s3: Configured","2026-09-24T20:00:00.000+0000",,,,,,,,,20,24,0,september,0,thursday,2026,local,,,,,,automation,,,,,"weather_index_report",,,,,,,1,,,,,,,,"__::__-[]:_:_",,,,"weather-data (1)","weather_data",automation,,,,,16,,0,,,,,,
,,,,"Sep 24 20:00:00 automation systemd-networkd[940]: enp0s3: DHCPv4 address 192.168.0.18/24 via 192.168.0.1","2026-09-24T20:00:00.000+0000",,,,,,,,,20,24,0,september,0,thursday,2026,local,,,,,,automation,,,,,"weather_index_report",,,,,,,1,,,,,,,,"__::__-[]:_:___.../__...",,,,"weather-data (1)","weather_data",automation,,,,,16,,0,,,,,,
,,,,"Sep 24 20:00:00 automation systemd[1]: Starting Hostname Service...","2026-09-24T20:00:00.000+0000",,,,,,,,,20,24,0,september,0,thursday,2026,local,,,,,,automation,,,,,"weather_index_report",,,,,,,1,,,,,,,,"__::__[]:___...",,,,"weather-data (1)","weather_data",automation,,,,,16,,0,,,,,,
,,,,"Sep 24 20:00:00 automation systemd-timesyncd[740]: Network configuration changed, trying to establish connection.","2026-09-24T20:00:00.000+0000",,,,,,,,,20,24,0,september,0,thursday,2026,local,,,,,,automation,,,,,"weather_index_report",,,,,,,1,,,,,,,,"__::__-[]:___,____.",,,,"weather-data (1)","weather_data",automation,,,,,16,,0,,,,,,
,,,,"Sep 24 20:00:00 automation dbus-daemon[1060]: [system] Activating via systemd: service name='org.freedesktop.hostname1' unit='dbus-org.freedesktop.hostname1.service' requested by ':1.2' (uid=100 pid=940 comm=""/lib/systemd/systemd-networkd "" label=""unconfined"")","2026-09-24T20:00:00.000+0000",,,,,,"/lib/systemd/systemd-networkd",,,20,24,0,september,0,thursday,2026,local,,,,,,automation,,,,,"weather_index_report",,unconfined,,,,,1,,,,,"'org.freedesktop.hostname1'",940,,"__::__-[]:_[]___:__='..'_='-...'___':.'_(=_=_=""///",,,,"weather-data (1)","weather_data",automation,,,,,16,,0,,100,"'dbus-org.freedesktop.hostname1.service'",,,
,,,,"Sep 24 20:00:00 automation systemd-networkd[940]: enp0s3: DHCP lease lost","2026-09-24T20:00:00.000+0000",,,,,,,,,20,24,0,september,0,thursday,2026,local,,,,,,automation,,,,,"weather_index_report",,,,,,,1,,,,,,,,"__::__-[]:_:___",,,,"weather-data (1)","weather_data",automation,,,,,16,,0,,,,,,
,,,,"Sep 24 20:00:00 automation systemd[1]: Started Hostname Service.","2026-09-24T20:00:00.000+0000",,,,,,,,,20,24,0,september,0,thursday,2026,local,,,,,,automation,,,,,"weather_index_report",,,,,,,1,,,,,,,,"__::__[]:___.",,,,"weather-data (1)","weather_data",automation,,,,,16,,0,,,,,,
,,,,"Sep 24 20:00:00 automation dbus-daemon[1060]: [system] Successfully activated service 'org.freedesktop.hostname1'","2026-09-24T20:00:00.000+0000",,,,,,,,,20,24,0,september,0,thursday,2026,local,,,,,,automation,,,,,"weather_index_report",,,,,,,1,,,,,,,,"__::__-[]:_[]____'..'",,,,"weather-data (1)","weather_data",automation,,,,,16,,0,,,,,,
,,,,"Sep 24 20:00:00 automation systemd-timesyncd[740]: Synchronized to time server [2620:2d:4000:1::40]:123 (ntp.ubuntu.com).","2026-09-24T20:00:00.000+0000",,,,,,,,,20,24,0,september,0,thursday,2026,local,,,,,,automation,,,,,"weather_index_report",,,,,,,1,,,,,,,,"__::__-[]:_____[:::::]:_(..).",,,,"weather-data (1)","weather_data",automation,,,,,16,,0,,,,,,
,,,,"Sep 24 20:00:00 automation systemd-networkd[940]: enp0s3: Configured","2026-09-24T20:00:00.000+0000",,,,,,,,,20,24,0,september,0,thursday,2026,local,,,,,,automation,,,,,"weather_index_report",,,,,,,1,,,,,,,,"__::__-[]:_:_",,,,"weather-data (1)","weather_data",automation,,,,,16,,0,,,,,,
,,,,"Sep 24 20:00:00 automation systemd-networkd[940]: enp0s3: DHCPv4 address 192.168.0.18/24 via 192.168.0.1","2026-09-24T20:00:00.000+0000",,,,,,,,,20,24,0,september,0,thursday,2026,local,,,,,,automation,,,,,"weather_index_report",,,,,,,1,,,,,,,,"__::__-[]:_:___.../__...",,,,"weather-data (1)","weather_data",automation,,,,,16,,0,,,,,,
,,,,"Sep 24 20:00:00 automation systemd[1]: Starting Hostname Service...","2026-09-24T20:00:00.000+0000",,,,,,,,,20,24,0,september,0,thursday,2026,local,,,,,,automation,,,,,"weather_index_report",,,,,,,1,,,,,,,,"__::__[]:___...",,,,"weather-data (1)","weather_data",automation,,,,,16,,0,,,,,,
,,,,"Sep 24 20:00:00 automation systemd-timesyncd[740]: Network configuration changed, trying to establish connection.","2026-09-24T20:00:00.000+0000",,,,,,,,,20,24,0,september,0,thursday,2026,local,,,,,,automation,,,,,"weather_index_report",,,,,,,1,,,,,,,,"__::__-[]:___,____.",,,,"weather-data (1)","weather_data",automation,,,,,16,,0,,,,,,
,,,,"Sep 24 20:00:00 automation dbus-daemon[1060]: [system] Activating via systemd: service name='org.freedesktop.hostname1' unit='dbus-org.freedesktop.hostname1.service' requested by ':1.2' (uid=100 pid=940 comm=""/lib/systemd/systemd-networkd "" label=""unconfined"")","2026-09-24T20:00:00.000+0000",,,,,,"/lib/systemd/systemd-networkd",,,20,24,0,september,0,thursday,2026,local,,,,,,automation,,,,,"weather_index_report",,unconfined,,,,,1,,,,,"'org.freedesktop.hostname1'",940,,"__::__-[]:_[]___:__='..'_='-...'___':.'_(=_=_=""///",,,,"weather-data (1)","weather_data",automation,,,,,16,,0,,100,"'dbus-org.freedesktop.hostname1.service'",,,
,,,,"Sep 24 20:00:00 automation systemd-networkd[940]: enp0s3: DHCP lease lost","2026-09-24T20:00:00.000+0000",,,,,,,,,20,24,0,september,0,thursday,2026,local,,,,,,automation,,,,,"weather_index_report",,,,,,,1,,,,,,,,"__::__-[]:_:___",,,,"weather-data (1)","weather_data",automation,,,,,16,,0,,,,,,
,,,,"Sep 24 19:55:01 automation CRON[19335]: (root) CMD (command -v debian-sa1 > /dev/null && debian-sa1 1 1)","2026-09-24T19:55:01.000+0000",,,,,,,,,19,24,55,september,1,thursday,2026,local,,,,,,automation,,,,,"weather_index_report",,,,,,,1,,,,,,,,"__::__[]:_()__(_-_-_>_//_&&_-__)",,,,"weather-data (1)","weather_data",automation,,,,,16,,0,,,,,,
,,,,"Sep 24 19:55:01 automation CRON[19335]: (root) CMD (command -v debian-sa1 > /dev/null && debian-sa1 1 1)","2026-09-24T19:55:01.000+0000",,,,,,,,,19,24,55,september,1,thursday,2026,local,,,,,,automation,,,,,"weather_index_report",,,,,,,1,,,,,,,,"__::__[]:_()__(_-_-_>_//_&&_-__)",,,,"weather-data (1)","weather_data",automation,,,,,16,,0,,,,,,
,,,,"Sep 24 19:45:01 automation CRON[19328]: (root) CMD (command -v debian-sa1 > /dev/null && debian-sa1 1 1)","2026-09-24T19:45:01.000+0000",,,,,,,,,19,24,45,september,1,thursday,2026,local,,,,,,automation,,,,,"weather_index_report",,,,,,,1,,,,,,,,"__::__[]:_()__(_-_-_>_//_&&_-__)",,,,"weather-data (1)","weather_data",automation,,,,,16,,0,,,,,,
,,,,"Sep 24 19:45:01 automation CRON[19328]: (root) CMD (command -v debian-sa1 > /dev/null && debian-sa1 1 1)","2026-09-24T19:45:01.000+0000",,,,,,,,,19,24,45,september,1,thursday,2026,local,,,,,,automation,,,,,"weather_index_report",,,,,,,1,,,,,,,,"__::__[]:_()__(_-_-_>_//_&&_-__)",,,,"weather-data (1)","weather_data",automation,,,,,16,,0,,,,,,
,,,,"Sep 24 19:35:01 automation CRON[19322]: (root) CMD (command -v debian-sa1 > /dev/null && debian-sa1 1 1)","2026-09-24T19:35:01.000+0000",,,,,,,,,19,24,35,september,1,thursday,2026,local,,,,,,automation,,,,,"weather_index_report",,,,,,,1,,,,,,,,"__::__[]:_()__(_-_-_>_//_&&_-__)",,,,"weather-data (1)","weather_data",automation,,,,,16,,0,,,,,,
,,,,"Sep 24 19:35:01 automation CRON[19322]: (root) CMD (command -v debian-sa1 > /dev/null && debian-sa1 1 1)","2026-09-24T19:35:01.000+0000",,,,,,,,,19,24,35,september,1,thursday,2026,local,,,,,,automation,,,,,"weather_index_report",,,,,,,1,,,,,,,,"__::__[]:_()__(_-_-_>_//_&&_-__)",,,,"weather-data (1)","weather_data",automation,,,,,16,,0,,,,,,
,,,,"Sep 24 19:33:36 automation grafana-agent[1126]: ts=2024-09-24T19:33:36.489644656Z caller=cleaner.go:203 level=warn agent=prometheus component=cleaner msg=""unable to find segment mtime of WAL"" name=/var/lib/grafana-agent/.cache err=""unable to open WAL: open /var/lib/grafana-agent/.cache/wal: no such file or directory""","2026-09-24T19:33:36.000+0000",prometheus,,,,"cleaner.go:203",,cleaner,,19,24,33,september,36,thursday,2026,local,,"unable to open WAL: open /var/lib/grafana-agent/.cache/wal: no such file or directory",,,,automation,,,,,"weather_index_report",,,,,,warn,1,,,,"unable to find segment mtime of WAL","/var/lib/grafana-agent/.cache",,,"__::__-[]:_=--::._=.:_=_=_=_=""______""_=///-/._=""__",,,,"weather-data (1)","weather_data",automation,,,,,16,,0,"2024-09-24T19:33:36.489644656Z",,,,,
,,,,"Sep 24 19:33:36 automation grafana-agent[1126]: ts=2024-09-24T19:33:36.489644656Z caller=cleaner.go:203 level=warn agent=prometheus component=cleaner msg=""unable to find segment mtime of WAL"" name=/var/lib/grafana-agent/.cache err=""unable to open WAL: open /var/lib/grafana-agent/.cache/wal: no such file or directory""","2026-09-24T19:33:36.000+0000",prometheus,,,,"cleaner.go:203",,cleaner,,19,24,33,september,36,thursday,2026,local,,"unable to open WAL: open /var/lib/grafana-agent/.cache/wal: no such file or directory",,,,automation,,,,,"weather_index_report",,,,,,warn,1,,,,"unable to find segment mtime of WAL","/var/lib/grafana-agent/.cache",,,"__::__-[]:_=--::._=.:_=_=_=_=""______""_=///-/._=""__",,,,"weather-data (1)","weather_data",automation,,,,,16,,0,"2024-09-24T19:33:36.489644656Z",,,,,
,,,,"Sep 24 19:25:01 automation CRON[19317]: (root) CMD (command -v debian-sa1 > /dev/null && debian-sa1 1 1)","2026-09-24T19:25:01.000+0000",,,,,,,,,19,24,25,september,1,thursday,2026,local,,,,,,automation,,,,,"weather_index_report",,,,,,,1,,,,,,,,"__::__[]:_()__(_-_-_>_//_&&_-__)",,,,"weather-data (1)","weather_data",automation,,,,,16,,0,,,,,,
,,,,"Sep 24 19:25:01 automation CRON[19317]: (root) CMD (command -v debian-sa1 > /dev/null && debian-sa1 1 1)","2026-09-24T19:25:01.000+0000",,,,,,,,,19,24,25,september,1,thursday,2026,local,,,,,,automation,,,,,"weather_index_report",,,,,,,1,,,,,,,,"__::__[]:_()__(_-_-_>_//_&&_-__)",,,,"weather-data (1)","weather_data",automation,,,,,16,,0,,,,,,
,,,,"Sep 24 19:17:01 automation CRON[19312]: (root) CMD (   cd / && run-parts --report /etc/cron.hourly)","2026-09-24T19:17:01.000+0000",,,,,,,,,19,24,17,september,1,thursday,2026,local,,,,,,automation,,,,,"weather_index_report",,,,,,,1,,,,,,,,"__::__[]:_()__(____/_&&_-_--_//.)",,,,"weather-data (1)","weather_data",automation,,,,,16,,0,,,,,,
,,,,"Sep 24 19:17:01 automation CRON[19312]: (root) CMD (   cd / && run-parts --report /etc/cron.hourly)","2026-09-24T19:17:01.000+0000",,,,,,,,,19,24,17,september,1,thursday,2026,local,,,,,,automation,,,,,"weather_index_report",,,,,,,1,,,,,,,,"__::__[]:_()__(____/_&&_-_--_//.)",,,,"weather-data (1)","weather_data",automation,,,,,16,,0,,,,,,
,,,,"Sep 24 19:15:01 automation CRON[19309]: (root) CMD (command -v debian-sa1 > /dev/null && debian-sa1 1 1)","2026-09-24T19:15:01.000+0000",,,,,,,,,19,24,15,september,1,thursday,2026,local,,,,,,automation,,,,,"weather_index_report",,,,,,,1,,,,,,,,"__::__[]:_()__(_-_-_>_//_&&_-__)",,,,"weather-data (1)","weather_data",automation,,,,,16,,0,,,,,,
,,,,"Sep 24 19:15:01 automation CRON[19309]: (root) CMD (command -v debian-sa1 > /dev/null && debian-sa1 1 1)","2026-09-24T19:15:01.000+0000",,,,,,,,,19,24,15,september,1,thursday,2026,local,,,,,,automation,,,,,"weather_index_report",,,,,,,1,,,,,,,,"__::__[]:_()__(_-_-_>_//_&&_-__)",,,,"weather-data (1)","weather_data",automation,,,,,16,,0,,,,,,
,,,,"Sep 24 19:12:06 automation systemd[1]: Started Message of the Day.","2026-09-24T19:12:06.000+0000",,,,,,,,,19,24,12,september,6,thursday,2026,local,,,,,,automation,,,,,"weather_index_report",,,,,,,1,,,,,,,,"__::__[]:_____.",,,,"weather-data (1)","weather_data",automation,,,,,16,,0,,,,,,
,,,,"Sep 24 19:12:06 automation 50-motd-news[19250]:    https://ubuntu.com/engage/secure-kubernetes-at-the-edge","2026-09-24T19:12:06.000+0000",,,,,,,,,19,24,12,september,6,thursday,2026,local,,,,,,automation,,,,,"weather_index_report",,,,,,,1,,,,,,,,"__::__--[]:____://.//----",,,,"weather-data (1)","weather_data",automation,,,,,16,,0,,,,,,
,,,,"Sep 24 19:12:06 automation 50-motd-news[19250]:    just raised the bar for easy, resilient and secure K8s cluster deployment.","2026-09-24T19:12:06.000+0000",,,,,,,,,19,24,12,september,6,thursday,2026,local,,,,,,automation,,,,,"weather_index_report",,,,,,,1,,,,,,,,"__::__--[]:_________,______.",,,,"weather-data (1)","weather_data",automation,,,,,16,,0,,,,,,
,,,,"Sep 24 19:12:06 automation 50-motd-news[19250]:  * Strictly confined Kubernetes makes edge and IoT secure. Learn how MicroK8s","2026-09-24T19:12:06.000+0000",,,,,,,,,19,24,12,september,6,thursday,2026,local,,,,,,automation,,,,,"weather_index_report",,,,,,,1,,,,,,,,"__::__--[]:__*________.___",,,,"weather-data (1)","weather_data",automation,,,,,16,,0,,,,,,
,,,,"Sep 24 19:12:06 automation systemd[1]: Started Message of the Day.","2026-09-24T19:12:06.000+0000",,,,,,,,,19,24,12,september,6,thursday,2026,local,,,,,,automation,,,,,"weather_index_report",,,,,,,1,,,,,,,,"__::__[]:_____.",,,,"weather-data (1)","weather_data",automation,,,,,16,,0,,,,,,
,,,,"Sep 24 19:12:06 automation 50-motd-news[19250]:    https://ubuntu.com/engage/secure-kubernetes-at-the-edge","2026-09-24T19:12:06.000+0000",,,,,,,,,19,24,12,september,6,thursday,2026,local,,,,,,automation,,,,,"weather_index_report",,,,,,,1,,,,,,,,"__::__--[]:____://.//----",,,,"weather-data (1)","weather_data",automation,,,,,16,,0,,,,,,
,,,,"Sep 24 19:12:06 automation 50-motd-news[19250]:    just raised the bar for easy, resilient and secure K8s cluster deployment.","2026-09-24T19:12:06.000+0000",,,,,,,,,19,24,12,september,6,thursday,2026,local,,,,,,automation,,,,,"weather_index_report",,,,,,,1,,,,,,,,"__::__--[]:_________,______.",,,,"weather-data (1)","weather_data",automation,,,,,16,,0,,,,,,
,,,,"Sep 24 19:12:06 automation 50-motd-news[19250]:  * Strictly confined Kubernetes makes edge and IoT secure. Learn how MicroK8s","2026-09-24T19:12:06.000+0000",,,,,,,,,19,24,12,september,6,thursday,2026,local,,,,,,automation,,,,,"weather_index_report",,,,,,,1,,,,,,,,"__::__--[]:__*________.___",,,,"weather-data (1)","weather_data",automation,,,,,16,,0,,,,,,
,,,,"Sep 24 19:12:03 automation systemd[1]: Starting Message of the Day...","2026-09-24T19:12:03.000+0000",,,,,,,,,19,24,12,september,3,thursday,2026,local,,,,,,automation,,,,,"weather_index_report",,,,,,,1,,,,,,,,"__::__[]:_____...",,,,"weather-data (1)","weather_data",automation,,,,,16,,0,,,,,,
,,,,"Sep 24 19:12:03 automation systemd[1]: Starting Message of the Day...","2026-09-24T19:12:03.000+0000",,,,,,,,,19,24,12,september,3,thursday,2026,local,,,,,,automation,,,,,"weather_index_report",,,,,,,1,,,,,,,,"__::__[]:_____...",,,,"weather-data (1)","weather_data",automation,,,,,16,,0,,,,,,
,,,,"Sep 24 19:08:36 automation systemd[1]: Started Daily apt download activities.","2026-09-24T19:08:36.000+0000",,,,,,,,,19,24,8,september,36,thursday,2026,local,,,,,,automation,,,,,"weather_index_report",,,,,,,1,,,,,,,,"__::__[]:_____.",,,,"weather-data (1)","weather_data",automation,,,,,16,,0,,,,,,
,,,,"Sep 24 19:08:36 automation systemd[1]: Starting Daily apt download activities...","2026-09-24T19:08:36.000+0000",,,,,,,,,19,24,8,september,36,thursday,2026,local,,,,,,automation,,,,,"weather_index_report",,,,,,,1,,,,,,,,"__::__[]:_____...",,,,"weather-data (1)","weather_data",automation,,,,,16,,0,,,,,,
,,,,"Sep 24 19:08:36 automation systemd[1]: Started Daily apt download activities.","2026-09-24T19:08:36.000+0000",,,,,,,,,19,24,8,september,36,thursday,2026,local,,,,,,automation,,,,,"weather_index_report",,,,,,,1,,,,,,,,"__::__[]:_____.",,,,"weather-data (1)","weather_data",automation,,,,,16,,0,,,,,,
,,,,"Sep 24 19:08:36 automation systemd[1]: Starting Daily apt download activities...","2026-09-24T19:08:36.000+0000",,,,,,,,,19,24,8,september,36,thursday,2026,local,,,,,,automation,,,,,"weather_index_report",,,,,,,1,,,,,,,,"__::__[]:_____...",,,,"weather-data (1)","weather_data",automation,,,,,16,,0,,,,,,
,,,,"Sep 24 19:05:01 automation CRON[19204]: (root) CMD (command -v debian-sa1 > /dev/null && debian-sa1 1 1)","2026-09-24T19:05:01.000+0000",,,,,,,,,19,24,5,september,1,thursday,2026,local,,,,,,automation,,,,,"weather_index_report",,,,,,,1,,,,,,,,"__::__[]:_()__(_-_-_>_//_&&_-__)",,,,"weather-data (1)","weather_data",automation,,,,,16,,0,,,,,,
,,,,"Sep 24 19:05:01 automation CRON[19204]: (root) CMD (command -v debian-sa1 > /dev/null && debian-sa1 1 1)","2026-09-24T19:05:01.000+0000",,,,,,,,,19,24,5,september,1,thursday,2026,local,,,,,,automation,,,,,"weather_index_report",,,,,,,1,,,,,,,,"__::__[]:_()__(_-_-_>_//_&&_-__)",,,,"weather-data (1)","weather_data",automation,,,,,16,,0,,,,,,
,,,,"Sep 24 19:03:36 automation grafana-agent[1126]: ts=2024-09-24T19:03:36.466830707Z caller=cleaner.go:203 level=warn agent=prometheus component=cleaner msg=""unable to find segment mtime of WAL"" name=/var/lib/grafana-agent/.cache err=""unable to open WAL: open /var/lib/grafana-agent/.cache/wal: no such file or directory""","2026-09-24T19:03:36.000+0000",prometheus,,,,"cleaner.go:203",,cleaner,,19,24,3,september,36,thursday,2026,local,,"unable to open WAL: open /var/lib/grafana-agent/.cache/wal: no such file or directory",,,,automation,,,,,"weather_index_report",,,,,,warn,1,,,,"unable to find segment mtime of WAL","/var/lib/grafana-agent/.cache",,,"__::__-[]:_=--::._=.:_=_=_=_=""______""_=///-/._=""__",,,,"weather-data (1)","weather_data",automation,,,,,16,,0,"2024-09-24T19:03:36.466830707Z",,,,,
,,,,"Sep 24 19:03:36 automation grafana-agent[1126]: ts=2024-09-24T19:03:36.466830707Z caller=cleaner.go:203 level=warn agent=prometheus component=cleaner msg=""unable to find segment mtime of WAL"" name=/var/lib/grafana-agent/.cache err=""unable to open WAL: open /var/lib/grafana-agent/.cache/wal: no such file or directory""","2026-09-24T19:03:36.000+0000",prometheus,,,,"cleaner.go:203",,cleaner,,19,24,3,september,36,thursday,2026,local,,"unable to open WAL: open /var/lib/grafana-agent/.cache/wal: no such file or directory",,,,automation,,,,,"weather_index_report",,,,,,warn,1,,,,"unable to find segment mtime of WAL","/var/lib/grafana-agent/.cache",,,"__::__-[]:_=--::._=.:_=_=_=_=""______""_=///-/._=""__",,,,"weather-data (1)","weather_data",automation,,,,,16,,0,"2024-09-24T19:03:36.466830707Z",,,,,
,,,,"Sep 24 19:00:00 automation systemd[1]: Started Hostname Service.","2026-09-24T19:00:00.000+0000",,,,,,,,,19,24,0,september,0,thursday,2026,local,,,,,,automation,,,,,"weather_index_report",,,,,,,1,,,,,,,,"__::__[]:___.",,,,"weather-data (1)","weather_data",automation,,,,,16,,0,,,,,,
,,,,"Sep 24 19:00:00 automation dbus-daemon[1060]: [system] Successfully activated service 'org.freedesktop.hostname1'","2026-09-24T19:00:00.000+0000",,,,,,,,,19,24,0,september,0,thursday,2026,local,,,,,,automation,,,,,"weather_index_report",,,,,,,1,,,,,,,,"__::__-[]:_[]____'..'",,,,"weather-data (1)","weather_data",automation,,,,,16,,0,,,,,,
,,,,"Sep 24 19:00:00 automation systemd-timesyncd[740]: Synchronized to time server [2620:2d:4000:1::40]:123 (ntp.ubuntu.com).","2026-09-24T19:00:00.000+0000",,,,,,,,,19,24,0,september,0,thursday,2026,local,,,,,,automation,,,,,"weather_index_report",,,,,,,1,,,,,,,,"__::__-[]:_____[:::::]:_(..).",,,,"weather-data (1)","weather_data",automation,,,,,16,,0,,,,,,
,,,,"Sep 24 19:00:00 automation systemd-networkd[940]: enp0s3: Configured","2026-09-24T19:00:00.000+0000",,,,,,,,,19,24,0,september,0,thursday,2026,local,,,,,,automation,,,,,"weather_index_report",,,,,,,1,,,,,,,,"__::__-[]:_:_",,,,"weather-data (1)","weather_data",automation,,,,,16,,0,,,,,,
,,,,"Sep 24 19:00:00 automation systemd-networkd[940]: enp0s3: DHCPv4 address 192.168.0.18/24 via 192.168.0.1","2026-09-24T19:00:00.000+0000",,,,,,,,,19,24,0,september,0,thursday,2026,local,,,,,,automation,,,,,"weather_index_report",,,,,,,1,,,,,,,,"__::__-[]:_:___.../__...",,,,"weather-data (1)","weather_data",automation,,,,,16,,0,,,,,,
,,,,"Sep 24 19:00:00 automation systemd[1]: Starting Hostname Service...","2026-09-24T19:00:00.000+0000",,,,,,,,,19,24,0,september,0,thursday,2026,local,,,,,,automation,,,,,"weather_index_report",,,,,,,1,,,,,,,,"__::__[]:___...",,,,"weather-data (1)","weather_data",automation,,,,,16,,0,,,,,,
,,,,"Sep 24 19:00:00 automation systemd-timesyncd[740]: Network configuration changed, trying to establish connection.","2026-09-24T19:00:00.000+0000",,,,,,,,,19,24,0,september,0,thursday,2026,local,,,,,,automation,,,,,"weather_index_report",,,,,,,1,,,,,,,,"__::__-[]:___,____.",,,,"weather-data (1)","weather_data",automation,,,,,16,,0,,,,,,
,,,,"Sep 24 19:00:00 automation dbus-daemon[1060]: [system] Activating via systemd: service name='org.freedesktop.hostname1' unit='dbus-org.freedesktop.hostname1.service' requested by ':1.2' (uid=100 pid=940 comm=""/lib/systemd/systemd-networkd "" label=""unconfined"")","2026-09-24T19:00:00.000+0000",,,,,,"/lib/systemd/systemd-networkd",,,19,24,0,september,0,thursday,2026,local,,,,,,automation,,,,,"weather_index_report",,unconfined,,,,,1,,,,,"'org.freedesktop.hostname1'",940,,"__::__-[]:_[]___:__='..'_='-...'___':.'_(=_=_=""///",,,,"weather-data (1)","weather_data",automation,,,,,16,,0,,100,"'dbus-org.freedesktop.hostname1.service'",,,
,,,,"Sep 24 19:00:00 automation systemd-networkd[940]: enp0s3: DHCP lease lost","2026-09-24T19:00:00.000+0000",,,,,,,,,19,24,0,september,0,thursday,2026,local,,,,,,automation,,,,,"weather_index_report",,,,,,,1,,,,,,,,"__::__-[]:_:___",,,,"weather-data (1)","weather_data",automation,,,,,16,,0,,,,,,
,,,,"Sep 24 19:00:00 automation systemd[1]: Started Hostname Service.","2026-09-24T19:00:00.000+0000",,,,,,,,,19,24,0,september,0,thursday,2026,local,,,,,,automation,,,,,"weather_index_report",,,,,,,1,,,,,,,,"__::__[]:___.",,,,"weather-data (1)","weather_data",automation,,,,,16,,0,,,,,,
,,,,"Sep 24 19:00:00 automation dbus-daemon[1060]: [system] Successfully activated service 'org.freedesktop.hostname1'","2026-09-24T19:00:00.000+0000",,,,,,,,,19,24,0,september,0,thursday,2026,local,,,,,,automation,,,,,"weather_index_report",,,,,,,1,,,,,,,,"__::__-[]:_[]____'..'",,,,"weather-data (1)","weather_data",automation,,,,,16,,0,,,,,,
,,,,"Sep 24 19:00:00 automation systemd-timesyncd[740]: Synchronized to time server [2620:2d:4000:1::40]:123 (ntp.ubuntu.com).","2026-09-24T19:00:00.000+0000",,,,,,,,,19,24,0,september,0,thursday,2026,local,,,,,,automation,,,,,"weather_index_report",,,,,,,1,,,,,,,,"__::__-[]:_____[:::::]:_(..).",,,,"weather-data (1)","weather_data",automation,,,,,16,,0,,,,,,
,,,,"Sep 24 19:00:00 automation systemd-networkd[940]: enp0s3: Configured","2026-09-24T19:00:00.000+0000",,,,,,,,,19,24,0,september,0,thursday,2026,local,,,,,,automation,,,,,"weather_index_report",,,,,,,1,,,,,,,,"__::__-[]:_:_",,,,"weather-data (1)","weather_data",automation,,,,,16,,0,,,,,,
,,,,"Sep 24 19:00:00 automation systemd-networkd[940]: enp0s3: DHCPv4 address 192.168.0.18/24 via 192.168.0.1","2026-09-24T19:00:00.000+0000",,,,,,,,,19,24,0,september,0,thursday,2026,local,,,,,,automation,,,,,"weather_index_report",,,,,,,1,,,,,,,,"__::__-[]:_:___.../__...",,,,"weather-data (1)","weather_data",automation,,,,,16,,0,,,,,,
,,,,"Sep 24 19:00:00 automation systemd[1]: Starting Hostname Service...","2026-09-24T19:00:00.000+0000",,,,,,,,,19,24,0,september,0,thursday,2026,local,,,,,,automation,,,,,"weather_index_report",,,,,,,1,,,,,,,,"__::__[]:___...",,,,"weather-data (1)","weather_data",automation,,,,,16,,0,,,,,,
,,,,"Sep 24 19:00:00 automation systemd-timesyncd[740]: Network configuration changed, trying to establish connection.","2026-09-24T19:00:00.000+0000",,,,,,,,,19,24,0,september,0,thursday,2026,local,,,,,,automation,,,,,"weather_index_report",,,,,,,1,,,,,,,,"__::__-[]:___,____.",,,,"weather-data (1)","weather_data",automation,,,,,16,,0,,,,,,
,,,,"Sep 24 19:00:00 automation dbus-daemon[1060]: [system] Activating via systemd: service name='org.freedesktop.hostname1' unit='dbus-org.freedesktop.hostname1.service' requested by ':1.2' (uid=100 pid=940 comm=""/lib/systemd/systemd-networkd "" label=""unconfined"")","2026-09-24T19:00:00.000+0000",,,,,,"/lib/systemd/systemd-networkd",,,19,24,0,september,0,thursday,2026,local,,,,,,automation,,,,,"weather_index_report",,unconfined,,,,,1,,,,,"'org.freedesktop.hostname1'",940,,"__::__-[]:_[]___:__='..'_='-...'___':.'_(=_=_=""///",,,,"weather-data (1)","weather_data",automation,,,,,16,,0,,100,"'dbus-org.freedesktop.hostname1.service'",,,
,,,,"Sep 24 19:00:00 automation systemd-networkd[940]: enp0s3: DHCP lease lost","2026-09-24T19:00:00.000+0000",,,,,,,,,19,24,0,september,0,thursday,2026,local,,,,,,automation,,,,,"weather_index_report",,,,,,,1,,,,,,,,"__::__-[]:_:___",,,,"weather-data (1)","weather_data",automation,,,,,16,,0,,,,,,
,,,,"Sep 24 18:55:01 automation CRON[19158]: (root) CMD (command -v debian-sa1 > /dev/null && debian-sa1 1 1)","2026-09-24T18:55:01.000+0000",,,,,,,,,18,24,55,september,1,thursday,2026,local,,,,,,automation,,,,,"weather_index_report",,,,,,,1,,,,,,,,"__::__[]:_()__(_-_-_>_//_&&_-__)",,,,"weather-data (1)","weather_data",automation,,,,,16,,0,,,,,,
,,,,"Sep 24 18:55:01 automation CRON[19158]: (root) CMD (command -v debian-sa1 > /dev/null && debian-sa1 1 1)","2026-09-24T18:55:01.000+0000",,,,,,,,,18,24,55,september,1,thursday,2026,local,,,,,,automation,,,,,"weather_index_report",,,,,,,1,,,,,,,,"__::__[]:_()__(_-_-_>_//_&&_-__)",,,,"weather-data (1)","weather_data",automation,,,,,16,,0,,,,,,
,,,,"Sep 24 18:45:01 automation CRON[19151]: (root) CMD (command -v debian-sa1 > /dev/null && debian-sa1 1 1)","2026-09-24T18:45:01.000+0000",,,,,,,,,18,24,45,september,1,thursday,2026,local,,,,,,automation,,,,,"weather_index_report",,,,,,,1,,,,,,,,"__::__[]:_()__(_-_-_>_//_&&_-__)",,,,"weather-data (1)","weather_data",automation,,,,,16,,0,,,,,,
,,,,"Sep 24 18:45:01 automation CRON[19151]: (root) CMD (command -v debian-sa1 > /dev/null && debian-sa1 1 1)","2026-09-24T18:45:01.000+0000",,,,,,,,,18,24,45,september,1,thursday,2026,local,,,,,,automation,,,,,"weather_index_report",,,,,,,1,,,,,,,,"__::__[]:_()__(_-_-_>_//_&&_-__)",,,,"weather-data (1)","weather_data",automation,,,,,16,,0,,,,,,
,,,,"Sep 24 18:35:01 automation CRON[19147]: (root) CMD (command -v debian-sa1 > /dev/null && debian-sa1 1 1)","2026-09-24T18:35:01.000+0000",,,,,,,,,18,24,35,september,1,thursday,2026,local,,,,,,automation,,,,,"weather_index_report",,,,,,,1,,,,,,,,"__::__[]:_()__(_-_-_>_//_&&_-__)",,,,"weather-data (1)","weather_data",automation,,,,,16,,0,,,,,,
,,,,"Sep 24 18:35:01 automation CRON[19147]: (root) CMD (command -v debian-sa1 > /dev/null && debian-sa1 1 1)","2026-09-24T18:35:01.000+0000",,,,,,,,,18,24,35,september,1,thursday,2026,local,,,,,,automation,,,,,"weather_index_report",,,,,,,1,,,,,,,,"__::__[]:_()__(_-_-_>_//_&&_-__)",,,,"weather-data (1)","weather_data",automation,,,,,16,,0,,,,,,
,,,,"Sep 24 18:34:08 automation systemd-timesyncd[740]: Synchronized to time server [2620:2d:4000:1::40]:123 (ntp.ubuntu.com).","2026-09-24T18:34:08.000+0000",,,,,,,,,18,24,34,september,8,thursday,2026,local,,,,,,automation,,,,,"weather_index_report",,,,,,,1,,,,,,,,"__::__-[]:_____[:::::]:_(..).",,,,"weather-data (1)","weather_data",automation,,,,,16,,0,,,,,,
,,,,"Sep 24 18:34:08 automation systemd-timesyncd[740]: Synchronized to time server [2620:2d:4000:1::40]:123 (ntp.ubuntu.com).","2026-09-24T18:34:08.000+0000",,,,,,,,,18,24,34,september,8,thursday,2026,local,,,,,,automation,,,,,"weather_index_report",,,,,,,1,,,,,,,,"__::__-[]:_____[:::::]:_(..).",,,,"weather-data (1)","weather_data",automation,,,,,16,,0,,,,,,
,,,,"Sep 24 15:43:50 automation grafana-agent[1126]: ts=2024-09-24T15:43:50.0467256Z caller=cleaner.go:203 level=warn agent=prometheus component=cleaner msg=""unable to find segment mtime of WAL"" name=/var/lib/grafana-agent/.cache err=""unable to open WAL: open /var/lib/grafana-agent/.cache/wal: no such file or directory""","2026-09-24T15:43:50.000+0000",prometheus,,,,"cleaner.go:203",,cleaner,,15,24,43,september,50,thursday,2026,local,,"unable to open WAL: open /var/lib/grafana-agent/.cache/wal: no such file or directory",,,,automation,,,,,"weather_index_report",,,,,,warn,1,,,,"unable to find segment mtime of WAL","/var/lib/grafana-agent/.cache",,,"__::__-[]:_=--::._=.:_=_=_=_=""______""_=///-/._=""__",,,,"weather-data (1)","weather_data",automation,,,,,16,,0,"2024-09-24T15:43:50.0467256Z",,,,,
,,,,"Sep 24 15:43:50 automation grafana-agent[1126]: ts=2024-09-24T15:43:50.0467256Z caller=cleaner.go:203 level=warn agent=prometheus component=cleaner msg=""unable to find segment mtime of WAL"" name=/var/lib/grafana-agent/.cache err=""unable to open WAL: open /var/lib/grafana-agent/.cache/wal: no such file or directory""","2026-09-24T15:43:50.000+0000",prometheus,,,,"cleaner.go:203",,cleaner,,15,24,43,september,50,thursday,2026,local,,"unable to open WAL: open /var/lib/grafana-agent/.cache/wal: no such file or directory",,,,automation,,,,,"weather_index_report",,,,,,warn,1,,,,"unable to find segment mtime of WAL","/var/lib/grafana-agent/.cache",,,"__::__-[]:_=--::._=.:_=_=_=_=""______""_=///-/._=""__",,,,"weather-data (1)","weather_data",automation,,,,,16,,0,"2024-09-24T15:43:50.0467256Z",,,,,
,,,,"Sep 24 15:35:01 automation CRON[19142]: (root) CMD (command -v debian-sa1 > /dev/null && debian-sa1 1 1)","2026-09-24T15:35:01.000+0000",,,,,,,,,15,24,35,september,1,thursday,2026,local,,,,,,automation,,,,,"weather_index_report",,,,,,,1,,,,,,,,"__::__[]:_()__(_-_-_>_//_&&_-__)",,,,"weather-data (1)","weather_data",automation,,,,,16,,0,,,,,,
,,,,"Sep 24 15:35:01 automation CRON[19142]: (root) CMD (command -v debian-sa1 > /dev/null && debian-sa1 1 1)","2026-09-24T15:35:01.000+0000",,,,,,,,,15,24,35,september,1,thursday,2026,local,,,,,,automation,,,,,"weather_index_report",,,,,,,1,,,,,,,,"__::__[]:_()__(_-_-_>_//_&&_-__)",,,,"weather-data (1)","weather_data",automation,,,,,16,,0,,,,,,
,,,,"Sep 24 15:25:35 automation grafana-agent[1126]: ts=2024-09-24T15:25:35.67639095Z caller=collector.go:185 level=error integration=node_exporter msg=""collector failed"" name=powersupplyclass duration_seconds=0.000666649 err=""could not get power_supply class info: error obtaining power_supply class info: failed to read file \""/sys/class/power_supply/BAT0/power_now\"": no such device""","2026-09-24T15:25:35.000+0000",,,,,"collector.go:185",,,,15,24,25,september,35,thursday,2026,local,"0.000666649","could not get power_supply class info: error obtaining power_supply class info: failed to read file \",,,,automation,,,,,"weather_index_report","node_exporter",,,,,error,1,,,,"collector failed",powersupplyclass,,,"__::__-[]:_=--::._=.:_=_=_=""_""_=_=._=""_____:_____:",,,,"weather-data (1)","weather_data",automation,,,,,16,,0,"2024-09-24T15:25:35.67639095Z",,,,,
,,,,"Sep 24 15:25:35 automation grafana-agent[1126]: ts=2024-09-24T15:25:35.67639095Z caller=collector.go:185 level=error integration=node_exporter msg=""collector failed"" name=powersupplyclass duration_seconds=0.000666649 err=""could not get power_supply class info: error obtaining power_supply class info: failed to read file \""/sys/class/power_supply/BAT0/power_now\"": no such device""","2026-09-24T15:25:35.000+0000",,,,,"collector.go:185",,,,15,24,25,september,35,thursday,2026,local,"0.000666649","could not get power_supply class info: error obtaining power_supply class info: failed to read file \",,,,automation,,,,,"weather_index_report","node_exporter",,,,,error,1,,,,"collector failed",powersupplyclass,,,"__::__-[]:_=--::._=.:_=_=_=""_""_=_=._=""_____:_____:",,,,"weather-data (1)","weather_data",automation,,,,,16,,0,"2024-09-24T15:25:35.67639095Z",,,,,
,,,,"Sep 24 15:25:01 automation CRON[19135]: (root) CMD (command -v debian-sa1 > /dev/null && debian-sa1 1 1)","2026-09-24T15:25:01.000+0000",,,,,,,,,15,24,25,september,1,thursday,2026,local,,,,,,automation,,,,,"weather_index_report",,,,,,,1,,,,,,,,"__::__[]:_()__(_-_-_>_//_&&_-__)",,,,"weather-data (1)","weather_data",automation,,,,,16,,0,,,,,,
,,,,"Sep 24 15:25:01 automation CRON[19135]: (root) CMD (command -v debian-sa1 > /dev/null && debian-sa1 1 1)","2026-09-24T15:25:01.000+0000",,,,,,,,,15,24,25,september,1,thursday,2026,local,,,,,,automation,,,,,"weather_index_report",,,,,,,1,,,,,,,,"__::__[]:_()__(_-_-_>_//_&&_-__)",,,,"weather-data (1)","weather_data",automation,,,,,16,,0,,,,,,
,,,,"Sep 24 15:24:35 automation grafana-agent[1126]: ts=2024-09-24T15:24:35.659105171Z caller=collector.go:185 level=error integration=node_exporter msg=""collector failed"" name=powersupplyclass duration_seconds=0.001701385 err=""could not get power_supply class info: error obtaining power_supply class info: failed to read file \""/sys/class/power_supply/BAT0/power_now\"": no such device""","2026-09-24T15:24:35.000+0000",,,,,"collector.go:185",,,,15,24,24,september,35,thursday,2026,local,"0.001701385","could not get power_supply class info: error obtaining power_supply class info: failed to read file \",,,,automation,,,,,"weather_index_report","node_exporter",,,,,error,1,,,,"collector failed",powersupplyclass,,,"__::__-[]:_=--::._=.:_=_=_=""_""_=_=._=""_____:_____:",,,,"weather-data (1)","weather_data",automation,,,,,16,,0,"2024-09-24T15:24:35.659105171Z",,,,,
,,,,"Sep 24 15:24:35 automation grafana-agent[1126]: ts=2024-09-24T15:24:35.659105171Z caller=collector.go:185 level=error integration=node_exporter msg=""collector failed"" name=powersupplyclass duration_seconds=0.001701385 err=""could not get power_supply class info: error obtaining power_supply class info: failed to read file \""/sys/class/power_supply/BAT0/power_now\"": no such device""","2026-09-24T15:24:35.000+0000",,,,,"collector.go:185",,,,15,24,24,september,35,thursday,2026,local,"0.001701385","could not get power_supply class info: error obtaining power_supply class info: failed to read file \",,,,automation,,,,,"weather_index_report","node_exporter",,,,,error,1,,,,"collector failed",powersupplyclass,,,"__::__-[]:_=--::._=.:_=_=_=""_""_=_=._=""_____:_____:",,,,"weather-data (1)","weather_data",automation,,,,,16,,0,"2024-09-24T15:24:35.659105171Z",,,,,
,,,,"Sep 24 15:23:35 automation grafana-agent[1126]: ts=2024-09-24T15:23:35.658322959Z caller=collector.go:185 level=error integration=node_exporter msg=""collector failed"" name=powersupplyclass duration_seconds=0.001425751 err=""could not get power_supply class info: error obtaining power_supply class info: failed to read file \""/sys/class/power_supply/BAT0/power_now\"": no such device""","2026-09-24T15:23:35.000+0000",,,,,"collector.go:185",,,,15,24,23,september,35,thursday,2026,local,"0.001425751","could not get power_supply class info: error obtaining power_supply class info: failed to read file \",,,,automation,,,,,"weather_index_report","node_exporter",,,,,error,1,,,,"collector failed",powersupplyclass,,,"__::__-[]:_=--::._=.:_=_=_=""_""_=_=._=""_____:_____:",,,,"weather-data (1)","weather_data",automation,,,,,16,,0,"2024-09-24T15:23:35.658322959Z",,,,,
,,,,"Sep 24 15:23:35 automation grafana-agent[1126]: ts=2024-09-24T15:23:35.658322959Z caller=collector.go:185 level=error integration=node_exporter msg=""collector failed"" name=powersupplyclass duration_seconds=0.001425751 err=""could not get power_supply class info: error obtaining power_supply class info: failed to read file \""/sys/class/power_supply/BAT0/power_now\"": no such device""","2026-09-24T15:23:35.000+0000",,,,,"collector.go:185",,,,15,24,23,september,35,thursday,2026,local,"0.001425751","could not get power_supply class info: error obtaining power_supply class info: failed to read file \",,,,automation,,,,,"weather_index_report","node_exporter",,,,,error,1,,,,"collector failed",powersupplyclass,,,"__::__-[]:_=--::._=.:_=_=_=""_""_=_=._=""_____:_____:",,,,"weather-data (1)","weather_data",automation,,,,,16,,0,"2024-09-24T15:23:35.658322959Z",,,,,
,,,,"Sep 24 15:22:35 automation grafana-agent[1126]: ts=2024-09-24T15:22:35.662314256Z caller=collector.go:185 level=error integration=node_exporter msg=""collector failed"" name=powersupplyclass duration_seconds=0.001358549 err=""could not get power_supply class info: error obtaining power_supply class info: failed to read file \""/sys/class/power_supply/BAT0/power_now\"": no such device""","2026-09-24T15:22:35.000+0000",,,,,"collector.go:185",,,,15,24,22,september,35,thursday,2026,local,"0.001358549","could not get power_supply class info: error obtaining power_supply class info: failed to read file \",,,,automation,,,,,"weather_index_report","node_exporter",,,,,error,1,,,,"collector failed",powersupplyclass,,,"__::__-[]:_=--::._=.:_=_=_=""_""_=_=._=""_____:_____:",,,,"weather-data (1)","weather_data",automation,,,,,16,,0,"2024-09-24T15:22:35.662314256Z",,,,,
,,,,"Sep 24 15:22:35 automation grafana-agent[1126]: ts=2024-09-24T15:22:35.662314256Z caller=collector.go:185 level=error integration=node_exporter msg=""collector failed"" name=powersupplyclass duration_seconds=0.001358549 err=""could not get power_supply class info: error obtaining power_supply class info: failed to read file \""/sys/class/power_supply/BAT0/power_now\"": no such device""","2026-09-24T15:22:35.000+0000",,,,,"collector.go:185",,,,15,24,22,september,35,thursday,2026,local,"0.001358549","could not get power_supply class info: error obtaining power_supply class info: failed to read file \",,,,automation,,,,,"weather_index_report","node_exporter",,,,,error,1,,,,"collector failed",powersupplyclass,,,"__::__-[]:_=--::._=.:_=_=_=""_""_=_=._=""_____:_____:",,,,"weather-data (1)","weather_data",automation,,,,,16,,0,"2024-09-24T15:22:35.662314256Z",,,,,
,,,,"Sep 24 15:21:35 automation grafana-agent[1126]: ts=2024-09-24T15:21:35.658656418Z caller=collector.go:185 level=error integration=node_exporter msg=""collector failed"" name=powersupplyclass duration_seconds=0.001359824 err=""could not get power_supply class info: error obtaining power_supply class info: failed to read file \""/sys/class/power_supply/BAT0/power_now\"": no such device""","2026-09-24T15:21:35.000+0000",,,,,"collector.go:185",,,,15,24,21,september,35,thursday,2026,local,"0.001359824","could not get power_supply class info: error obtaining power_supply class info: failed to read file \",,,,automation,,,,,"weather_index_report","node_exporter",,,,,error,1,,,,"collector failed",powersupplyclass,,,"__::__-[]:_=--::._=.:_=_=_=""_""_=_=._=""_____:_____:",,,,"weather-data (1)","weather_data",automation,,,,,16,,0,"2024-09-24T15:21:35.658656418Z",,,,,
,,,,"Sep 24 15:21:35 automation grafana-agent[1126]: ts=2024-09-24T15:21:35.658656418Z caller=collector.go:185 level=error integration=node_exporter msg=""collector failed"" name=powersupplyclass duration_seconds=0.001359824 err=""could not get power_supply class info: error obtaining power_supply class info: failed to read file \""/sys/class/power_supply/BAT0/power_now\"": no such device""","2026-09-24T15:21:35.000+0000",,,,,"collector.go:185",,,,15,24,21,september,35,thursday,2026,local,"0.001359824","could not get power_supply class info: error obtaining power_supply class info: failed to read file \",,,,automation,,,,,"weather_index_report","node_exporter",,,,,error,1,,,,"collector failed",powersupplyclass,,,"__::__-[]:_=--::._=.:_=_=_=""_""_=_=._=""_____:_____:",,,,"weather-data (1)","weather_data",automation,,,,,16,,0,"2024-09-24T15:21:35.658656418Z",,,,,
,,,,"Sep 24 15:20:35 automation grafana-agent[1126]: ts=2024-09-24T15:20:35.676142608Z caller=collector.go:185 level=error integration=node_exporter msg=""collector failed"" name=powersupplyclass duration_seconds=0.001422775 err=""could not get power_supply class info: error obtaining power_supply class info: failed to read file \""/sys/class/power_supply/BAT0/power_now\"": no such device""","2026-09-24T15:20:35.000+0000",,,,,"collector.go:185",,,,15,24,20,september,35,thursday,2026,local,"0.001422775","could not get power_supply class info: error obtaining power_supply class info: failed to read file \",,,,automation,,,,,"weather_index_report","node_exporter",,,,,error,1,,,,"collector failed",powersupplyclass,,,"__::__-[]:_=--::._=.:_=_=_=""_""_=_=._=""_____:_____:",,,,"weather-data (1)","weather_data",automation,,,,,16,,0,"2024-09-24T15:20:35.676142608Z",,,,,
,,,,"Sep 24 15:20:35 automation grafana-agent[1126]: ts=2024-09-24T15:20:35.676142608Z caller=collector.go:185 level=error integration=node_exporter msg=""collector failed"" name=powersupplyclass duration_seconds=0.001422775 err=""could not get power_supply class info: error obtaining power_supply class info: failed to read file \""/sys/class/power_supply/BAT0/power_now\"": no such device""","2026-09-24T15:20:35.000+0000",,,,,"collector.go:185",,,,15,24,20,september,35,thursday,2026,local,"0.001422775","could not get power_supply class info: error obtaining power_supply class info: failed to read file \",,,,automation,,,,,"weather_index_report","node_exporter",,,,,error,1,,,,"collector failed",powersupplyclass,,,"__::__-[]:_=--::._=.:_=_=_=""_""_=_=._=""_____:_____:",,,,"weather-data (1)","weather_data",automation,,,,,16,,0,"2024-09-24T15:20:35.676142608Z",,,,,
,,,,"Sep 24 15:19:35 automation grafana-agent[1126]: ts=2024-09-24T15:19:35.658289145Z caller=collector.go:185 level=error integration=node_exporter msg=""collector failed"" name=powersupplyclass duration_seconds=0.002597878 err=""could not get power_supply class info: error obtaining power_supply class info: failed to read file \""/sys/class/power_supply/BAT0/power_now\"": no such device""","2026-09-24T15:19:35.000+0000",,,,,"collector.go:185",,,,15,24,19,september,35,thursday,2026,local,"0.002597878","could not get power_supply class info: error obtaining power_supply class info: failed to read file \",,,,automation,,,,,"weather_index_report","node_exporter",,,,,error,1,,,,"collector failed",powersupplyclass,,,"__::__-[]:_=--::._=.:_=_=_=""_""_=_=._=""_____:_____:",,,,"weather-data (1)","weather_data",automation,,,,,16,,0,"2024-09-24T15:19:35.658289145Z",,,,,
,,,,"Sep 24 15:19:35 automation grafana-agent[1126]: ts=2024-09-24T15:19:35.658289145Z caller=collector.go:185 level=error integration=node_exporter msg=""collector failed"" name=powersupplyclass duration_seconds=0.002597878 err=""could not get power_supply class info: error obtaining power_supply class info: failed to read file \""/sys/class/power_supply/BAT0/power_now\"": no such device""","2026-09-24T15:19:35.000+0000",,,,,"collector.go:185",,,,15,24,19,september,35,thursday,2026,local,"0.002597878","could not get power_supply class info: error obtaining power_supply class info: failed to read file \",,,,automation,,,,,"weather_index_report","node_exporter",,,,,error,1,,,,"collector failed",powersupplyclass,,,"__::__-[]:_=--::._=.:_=_=_=""_""_=_=._=""_____:_____:",,,,"weather-data (1)","weather_data",automation,,,,,16,,0,"2024-09-24T15:19:35.658289145Z",,,,,
,,,,"Sep 24 15:18:35 automation grafana-agent[1126]: ts=2024-09-24T15:18:35.664212075Z caller=collector.go:185 level=error integration=node_exporter msg=""collector failed"" name=powersupplyclass duration_seconds=0.000774258 err=""could not get power_supply class info: error obtaining power_supply class info: failed to read file \""/sys/class/power_supply/BAT0/power_now\"": no such device""","2026-09-24T15:18:35.000+0000",,,,,"collector.go:185",,,,15,24,18,september,35,thursday,2026,local,"0.000774258","could not get power_supply class info: error obtaining power_supply class info: failed to read file \",,,,automation,,,,,"weather_index_report","node_exporter",,,,,error,1,,,,"collector failed",powersupplyclass,,,"__::__-[]:_=--::._=.:_=_=_=""_""_=_=._=""_____:_____:",,,,"weather-data (1)","weather_data",automation,,,,,16,,0,"2024-09-24T15:18:35.664212075Z",,,,,
,,,,"Sep 24 15:18:35 automation grafana-agent[1126]: ts=2024-09-24T15:18:35.664212075Z caller=collector.go:185 level=error integration=node_exporter msg=""collector failed"" name=powersupplyclass duration_seconds=0.000774258 err=""could not get power_supply class info: error obtaining power_supply class info: failed to read file \""/sys/class/power_supply/BAT0/power_now\"": no such device""","2026-09-24T15:18:35.000+0000",,,,,"collector.go:185",,,,15,24,18,september,35,thursday,2026,local,"0.000774258","could not get power_supply class info: error obtaining power_supply class info: failed to read file \",,,,automation,,,,,"weather_index_report","node_exporter",,,,,error,1,,,,"collector failed",powersupplyclass,,,"__::__-[]:_=--::._=.:_=_=_=""_""_=_=._=""_____:_____:",,,,"weather-data (1)","weather_data",automation,,,,,16,,0,"2024-09-24T15:18:35.664212075Z",,,,,
,,,,"Sep 24 15:17:35 automation grafana-agent[1126]: ts=2024-09-24T15:17:35.66914419Z caller=collector.go:185 level=error integration=node_exporter msg=""collector failed"" name=powersupplyclass duration_seconds=0.001455239 err=""could not get power_supply class info: error obtaining power_supply class info: failed to read file \""/sys/class/power_supply/BAT0/power_now\"": no such device""","2026-09-24T15:17:35.000+0000",,,,,"collector.go:185",,,,15,24,17,september,35,thursday,2026,local,"0.001455239","could not get power_supply class info: error obtaining power_supply class info: failed to read file \",,,,automation,,,,,"weather_index_report","node_exporter",,,,,error,1,,,,"collector failed",powersupplyclass,,,"__::__-[]:_=--::._=.:_=_=_=""_""_=_=._=""_____:_____:",,,,"weather-data (1)","weather_data",automation,,,,,16,,0,"2024-09-24T15:17:35.66914419Z",,,,,
,,,,"Sep 24 15:17:35 automation grafana-agent[1126]: ts=2024-09-24T15:17:35.66914419Z caller=collector.go:185 level=error integration=node_exporter msg=""collector failed"" name=powersupplyclass duration_seconds=0.001455239 err=""could not get power_supply class info: error obtaining power_supply class info: failed to read file \""/sys/class/power_supply/BAT0/power_now\"": no such device""","2026-09-24T15:17:35.000+0000",,,,,"collector.go:185",,,,15,24,17,september,35,thursday,2026,local,"0.001455239","could not get power_supply class info: error obtaining power_supply class info: failed to read file \",,,,automation,,,,,"weather_index_report","node_exporter",,,,,error,1,,,,"collector failed",powersupplyclass,,,"__::__-[]:_=--::._=.:_=_=_=""_""_=_=._=""_____:_____:",,,,"weather-data (1)","weather_data",automation,,,,,16,,0,"2024-09-24T15:17:35.66914419Z",,,,,
,,,,"Sep 24 15:17:01 automation CRON[19129]: (root) CMD (   cd / && run-parts --report /etc/cron.hourly)","2026-09-24T15:17:01.000+0000",,,,,,,,,15,24,17,september,1,thursday,2026,local,,,,,,automation,,,,,"weather_index_report",,,,,,,1,,,,,,,,"__::__[]:_()__(____/_&&_-_--_//.)",,,,"weather-data (1)","weather_data",automation,,,,,16,,0,,,,,,
,,,,"Sep 24 15:17:01 automation CRON[19129]: (root) CMD (   cd / && run-parts --report /etc/cron.hourly)","2026-09-24T15:17:01.000+0000",,,,,,,,,15,24,17,september,1,thursday,2026,local,,,,,,automation,,,,,"weather_index_report",,,,,,,1,,,,,,,,"__::__[]:_()__(____/_&&_-_--_//.)",,,,"weather-data (1)","weather_data",automation,,,,,16,,0,,,,,,
,,,,"Sep 24 15:16:35 automation grafana-agent[1126]: ts=2024-09-24T15:16:35.728075103Z caller=collector.go:185 level=error integration=node_exporter msg=""collector failed"" name=powersupplyclass duration_seconds=0.00562937 err=""could not get power_supply class info: error obtaining power_supply class info: failed to read file \""/sys/class/power_supply/BAT0/power_now\"": no such device""","2026-09-24T15:16:35.000+0000",,,,,"collector.go:185",,,,15,24,16,september,35,thursday,2026,local,"0.00562937","could not get power_supply class info: error obtaining power_supply class info: failed to read file \",,,,automation,,,,,"weather_index_report","node_exporter",,,,,error,1,,,,"collector failed",powersupplyclass,,,"__::__-[]:_=--::._=.:_=_=_=""_""_=_=._=""_____:_____:",,,,"weather-data (1)","weather_data",automation,,,,,16,,0,"2024-09-24T15:16:35.728075103Z",,,,,
,,,,"Sep 24 15:16:35 automation grafana-agent[1126]: ts=2024-09-24T15:16:35.728075103Z caller=collector.go:185 level=error integration=node_exporter msg=""collector failed"" name=powersupplyclass duration_seconds=0.00562937 err=""could not get power_supply class info: error obtaining power_supply class info: failed to read file \""/sys/class/power_supply/BAT0/power_now\"": no such device""","2026-09-24T15:16:35.000+0000",,,,,"collector.go:185",,,,15,24,16,september,35,thursday,2026,local,"0.00562937","could not get power_supply class info: error obtaining power_supply class info: failed to read file \",,,,automation,,,,,"weather_index_report","node_exporter",,,,,error,1,,,,"collector failed",powersupplyclass,,,"__::__-[]:_=--::._=.:_=_=_=""_""_=_=._=""_____:_____:",,,,"weather-data (1)","weather_data",automation,,,,,16,,0,"2024-09-24T15:16:35.728075103Z",,,,,
,,,,"Sep 24 15:15:35 automation grafana-agent[1126]: ts=2024-09-24T15:15:35.674395153Z caller=collector.go:185 level=error integration=node_exporter msg=""collector failed"" name=powersupplyclass duration_seconds=0.001403918 err=""could not get power_supply class info: error obtaining power_supply class info: failed to read file \""/sys/class/power_supply/BAT0/power_now\"": no such device""","2026-09-24T15:15:35.000+0000",,,,,"collector.go:185",,,,15,24,15,september,35,thursday,2026,local,"0.001403918","could not get power_supply class info: error obtaining power_supply class info: failed to read file \",,,,automation,,,,,"weather_index_report","node_exporter",,,,,error,1,,,,"collector failed",powersupplyclass,,,"__::__-[]:_=--::._=.:_=_=_=""_""_=_=._=""_____:_____:",,,,"weather-data (1)","weather_data",automation,,,,,16,,0,"2024-09-24T15:15:35.674395153Z",,,,,
,,,,"Sep 24 15:15:35 automation grafana-agent[1126]: ts=2024-09-24T15:15:35.674395153Z caller=collector.go:185 level=error integration=node_exporter msg=""collector failed"" name=powersupplyclass duration_seconds=0.001403918 err=""could not get power_supply class info: error obtaining power_supply class info: failed to read file \""/sys/class/power_supply/BAT0/power_now\"": no such device""","2026-09-24T15:15:35.000+0000",,,,,"collector.go:185",,,,15,24,15,september,35,thursday,2026,local,"0.001403918","could not get power_supply class info: error obtaining power_supply class info: failed to read file \",,,,automation,,,,,"weather_index_report","node_exporter",,,,,error,1,,,,"collector failed",powersupplyclass,,,"__::__-[]:_=--::._=.:_=_=_=""_""_=_=._=""_____:_____:",,,,"weather-data (1)","weather_data",automation,,,,,16,,0,"2024-09-24T15:15:35.674395153Z",,,,,
,,,,"Sep 24 15:15:01 automation CRON[19124]: (root) CMD (command -v debian-sa1 > /dev/null && debian-sa1 1 1)","2026-09-24T15:15:01.000+0000",,,,,,,,,15,24,15,september,1,thursday,2026,local,,,,,,automation,,,,,"weather_index_report",,,,,,,1,,,,,,,,"__::__[]:_()__(_-_-_>_//_&&_-__)",,,,"weather-data (1)","weather_data",automation,,,,,16,,0,,,,,,
,,,,"Sep 24 15:15:01 automation CRON[19124]: (root) CMD (command -v debian-sa1 > /dev/null && debian-sa1 1 1)","2026-09-24T15:15:01.000+0000",,,,,,,,,15,24,15,september,1,thursday,2026,local,,,,,,automation,,,,,"weather_index_report",,,,,,,1,,,,,,,,"__::__[]:_()__(_-_-_>_//_&&_-__)",,,,"weather-data (1)","weather_data",automation,,,,,16,,0,,,,,,
,,,,"Sep 24 15:14:35 automation grafana-agent[1126]: ts=2024-09-24T15:14:35.684602964Z caller=collector.go:185 level=error integration=node_exporter msg=""collector failed"" name=powersupplyclass duration_seconds=0.00181721 err=""could not get power_supply class info: error obtaining power_supply class info: failed to read file \""/sys/class/power_supply/BAT0/power_now\"": no such device""","2026-09-24T15:14:35.000+0000",,,,,"collector.go:185",,,,15,24,14,september,35,thursday,2026,local,"0.00181721","could not get power_supply class info: error obtaining power_supply class info: failed to read file \",,,,automation,,,,,"weather_index_report","node_exporter",,,,,error,1,,,,"collector failed",powersupplyclass,,,"__::__-[]:_=--::._=.:_=_=_=""_""_=_=._=""_____:_____:",,,,"weather-data (1)","weather_data",automation,,,,,16,,0,"2024-09-24T15:14:35.684602964Z",,,,,
,,,,"Sep 24 15:14:35 automation grafana-agent[1126]: ts=2024-09-24T15:14:35.684602964Z caller=collector.go:185 level=error integration=node_exporter msg=""collector failed"" name=powersupplyclass duration_seconds=0.00181721 err=""could not get power_supply class info: error obtaining power_supply class info: failed to read file \""/sys/class/power_supply/BAT0/power_now\"": no such device""","2026-09-24T15:14:35.000+0000",,,,,"collector.go:185",,,,15,24,14,september,35,thursday,2026,local,"0.00181721","could not get power_supply class info: error obtaining power_supply class info: failed to read file \",,,,automation,,,,,"weather_index_report","node_exporter",,,,,error,1,,,,"collector failed",powersupplyclass,,,"__::__-[]:_=--::._=.:_=_=_=""_""_=_=._=""_____:_____:",,,,"weather-data (1)","weather_data",automation,,,,,16,,0,"2024-09-24T15:14:35.684602964Z",,,,,
,,,,"Sep 24 15:13:50 automation grafana-agent[1126]: ts=2024-09-24T15:13:50.04632051Z caller=cleaner.go:203 level=warn agent=prometheus component=cleaner msg=""unable to find segment mtime of WAL"" name=/var/lib/grafana-agent/.cache err=""unable to open WAL: open /var/lib/grafana-agent/.cache/wal: no such file or directory""","2026-09-24T15:13:50.000+0000",prometheus,,,,"cleaner.go:203",,cleaner,,15,24,13,september,50,thursday,2026,local,,"unable to open WAL: open /var/lib/grafana-agent/.cache/wal: no such file or directory",,,,automation,,,,,"weather_index_report",,,,,,warn,1,,,,"unable to find segment mtime of WAL","/var/lib/grafana-agent/.cache",,,"__::__-[]:_=--::._=.:_=_=_=_=""______""_=///-/._=""__",,,,"weather-data (1)","weather_data",automation,,,,,16,,0,"2024-09-24T15:13:50.04632051Z",,,,,
,,,,"Sep 24 15:13:50 automation grafana-agent[1126]: ts=2024-09-24T15:13:50.04632051Z caller=cleaner.go:203 level=warn agent=prometheus component=cleaner msg=""unable to find segment mtime of WAL"" name=/var/lib/grafana-agent/.cache err=""unable to open WAL: open /var/lib/grafana-agent/.cache/wal: no such file or directory""","2026-09-24T15:13:50.000+0000",prometheus,,,,"cleaner.go:203",,cleaner,,15,24,13,september,50,thursday,2026,local,,"unable to open WAL: open /var/lib/grafana-agent/.cache/wal: no such file or directory",,,,automation,,,,,"weather_index_report",,,,,,warn,1,,,,"unable to find segment mtime of WAL","/var/lib/grafana-agent/.cache",,,"__::__-[]:_=--::._=.:_=_=_=_=""______""_=///-/._=""__",,,,"weather-data (1)","weather_data",automation,,,,,16,,0,"2024-09-24T15:13:50.04632051Z",,,,,
,,,,"Sep 24 15:13:35 automation grafana-agent[1126]: ts=2024-09-24T15:13:35.665783144Z caller=collector.go:185 level=error integration=node_exporter msg=""collector failed"" name=powersupplyclass duration_seconds=0.001630892 err=""could not get power_supply class info: error obtaining power_supply class info: failed to read file \""/sys/class/power_supply/BAT0/power_now\"": no such device""","2026-09-24T15:13:35.000+0000",,,,,"collector.go:185",,,,15,24,13,september,35,thursday,2026,local,"0.001630892","could not get power_supply class info: error obtaining power_supply class info: failed to read file \",,,,automation,,,,,"weather_index_report","node_exporter",,,,,error,1,,,,"collector failed",powersupplyclass,,,"__::__-[]:_=--::._=.:_=_=_=""_""_=_=._=""_____:_____:",,,,"weather-data (1)","weather_data",automation,,,,,16,,0,"2024-09-24T15:13:35.665783144Z",,,,,
,,,,"Sep 24 15:13:35 automation grafana-agent[1126]: ts=2024-09-24T15:13:35.665783144Z caller=collector.go:185 level=error integration=node_exporter msg=""collector failed"" name=powersupplyclass duration_seconds=0.001630892 err=""could not get power_supply class info: error obtaining power_supply class info: failed to read file \""/sys/class/power_supply/BAT0/power_now\"": no such device""","2026-09-24T15:13:35.000+0000",,,,,"collector.go:185",,,,15,24,13,september,35,thursday,2026,local,"0.001630892","could not get power_supply class info: error obtaining power_supply class info: failed to read file \",,,,automation,,,,,"weather_index_report","node_exporter",,,,,error,1,,,,"collector failed",powersupplyclass,,,"__::__-[]:_=--::._=.:_=_=_=""_""_=_=._=""_____:_____:",,,,"weather-data (1)","weather_data",automation,,,,,16,,0,"2024-09-24T15:13:35.665783144Z",,,,,
,,,,"Sep 24 15:12:35 automation grafana-agent[1126]: ts=2024-09-24T15:12:35.65728652Z caller=collector.go:185 level=error integration=node_exporter msg=""collector failed"" name=powersupplyclass duration_seconds=0.001369306 err=""could not get power_supply class info: error obtaining power_supply class info: failed to read file \""/sys/class/power_supply/BAT0/power_now\"": no such device""","2026-09-24T15:12:35.000+0000",,,,,"collector.go:185",,,,15,24,12,september,35,thursday,2026,local,"0.001369306","could not get power_supply class info: error obtaining power_supply class info: failed to read file \",,,,automation,,,,,"weather_index_report","node_exporter",,,,,error,1,,,,"collector failed",powersupplyclass,,,"__::__-[]:_=--::._=.:_=_=_=""_""_=_=._=""_____:_____:",,,,"weather-data (1)","weather_data",automation,,,,,16,,0,"2024-09-24T15:12:35.65728652Z",,,,,
,,,,"Sep 24 15:12:35 automation grafana-agent[1126]: ts=2024-09-24T15:12:35.65728652Z caller=collector.go:185 level=error integration=node_exporter msg=""collector failed"" name=powersupplyclass duration_seconds=0.001369306 err=""could not get power_supply class info: error obtaining power_supply class info: failed to read file \""/sys/class/power_supply/BAT0/power_now\"": no such device""","2026-09-24T15:12:35.000+0000",,,,,"collector.go:185",,,,15,24,12,september,35,thursday,2026,local,"0.001369306","could not get power_supply class info: error obtaining power_supply class info: failed to read file \",,,,automation,,,,,"weather_index_report","node_exporter",,,,,error,1,,,,"collector failed",powersupplyclass,,,"__::__-[]:_=--::._=.:_=_=_=""_""_=_=._=""_____:_____:",,,,"weather-data (1)","weather_data",automation,,,,,16,,0,"2024-09-24T15:12:35.65728652Z",,,,,
,,,,"Sep 24 15:11:35 automation grafana-agent[1126]: ts=2024-09-24T15:11:35.686358284Z caller=collector.go:185 level=error integration=node_exporter msg=""collector failed"" name=powersupplyclass duration_seconds=0.000978555 err=""could not get power_supply class info: error obtaining power_supply class info: failed to read file \""/sys/class/power_supply/BAT0/power_now\"": no such device""","2026-09-24T15:11:35.000+0000",,,,,"collector.go:185",,,,15,24,11,september,35,thursday,2026,local,"0.000978555","could not get power_supply class info: error obtaining power_supply class info: failed to read file \",,,,automation,,,,,"weather_index_report","node_exporter",,,,,error,1,,,,"collector failed",powersupplyclass,,,"__::__-[]:_=--::._=.:_=_=_=""_""_=_=._=""_____:_____:",,,,"weather-data (1)","weather_data",automation,,,,,16,,0,"2024-09-24T15:11:35.686358284Z",,,,,
,,,,"Sep 24 15:11:35 automation grafana-agent[1126]: ts=2024-09-24T15:11:35.686358284Z caller=collector.go:185 level=error integration=node_exporter msg=""collector failed"" name=powersupplyclass duration_seconds=0.000978555 err=""could not get power_supply class info: error obtaining power_supply class info: failed to read file \""/sys/class/power_supply/BAT0/power_now\"": no such device""","2026-09-24T15:11:35.000+0000",,,,,"collector.go:185",,,,15,24,11,september,35,thursday,2026,local,"0.000978555","could not get power_supply class info: error obtaining power_supply class info: failed to read file \",,,,automation,,,,,"weather_index_report","node_exporter",,,,,error,1,,,,"collector failed",powersupplyclass,,,"__::__-[]:_=--::._=.:_=_=_=""_""_=_=._=""_____:_____:",,,,"weather-data (1)","weather_data",automation,,,,,16,,0,"2024-09-24T15:11:35.686358284Z",,,,,
,,,,"Sep 24 15:10:35 automation grafana-agent[1126]: ts=2024-09-24T15:10:35.666264986Z caller=collector.go:185 level=error integration=node_exporter msg=""collector failed"" name=powersupplyclass duration_seconds=0.000552986 err=""could not get power_supply class info: error obtaining power_supply class info: failed to read file \""/sys/class/power_supply/BAT0/power_now\"": no such device""","2026-09-24T15:10:35.000+0000",,,,,"collector.go:185",,,,15,24,10,september,35,thursday,2026,local,"0.000552986","could not get power_supply class info: error obtaining power_supply class info: failed to read file \",,,,automation,,,,,"weather_index_report","node_exporter",,,,,error,1,,,,"collector failed",powersupplyclass,,,"__::__-[]:_=--::._=.:_=_=_=""_""_=_=._=""_____:_____:",,,,"weather-data (1)","weather_data",automation,,,,,16,,0,"2024-09-24T15:10:35.666264986Z",,,,,
,,,,"Sep 24 15:10:35 automation grafana-agent[1126]: ts=2024-09-24T15:10:35.666264986Z caller=collector.go:185 level=error integration=node_exporter msg=""collector failed"" name=powersupplyclass duration_seconds=0.000552986 err=""could not get power_supply class info: error obtaining power_supply class info: failed to read file \""/sys/class/power_supply/BAT0/power_now\"": no such device""","2026-09-24T15:10:35.000+0000",,,,,"collector.go:185",,,,15,24,10,september,35,thursday,2026,local,"0.000552986","could not get power_supply class info: error obtaining power_supply class info: failed to read file \",,,,automation,,,,,"weather_index_report","node_exporter",,,,,error,1,,,,"collector failed",powersupplyclass,,,"__::__-[]:_=--::._=.:_=_=_=""_""_=_=._=""_____:_____:",,,,"weather-data (1)","weather_data",automation,,,,,16,,0,"2024-09-24T15:10:35.666264986Z",,,,,
,,,,"Sep 24 15:10:14 automation systemd-networkd[940]: enp0s3: Configured","2026-09-24T15:10:14.000+0000",,,,,,,,,15,24,10,september,14,thursday,2026,local,,,,,,automation,,,,,"weather_index_report",,,,,,,1,,,,,,,,"__::__-[]:_:_",,,,"weather-data (1)","weather_data",automation,,,,,16,,0,,,,,,
,,,,"Sep 24 15:10:14 automation systemd-networkd[940]: enp0s3: Configured","2026-09-24T15:10:14.000+0000",,,,,,,,,15,24,10,september,14,thursday,2026,local,,,,,,automation,,,,,"weather_index_report",,,,,,,1,,,,,,,,"__::__-[]:_:_",,,,"weather-data (1)","weather_data",automation,,,,,16,,0,,,,,,
,,,,"Sep 24 15:10:13 automation systemd-networkd[940]: enp0s3: DHCPv4 address 192.168.0.18/24 via 192.168.0.1","2026-09-24T15:10:13.000+0000",,,,,,,,,15,24,10,september,13,thursday,2026,local,,,,,,automation,,,,,"weather_index_report",,,,,,,1,,,,,,,,"__::__-[]:_:___.../__...",,,,"weather-data (1)","weather_data",automation,,,,,16,,0,,,,,,
,,,,"Sep 24 15:10:13 automation kernel: [89855.642949] e1000: enp0s3 NIC Link is Up 1000 Mbps Full Duplex, Flow Control: RX","2026-09-24T15:10:13.000+0000",,,,,,,,,15,24,10,september,13,thursday,2026,local,,,,,,automation,,,,,"weather_index_report",,,,,,,1,,,,,,,,"__::__:_[.]_:_________,__:_",,,,"weather-data (1)","weather_data",automation,,,,,16,,0,,,,,,
,,,,"Sep 24 15:10:13 automation systemd-timesyncd[740]: Network configuration changed, trying to establish connection.","2026-09-24T15:10:13.000+0000",,,,,,,,,15,24,10,september,13,thursday,2026,local,,,,,,automation,,,,,"weather_index_report",,,,,,,1,,,,,,,,"__::__-[]:___,____.",,,,"weather-data (1)","weather_data",automation,,,,,16,,0,,,,,,
,,,,"Sep 24 15:10:13 automation systemd-networkd[940]: enp0s3: Gained carrier","2026-09-24T15:10:13.000+0000",,,,,,,,,15,24,10,september,13,thursday,2026,local,,,,,,automation,,,,,"weather_index_report",,,,,,,1,,,,,,,,"__::__-[]:_:__",,,,"weather-data (1)","weather_data",automation,,,,,16,,0,,,,,,
,,,,"Sep 24 15:10:13 automation systemd-networkd[940]: enp0s3: DHCPv4 address 192.168.0.18/24 via 192.168.0.1","2026-09-24T15:10:13.000+0000",,,,,,,,,15,24,10,september,13,thursday,2026,local,,,,,,automation,,,,,"weather_index_report",,,,,,,1,,,,,,,,"__::__-[]:_:___.../__...",,,,"weather-data (1)","weather_data",automation,,,,,16,,0,,,,,,
,,,,"Sep 24 15:10:13 automation kernel: [89855.642949] e1000: enp0s3 NIC Link is Up 1000 Mbps Full Duplex, Flow Control: RX","2026-09-24T15:10:13.000+0000",,,,,,,,,15,24,10,september,13,thursday,2026,local,,,,,,automation,,,,,"weather_index_report",,,,,,,1,,,,,,,,"__::__:_[.]_:_________,__:_",,,,"weather-data (1)","weather_data",automation,,,,,16,,0,,,,,,
,,,,"Sep 24 15:10:13 automation systemd-timesyncd[740]: Network configuration changed, trying to establish connection.","2026-09-24T15:10:13.000+0000",,,,,,,,,15,24,10,september,13,thursday,2026,local,,,,,,automation,,,,,"weather_index_report",,,,,,,1,,,,,,,,"__::__-[]:___,____.",,,,"weather-data (1)","weather_data",automation,,,,,16,,0,,,,,,
,,,,"Sep 24 15:10:13 automation systemd-networkd[940]: enp0s3: Gained carrier","2026-09-24T15:10:13.000+0000",,,,,,,,,15,24,10,september,13,thursday,2026,local,,,,,,automation,,,,,"weather_index_report",,,,,,,1,,,,,,,,"__::__-[]:_:__",,,,"weather-data (1)","weather_data",automation,,,,,16,,0,,,,,,
,,,,"Sep 24 15:10:08 automation systemd[1]: Started Hostname Service.","2026-09-24T15:10:08.000+0000",,,,,,,,,15,24,10,september,8,thursday,2026,local,,,,,,automation,,,,,"weather_index_report",,,,,,,1,,,,,,,,"__::__[]:___.",,,,"weather-data (1)","weather_data",automation,,,,,16,,0,,,,,,
,,,,"Sep 24 15:10:08 automation systemd[1]: Starting Hostname Service...","2026-09-24T15:10:08.000+0000",,,,,,,,,15,24,10,september,8,thursday,2026,local,,,,,,automation,,,,,"weather_index_report",,,,,,,1,,,,,,,,"__::__[]:___...",,,,"weather-data (1)","weather_data",automation,,,,,16,,0,,,,,,
,,,,"Sep 24 15:10:08 automation systemd-networkd[940]: enp0s3: DHCPv6 lease lost","2026-09-24T15:10:08.000+0000",,,,,,,,,15,24,10,september,8,thursday,2026,local,,,,,,automation,,,,,"weather_index_report",,,,,,,1,,,,,,,,"__::__-[]:_:___",,,,"weather-data (1)","weather_data",automation,,,,,16,,0,,,,,,
,,,,"Sep 24 15:10:08 automation dbus-daemon[1060]: [system] Successfully activated service 'org.freedesktop.hostname1'","2026-09-24T15:10:08.000+0000",,,,,,,,,15,24,10,september,8,thursday,2026,local,,,,,,automation,,,,,"weather_index_report",,,,,,,1,,,,,,,,"__::__-[]:_[]____'..'",,,,"weather-data (1)","weather_data",automation,,,,,16,,0,,,,,,
,,,,"Sep 24 15:10:08 automation systemd-networkd[940]: enp0s3: DHCP lease lost","2026-09-24T15:10:08.000+0000",,,,,,,,,15,24,10,september,8,thursday,2026,local,,,,,,automation,,,,,"weather_index_report",,,,,,,1,,,,,,,,"__::__-[]:_:___",,,,"weather-data (1)","weather_data",automation,,,,,16,,0,,,,,,
,,,,"Sep 24 15:10:08 automation dbus-daemon[1060]: [system] Activating via systemd: service name='org.freedesktop.hostname1' unit='dbus-org.freedesktop.hostname1.service' requested by ':1.2' (uid=100 pid=940 comm=""/lib/systemd/systemd-networkd "" label=""unconfined"")","2026-09-24T15:10:08.000+0000",,,,,,"/lib/systemd/systemd-networkd",,,15,24,10,september,8,thursday,2026,local,,,,,,automation,,,,,"weather_index_report",,unconfined,,,,,1,,,,,"'org.freedesktop.hostname1'",940,,"__::__-[]:_[]___:__='..'_='-...'___':.'_(=_=_=""///",,,,"weather-data (1)","weather_data",automation,,,,,16,,0,,100,"'dbus-org.freedesktop.hostname1.service'",,,
,,,,"Sep 24 15:10:08 automation systemd[1]: Started Hostname Service.","2026-09-24T15:10:08.000+0000",,,,,,,,,15,24,10,september,8,thursday,2026,local,,,,,,automation,,,,,"weather_index_report",,,,,,,1,,,,,,,,"__::__[]:___.",,,,"weather-data (1)","weather_data",automation,,,,,16,,0,,,,,,
,,,,"Sep 24 15:10:08 automation systemd[1]: Starting Hostname Service...","2026-09-24T15:10:08.000+0000",,,,,,,,,15,24,10,september,8,thursday,2026,local,,,,,,automation,,,,,"weather_index_report",,,,,,,1,,,,,,,,"__::__[]:___...",,,,"weather-data (1)","weather_data",automation,,,,,16,,0,,,,,,
,,,,"Sep 24 15:10:08 automation systemd-networkd[940]: enp0s3: DHCPv6 lease lost","2026-09-24T15:10:08.000+0000",,,,,,,,,15,24,10,september,8,thursday,2026,local,,,,,,automation,,,,,"weather_index_report",,,,,,,1,,,,,,,,"__::__-[]:_:___",,,,"weather-data (1)","weather_data",automation,,,,,16,,0,,,,,,
,,,,"Sep 24 15:10:08 automation dbus-daemon[1060]: [system] Successfully activated service 'org.freedesktop.hostname1'","2026-09-24T15:10:08.000+0000",,,,,,,,,15,24,10,september,8,thursday,2026,local,,,,,,automation,,,,,"weather_index_report",,,,,,,1,,,,,,,,"__::__-[]:_[]____'..'",,,,"weather-data (1)","weather_data",automation,,,,,16,,0,,,,,,
,,,,"Sep 24 15:10:08 automation systemd-networkd[940]: enp0s3: DHCP lease lost","2026-09-24T15:10:08.000+0000",,,,,,,,,15,24,10,september,8,thursday,2026,local,,,,,,automation,,,,,"weather_index_report",,,,,,,1,,,,,,,,"__::__-[]:_:___",,,,"weather-data (1)","weather_data",automation,,,,,16,,0,,,,,,
,,,,"Sep 24 15:10:08 automation dbus-daemon[1060]: [system] Activating via systemd: service name='org.freedesktop.hostname1' unit='dbus-org.freedesktop.hostname1.service' requested by ':1.2' (uid=100 pid=940 comm=""/lib/systemd/systemd-networkd "" label=""unconfined"")","2026-09-24T15:10:08.000+0000",,,,,,"/lib/systemd/systemd-networkd",,,15,24,10,september,8,thursday,2026,local,,,,,,automation,,,,,"weather_index_report",,unconfined,,,,,1,,,,,"'org.freedesktop.hostname1'",940,,"__::__-[]:_[]___:__='..'_='-...'___':.'_(=_=_=""///",,,,"weather-data (1)","weather_data",automation,,,,,16,,0,,100,"'dbus-org.freedesktop.hostname1.service'",,,
,,,,"Sep 24 15:10:07 automation kernel: [89849.594885] e1000: enp0s3 NIC Link is Down","2026-09-24T15:10:07.000+0000",,,,,,,,,15,24,10,september,7,thursday,2026,local,,,,,,automation,,,,,"weather_index_report",,,,,,,1,,,,,,,,"__::__:_[.]_:_____",,,,"weather-data (1)","weather_data",automation,,,,,16,,0,,,,,,
,,,,"Sep 24 15:10:07 automation systemd-networkd[940]: enp0s3: Lost carrier","2026-09-24T15:10:07.000+0000",,,,,,,,,15,24,10,september,7,thursday,2026,local,,,,,,automation,,,,,"weather_index_report",,,,,,,1,,,,,,,,"__::__-[]:_:__",,,,"weather-data (1)","weather_data",automation,,,,,16,,0,,,,,,
,,,,"Sep 24 15:10:07 automation kernel: [89849.594885] e1000: enp0s3 NIC Link is Down","2026-09-24T15:10:07.000+0000",,,,,,,,,15,24,10,september,7,thursday,2026,local,,,,,,automation,,,,,"weather_index_report",,,,,,,1,,,,,,,,"__::__:_[.]_:_____",,,,"weather-data (1)","weather_data",automation,,,,,16,,0,,,,,,
,,,,"Sep 24 15:10:07 automation systemd-networkd[940]: enp0s3: Lost carrier","2026-09-24T15:10:07.000+0000",,,,,,,,,15,24,10,september,7,thursday,2026,local,,,,,,automation,,,,,"weather_index_report",,,,,,,1,,,,,,,,"__::__-[]:_:__",,,,"weather-data (1)","weather_data",automation,,,,,16,,0,,,,,,
,,,,"Sep 24 15:05:01 automation CRON[19081]: (root) CMD (command -v debian-sa1 > /dev/null && debian-sa1 1 1)","2026-09-24T15:05:01.000+0000",,,,,,,,,15,24,5,september,1,thursday,2026,local,,,,,,automation,,,,,"weather_index_report",,,,,,,1,,,,,,,,"__::__[]:_()__(_-_-_>_//_&&_-__)",,,,"weather-data (1)","weather_data",automation,,,,,16,,0,,,,,,
,,,,"Sep 24 15:05:01 automation CRON[19081]: (root) CMD (command -v debian-sa1 > /dev/null && debian-sa1 1 1)","2026-09-24T15:05:01.000+0000",,,,,,,,,15,24,5,september,1,thursday,2026,local,,,,,,automation,,,,,"weather_index_report",,,,,,,1,,,,,,,,"__::__[]:_()__(_-_-_>_//_&&_-__)",,,,"weather-data (1)","weather_data",automation,,,,,16,,0,,,,,,
,,,,"Sep 24 14:55:01 automation CRON[19075]: (root) CMD (command -v debian-sa1 > /dev/null && debian-sa1 1 1)","2026-09-24T14:55:01.000+0000",,,,,,,,,14,24,55,september,1,thursday,2026,local,,,,,,automation,,,,,"weather_index_report",,,,,,,1,,,,,,,,"__::__[]:_()__(_-_-_>_//_&&_-__)",,,,"weather-data (1)","weather_data",automation,,,,,16,,0,,,,,,
,,,,"Sep 24 14:55:01 automation CRON[19075]: (root) CMD (command -v debian-sa1 > /dev/null && debian-sa1 1 1)","2026-09-24T14:55:01.000+0000",,,,,,,,,14,24,55,september,1,thursday,2026,local,,,,,,automation,,,,,"weather_index_report",,,,,,,1,,,,,,,,"__::__[]:_()__(_-_-_>_//_&&_-__)",,,,"weather-data (1)","weather_data",automation,,,,,16,,0,,,,,,
,,,,"Sep 24 14:47:35 automation systemd[1]: Started Hostname Service.","2026-09-24T14:47:35.000+0000",,,,,,,,,14,24,47,september,35,thursday,2026,local,,,,,,automation,,,,,"weather_index_report",,,,,,,1,,,,,,,,"__::__[]:___.",,,,"weather-data (1)","weather_data",automation,,,,,16,,0,,,,,,
,,,,"Sep 24 14:47:35 automation dbus-daemon[1060]: [system] Successfully activated service 'org.freedesktop.hostname1'","2026-09-24T14:47:35.000+0000",,,,,,,,,14,24,47,september,35,thursday,2026,local,,,,,,automation,,,,,"weather_index_report",,,,,,,1,,,,,,,,"__::__-[]:_[]____'..'",,,,"weather-data (1)","weather_data",automation,,,,,16,,0,,,,,,
,,,,"Sep 24 14:47:35 automation systemd-timesyncd[740]: Synchronized to time server [2620:2d:4000:1::41]:123 (ntp.ubuntu.com).","2026-09-24T14:47:35.000+0000",,,,,,,,,14,24,47,september,35,thursday,2026,local,,,,,,automation,,,,,"weather_index_report",,,,,,,1,,,,,,,,"__::__-[]:_____[:::::]:_(..).",,,,"weather-data (1)","weather_data",automation,,,,,16,,0,,,,,,
,,,,"Sep 24 14:47:35 automation systemd-networkd[940]: enp0s3: Configured","2026-09-24T14:47:35.000+0000",,,,,,,,,14,24,47,september,35,thursday,2026,local,,,,,,automation,,,,,"weather_index_report",,,,,,,1,,,,,,,,"__::__-[]:_:_",,,,"weather-data (1)","weather_data",automation,,,,,16,,0,,,,,,
,,,,"Sep 24 14:47:35 automation systemd-networkd[940]: enp0s3: DHCPv4 address 192.168.0.18/24 via 192.168.0.1","2026-09-24T14:47:35.000+0000",,,,,,,,,14,24,47,september,35,thursday,2026,local,,,,,,automation,,,,,"weather_index_report",,,,,,,1,,,,,,,,"__::__-[]:_:___.../__...",,,,"weather-data (1)","weather_data",automation,,,,,16,,0,,,,,,
,,,,"Sep 24 14:47:35 automation systemd[1]: Starting Hostname Service...","2026-09-24T14:47:35.000+0000",,,,,,,,,14,24,47,september,35,thursday,2026,local,,,,,,automation,,,,,"weather_index_report",,,,,,,1,,,,,,,,"__::__[]:___...",,,,"weather-data (1)","weather_data",automation,,,,,16,,0,,,,,,
,,,,"Sep 24 14:47:35 automation systemd-timesyncd[740]: Network configuration changed, trying to establish connection.","2026-09-24T14:47:35.000+0000",,,,,,,,,14,24,47,september,35,thursday,2026,local,,,,,,automation,,,,,"weather_index_report",,,,,,,1,,,,,,,,"__::__-[]:___,____.",,,,"weather-data (1)","weather_data",automation,,,,,16,,0,,,,,,
,,,,"Sep 24 14:47:35 automation dbus-daemon[1060]: [system] Activating via systemd: service name='org.freedesktop.hostname1' unit='dbus-org.freedesktop.hostname1.service' requested by ':1.2' (uid=100 pid=940 comm=""/lib/systemd/systemd-networkd "" label=""unconfined"")","2026-09-24T14:47:35.000+0000",,,,,,"/lib/systemd/systemd-networkd",,,14,24,47,september,35,thursday,2026,local,,,,,,automation,,,,,"weather_index_report",,unconfined,,,,,1,,,,,"'org.freedesktop.hostname1'",940,,"__::__-[]:_[]___:__='..'_='-...'___':.'_(=_=_=""///",,,,"weather-data (1)","weather_data",automation,,,,,16,,0,,100,"'dbus-org.freedesktop.hostname1.service'",,,
,,,,"Sep 24 14:47:35 automation systemd-networkd[940]: enp0s3: DHCP lease lost","2026-09-24T14:47:35.000+0000",,,,,,,,,14,24,47,september,35,thursday,2026,local,,,,,,automation,,,,,"weather_index_report",,,,,,,1,,,,,,,,"__::__-[]:_:___",,,,"weather-data (1)","weather_data",automation,,,,,16,,0,,,,,,
,,,,"Sep 24 14:47:35 automation systemd[1]: Started Hostname Service.","2026-09-24T14:47:35.000+0000",,,,,,,,,14,24,47,september,35,thursday,2026,local,,,,,,automation,,,,,"weather_index_report",,,,,,,1,,,,,,,,"__::__[]:___.",,,,"weather-data (1)","weather_data",automation,,,,,16,,0,,,,,,
,,,,"Sep 24 14:47:35 automation dbus-daemon[1060]: [system] Successfully activated service 'org.freedesktop.hostname1'","2026-09-24T14:47:35.000+0000",,,,,,,,,14,24,47,september,35,thursday,2026,local,,,,,,automation,,,,,"weather_index_report",,,,,,,1,,,,,,,,"__::__-[]:_[]____'..'",,,,"weather-data (1)","weather_data",automation,,,,,16,,0,,,,,,
,,,,"Sep 24 14:47:35 automation systemd-timesyncd[740]: Synchronized to time server [2620:2d:4000:1::41]:123 (ntp.ubuntu.com).","2026-09-24T14:47:35.000+0000",,,,,,,,,14,24,47,september,35,thursday,2026,local,,,,,,automation,,,,,"weather_index_report",,,,,,,1,,,,,,,,"__::__-[]:_____[:::::]:_(..).",,,,"weather-data (1)","weather_data",automation,,,,,16,,0,,,,,,
,,,,"Sep 24 14:47:35 automation systemd-networkd[940]: enp0s3: Configured","2026-09-24T14:47:35.000+0000",,,,,,,,,14,24,47,september,35,thursday,2026,local,,,,,,automation,,,,,"weather_index_report",,,,,,,1,,,,,,,,"__::__-[]:_:_",,,,"weather-data (1)","weather_data",automation,,,,,16,,0,,,,,,
,,,,"Sep 24 14:47:35 automation systemd-networkd[940]: enp0s3: DHCPv4 address 192.168.0.18/24 via 192.168.0.1","2026-09-24T14:47:35.000+0000",,,,,,,,,14,24,47,september,35,thursday,2026,local,,,,,,automation,,,,,"weather_index_report",,,,,,,1,,,,,,,,"__::__-[]:_:___.../__...",,,,"weather-data (1)","weather_data",automation,,,,,16,,0,,,,,,
,,,,"Sep 24 14:47:35 automation systemd[1]: Starting Hostname Service...","2026-09-24T14:47:35.000+0000",,,,,,,,,14,24,47,september,35,thursday,2026,local,,,,,,automation,,,,,"weather_index_report",,,,,,,1,,,,,,,,"__::__[]:___...",,,,"weather-data (1)","weather_data",automation,,,,,16,,0,,,,,,
,,,,"Sep 24 14:47:35 automation systemd-timesyncd[740]: Network configuration changed, trying to establish connection.","2026-09-24T14:47:35.000+0000",,,,,,,,,14,24,47,september,35,thursday,2026,local,,,,,,automation,,,,,"weather_index_report",,,,,,,1,,,,,,,,"__::__-[]:___,____.",,,,"weather-data (1)","weather_data",automation,,,,,16,,0,,,,,,
,,,,"Sep 24 14:47:35 automation dbus-daemon[1060]: [system] Activating via systemd: service name='org.freedesktop.hostname1' unit='dbus-org.freedesktop.hostname1.service' requested by ':1.2' (uid=100 pid=940 comm=""/lib/systemd/systemd-networkd "" label=""unconfined"")","2026-09-24T14:47:35.000+0000",,,,,,"/lib/systemd/systemd-networkd",,,14,24,47,september,35,thursday,2026,local,,,,,,automation,,,,,"weather_index_report",,unconfined,,,,,1,,,,,"'org.freedesktop.hostname1'",940,,"__::__-[]:_[]___:__='..'_='-...'___':.'_(=_=_=""///",,,,"weather-data (1)","weather_data",automation,,,,,16,,0,,100,"'dbus-org.freedesktop.hostname1.service'",,,
,,,,"Sep 24 14:47:35 automation systemd-networkd[940]: enp0s3: DHCP lease lost","2026-09-24T14:47:35.000+0000",,,,,,,,,14,24,47,september,35,thursday,2026,local,,,,,,automation,,,,,"weather_index_report",,,,,,,1,,,,,,,,"__::__-[]:_:___",,,,"weather-data (1)","weather_data",automation,,,,,16,,0,,,,,,
,,,,"Sep 24 14:45:01 automation CRON[19037]: (root) CMD (command -v debian-sa1 > /dev/null && debian-sa1 1 1)","2026-09-24T14:45:01.000+0000",,,,,,,,,14,24,45,september,1,thursday,2026,local,,,,,,automation,,,,,"weather_index_report",,,,,,,1,,,,,,,,"__::__[]:_()__(_-_-_>_//_&&_-__)",,,,"weather-data (1)","weather_data",automation,,,,,16,,0,,,,,,
,,,,"Sep 24 14:45:01 automation CRON[19037]: (root) CMD (command -v debian-sa1 > /dev/null && debian-sa1 1 1)","2026-09-24T14:45:01.000+0000",,,,,,,,,14,24,45,september,1,thursday,2026,local,,,,,,automation,,,,,"weather_index_report",,,,,,,1,,,,,,,,"__::__[]:_()__(_-_-_>_//_&&_-__)",,,,"weather-data (1)","weather_data",automation,,,,,16,,0,,,,,,
,,,,"Sep 24 14:43:50 automation grafana-agent[1126]: ts=2024-09-24T14:43:50.046015483Z caller=cleaner.go:203 level=warn agent=prometheus component=cleaner msg=""unable to find segment mtime of WAL"" name=/var/lib/grafana-agent/.cache err=""unable to open WAL: open /var/lib/grafana-agent/.cache/wal: no such file or directory""","2026-09-24T14:43:50.000+0000",prometheus,,,,"cleaner.go:203",,cleaner,,14,24,43,september,50,thursday,2026,local,,"unable to open WAL: open /var/lib/grafana-agent/.cache/wal: no such file or directory",,,,automation,,,,,"weather_index_report",,,,,,warn,1,,,,"unable to find segment mtime of WAL","/var/lib/grafana-agent/.cache",,,"__::__-[]:_=--::._=.:_=_=_=_=""______""_=///-/._=""__",,,,"weather-data (1)","weather_data",automation,,,,,16,,0,"2024-09-24T14:43:50.046015483Z",,,,,
,,,,"Sep 24 14:43:50 automation grafana-agent[1126]: ts=2024-09-24T14:43:50.046015483Z caller=cleaner.go:203 level=warn agent=prometheus component=cleaner msg=""unable to find segment mtime of WAL"" name=/var/lib/grafana-agent/.cache err=""unable to open WAL: open /var/lib/grafana-agent/.cache/wal: no such file or directory""","2026-09-24T14:43:50.000+0000",prometheus,,,,"cleaner.go:203",,cleaner,,14,24,43,september,50,thursday,2026,local,,"unable to open WAL: open /var/lib/grafana-agent/.cache/wal: no such file or directory",,,,automation,,,,,"weather_index_report",,,,,,warn,1,,,,"unable to find segment mtime of WAL","/var/lib/grafana-agent/.cache",,,"__::__-[]:_=--::._=.:_=_=_=_=""______""_=///-/._=""__",,,,"weather-data (1)","weather_data",automation,,,,,16,,0,"2024-09-24T14:43:50.046015483Z",,,,,
,,,,"Sep 24 14:35:01 automation CRON[19031]: (root) CMD (command -v debian-sa1 > /dev/null && debian-sa1 1 1)","2026-09-24T14:35:01.000+0000",,,,,,,,,14,24,35,september,1,thursday,2026,local,,,,,,automation,,,,,"weather_index_report",,,,,,,1,,,,,,,,"__::__[]:_()__(_-_-_>_//_&&_-__)",,,,"weather-data (1)","weather_data",automation,,,,,16,,0,,,,,,
,,,,"Sep 24 14:35:01 automation CRON[19031]: (root) CMD (command -v debian-sa1 > /dev/null && debian-sa1 1 1)","2026-09-24T14:35:01.000+0000",,,,,,,,,14,24,35,september,1,thursday,2026,local,,,,,,automation,,,,,"weather_index_report",,,,,,,1,,,,,,,,"__::__[]:_()__(_-_-_>_//_&&_-__)",,,,"weather-data (1)","weather_data",automation,,,,,16,,0,,,,,,
,,,,"Sep 24 14:27:55 automation systemd[1]: Started Cleanup of Temporary Directories.","2026-09-24T14:27:55.000+0000",,,,,,,,,14,24,27,september,55,thursday,2026,local,,,,,,automation,,,,,"weather_index_report",,,,,,,1,,,,,,,,"__::__[]:_____.",,,,"weather-data (1)","weather_data",automation,,,,,16,,0,,,,,,
,,,,"Sep 24 14:27:55 automation systemd[1]: Starting Cleanup of Temporary Directories...","2026-09-24T14:27:55.000+0000",,,,,,,,,14,24,27,september,55,thursday,2026,local,,,,,,automation,,,,,"weather_index_report",,,,,,,1,,,,,,,,"__::__[]:_____...",,,,"weather-data (1)","weather_data",automation,,,,,16,,0,,,,,,
,,,,"Sep 24 14:27:55 automation systemd[1]: Started Cleanup of Temporary Directories.","2026-09-24T14:27:55.000+0000",,,,,,,,,14,24,27,september,55,thursday,2026,local,,,,,,automation,,,,,"weather_index_report",,,,,,,1,,,,,,,,"__::__[]:_____.",,,,"weather-data (1)","weather_data",automation,,,,,16,,0,,,,,,
,,,,"Sep 24 14:27:55 automation systemd[1]: Starting Cleanup of Temporary Directories...","2026-09-24T14:27:55.000+0000",,,,,,,,,14,24,27,september,55,thursday,2026,local,,,,,,automation,,,,,"weather_index_report",,,,,,,1,,,,,,,,"__::__[]:_____...",,,,"weather-data (1)","weather_data",automation,,,,,16,,0,,,,,,
,,,,"Sep 24 14:25:01 automation CRON[19006]: (root) CMD (command -v debian-sa1 > /dev/null && debian-sa1 1 1)","2026-09-24T14:25:01.000+0000",,,,,,,,,14,24,25,september,1,thursday,2026,local,,,,,,automation,,,,,"weather_index_report",,,,,,,1,,,,,,,,"__::__[]:_()__(_-_-_>_//_&&_-__)",,,,"weather-data (1)","weather_data",automation,,,,,16,,0,,,,,,
,,,,"Sep 24 14:25:01 automation CRON[19006]: (root) CMD (command -v debian-sa1 > /dev/null && debian-sa1 1 1)","2026-09-24T14:25:01.000+0000",,,,,,,,,14,24,25,september,1,thursday,2026,local,,,,,,automation,,,,,"weather_index_report",,,,,,,1,,,,,,,,"__::__[]:_()__(_-_-_>_//_&&_-__)",,,,"weather-data (1)","weather_data",automation,,,,,16,,0,,,,,,
,,,,"Sep 24 14:21:41 automation systemd[1]: Started Daily apt upgrade and clean activities.","2026-09-24T14:21:41.000+0000",,,,,,,,,14,24,21,september,41,thursday,2026,local,,,,,,automation,,,,,"weather_index_report",,,,,,,1,,,,,,,,"__::__[]:_______.",,,,"weather-data (1)","weather_data",automation,,,,,16,,0,,,,,,
,,,,"Sep 24 14:21:41 automation systemd[1]: Starting Daily apt upgrade and clean activities...","2026-09-24T14:21:41.000+0000",,,,,,,,,14,24,21,september,41,thursday,2026,local,,,,,,automation,,,,,"weather_index_report",,,,,,,1,,,,,,,,"__::__[]:_______...",,,,"weather-data (1)","weather_data",automation,,,,,16,,0,,,,,,
,,,,"Sep 24 14:21:41 automation systemd[1]: Started Daily apt download activities.","2026-09-24T14:21:41.000+0000",,,,,,,,,14,24,21,september,41,thursday,2026,local,,,,,,automation,,,,,"weather_index_report",,,,,,,1,,,,,,,,"__::__[]:_____.",,,,"weather-data (1)","weather_data",automation,,,,,16,,0,,,,,,
,,,,"Sep 24 14:21:41 automation systemd[1]: Starting Daily apt download activities...","2026-09-24T14:21:41.000+0000",,,,,,,,,14,24,21,september,41,thursday,2026,local,,,,,,automation,,,,,"weather_index_report",,,,,,,1,,,,,,,,"__::__[]:_____...",,,,"weather-data (1)","weather_data",automation,,,,,16,,0,,,,,,
,,,,"Sep 24 14:21:41 automation systemd-timesyncd[740]: Synchronized to time server [2620:2d:4000:1::41]:123 (ntp.ubuntu.com).","2026-09-24T14:21:41.000+0000",,,,,,,,,14,24,21,september,41,thursday,2026,local,,,,,,automation,,,,,"weather_index_report",,,,,,,1,,,,,,,,"__::__-[]:_____[:::::]:_(..).",,,,"weather-data (1)","weather_data",automation,,,,,16,,0,,,,,,
,,,,"Sep 24 14:21:41 automation systemd[1]: Started Daily apt upgrade and clean activities.","2026-09-24T14:21:41.000+0000",,,,,,,,,14,24,21,september,41,thursday,2026,local,,,,,,automation,,,,,"weather_index_report",,,,,,,1,,,,,,,,"__::__[]:_______.",,,,"weather-data (1)","weather_data",automation,,,,,16,,0,,,,,,
,,,,"Sep 24 14:21:41 automation systemd[1]: Starting Daily apt upgrade and clean activities...","2026-09-24T14:21:41.000+0000",,,,,,,,,14,24,21,september,41,thursday,2026,local,,,,,,automation,,,,,"weather_index_report",,,,,,,1,,,,,,,,"__::__[]:_______...",,,,"weather-data (1)","weather_data",automation,,,,,16,,0,,,,,,
,,,,"Sep 24 14:21:41 automation systemd[1]: Started Daily apt download activities.","2026-09-24T14:21:41.000+0000",,,,,,,,,14,24,21,september,41,thursday,2026,local,,,,,,automation,,,,,"weather_index_report",,,,,,,1,,,,,,,,"__::__[]:_____.",,,,"weather-data (1)","weather_data",automation,,,,,16,,0,,,,,,
,,,,"Sep 24 14:21:41 automation systemd[1]: Starting Daily apt download activities...","2026-09-24T14:21:41.000+0000",,,,,,,,,14,24,21,september,41,thursday,2026,local,,,,,,automation,,,,,"weather_index_report",,,,,,,1,,,,,,,,"__::__[]:_____...",,,,"weather-data (1)","weather_data",automation,,,,,16,,0,,,,,,
,,,,"Sep 24 14:21:41 automation systemd-timesyncd[740]: Synchronized to time server [2620:2d:4000:1::41]:123 (ntp.ubuntu.com).","2026-09-24T14:21:41.000+0000",,,,,,,,,14,24,21,september,41,thursday,2026,local,,,,,,automation,,,,,"weather_index_report",,,,,,,1,,,,,,,,"__::__-[]:_____[:::::]:_(..).",,,,"weather-data (1)","weather_data",automation,,,,,16,,0,,,,,,
,,,,"Sep 24 04:25:01 automation CRON[18922]: (root) CMD (command -v debian-sa1 > /dev/null && debian-sa1 1 1)","2026-09-24T04:25:01.000+0000",,,,,,,,,4,24,25,september,1,thursday,2026,local,,,,,,automation,,,,,"weather_index_report",,,,,,,1,,,,,,,,"__::__[]:_()__(_-_-_>_//_&&_-__)",,,,"weather-data (1)","weather_data",automation,,,,,16,,0,,,,,,
,,,,"Sep 24 04:25:01 automation CRON[18922]: (root) CMD (command -v debian-sa1 > /dev/null && debian-sa1 1 1)","2026-09-24T04:25:01.000+0000",,,,,,,,,4,24,25,september,1,thursday,2026,local,,,,,,automation,,,,,"weather_index_report",,,,,,,1,,,,,,,,"__::__[]:_()__(_-_-_>_//_&&_-__)",,,,"weather-data (1)","weather_data",automation,,,,,16,,0,,,,,,
,,,,"Sep 24 04:19:03 automation jenkins[1137]: 2024-09-24 04:19:03.212+0000 [id=279]#011INFO#011hudson.util.Retrier#start: Performed the action check updates server successfully at the attempt #1","2026-09-24T04:19:03.000+0000",,,,,,,,,4,24,19,september,3,thursday,2026,local,,,,,,automation,279,,,,"weather_index_report",,,,,,,1,,,,,,,,"__::__[]:_--_::.+_[=]##..#:___________#",,,,"weather-data (1)","weather_data",automation,,,,,16,,0,,,,,,
,,,,"Sep 24 04:19:03 automation jenkins[1137]: 2024-09-24 04:19:03.211+0000 [id=279]#011INFO#011h.m.DownloadService$Downloadable#load: Obtained the updated data file for hudson.tools.JDKInstaller","2026-09-24T04:19:03.000+0000",,,,,,,,,4,24,19,september,3,thursday,2026,local,,,,,,automation,279,,,,"weather_index_report",,,,,,,1,,,,,,,,"__::__[]:_--_::.+_[=]##..$#:_______..",,,,"weather-data (1)","weather_data",automation,,,,,16,,0,,,,,,
,,,,"Sep 24 04:19:03 automation jenkins[1137]: 2024-09-24 04:19:03.212+0000 [id=279]#011INFO#011hudson.util.Retrier#start: Performed the action check updates server successfully at the attempt #1","2026-09-24T04:19:03.000+0000",,,,,,,,,4,24,19,september,3,thursday,2026,local,,,,,,automation,279,,,,"weather_index_report",,,,,,,1,,,,,,,,"__::__[]:_--_::.+_[=]##..#:___________#",,,,"weather-data (1)","weather_data",automation,,,,,16,,0,,,,,,
,,,,"Sep 24 04:19:03 automation jenkins[1137]: 2024-09-24 04:19:03.211+0000 [id=279]#011INFO#011h.m.DownloadService$Downloadable#load: Obtained the updated data file for hudson.tools.JDKInstaller","2026-09-24T04:19:03.000+0000",,,,,,,,,4,24,19,september,3,thursday,2026,local,,,,,,automation,279,,,,"weather_index_report",,,,,,,1,,,,,,,,"__::__[]:_--_::.+_[=]##..$#:_______..",,,,"weather-data (1)","weather_data",automation,,,,,16,,0,,,,,,
,,,,"Sep 24 04:19:01 automation jenkins[1137]: 2024-09-24 04:19:01.422+0000 [id=279]#011INFO#011h.m.DownloadService$Downloadable#load: Obtained the updated data file for hudson.plugins.gradle.GradleInstaller","2026-09-24T04:19:01.000+0000",,,,,,,,,4,24,19,september,1,thursday,2026,local,,,,,,automation,279,,,,"weather_index_report",,,,,,,1,,,,,,,,"__::__[]:_--_::.+_[=]##..$#:_______...",,,,"weather-data (1)","weather_data",automation,,,,,16,,0,,,,,,
,,,,"Sep 24 04:19:01 automation jenkins[1137]: 2024-09-24 04:19:01.422+0000 [id=279]#011INFO#011h.m.DownloadService$Downloadable#load: Obtained the updated data file for hudson.plugins.gradle.GradleInstaller","2026-09-24T04:19:01.000+0000",,,,,,,,,4,24,19,september,1,thursday,2026,local,,,,,,automation,279,,,,"weather_index_report",,,,,,,1,,,,,,,,"__::__[]:_--_::.+_[=]##..$#:_______...",,,,"weather-data (1)","weather_data",automation,,,,,16,,0,,,,,,
,,,,"Sep 24 04:19:00 automation jenkins[1137]: 2024-09-24 04:19:00.956+0000 [id=279]#011INFO#011h.m.DownloadService$Downloadable#load: Obtained the updated data file for hudson.tasks.Ant.AntInstaller","2026-09-24T04:19:00.000+0000",,,,,,,,,4,24,19,september,0,thursday,2026,local,,,,,,automation,279,,,,"weather_index_report",,,,,,,1,,,,,,,,"__::__[]:_--_::.+_[=]##..$#:_______...",,,,"weather-data (1)","weather_data",automation,,,,,16,,0,,,,,,
,,,,"Sep 24 04:19:00 automation jenkins[1137]: 2024-09-24 04:19:00.603+0000 [id=279]#011INFO#011h.m.DownloadService$Downloadable#load: Obtained the updated data file for hudson.tasks.Maven.MavenInstaller","2026-09-24T04:19:00.000+0000",,,,,,,,,4,24,19,september,0,thursday,2026,local,,,,,,automation,279,,,,"weather_index_report",,,,,,,1,,,,,,,,"__::__[]:_--_::.+_[=]##..$#:_______...",,,,"weather-data (1)","weather_data",automation,,,,,16,,0,,,,,,
,,,,"Sep 24 04:19:00 automation jenkins[1137]: 2024-09-24 04:19:00.956+0000 [id=279]#011INFO#011h.m.DownloadService$Downloadable#load: Obtained the updated data file for hudson.tasks.Ant.AntInstaller","2026-09-24T04:19:00.000+0000",,,,,,,,,4,24,19,september,0,thursday,2026,local,,,,,,automation,279,,,,"weather_index_report",,,,,,,1,,,,,,,,"__::__[]:_--_::.+_[=]##..$#:_______...",,,,"weather-data (1)","weather_data",automation,,,,,16,,0,,,,,,
,,,,"Sep 24 04:19:00 automation jenkins[1137]: 2024-09-24 04:19:00.603+0000 [id=279]#011INFO#011h.m.DownloadService$Downloadable#load: Obtained the updated data file for hudson.tasks.Maven.MavenInstaller","2026-09-24T04:19:00.000+0000",,,,,,,,,4,24,19,september,0,thursday,2026,local,,,,,,automation,279,,,,"weather_index_report",,,,,,,1,,,,,,,,"__::__[]:_--_::.+_[=]##..$#:_______...",,,,"weather-data (1)","weather_data",automation,,,,,16,,0,,,,,,
,,,,"Sep 24 04:18:44 automation jenkins[1137]: 2024-09-24 04:18:44.920+0000 [id=279]#011INFO#011hudson.util.Retrier#start: Attempt #1 to do the action check updates server","2026-09-24T04:18:44.000+0000",,,,,,,,,4,24,18,september,44,thursday,2026,local,,,,,,automation,279,,,,"weather_index_report",,,,,,,1,,,,,,,,"__::__[]:_--_::.+_[=]##..#:__#_______",,,,"weather-data (1)","weather_data",automation,,,,,16,,0,,,,,,
,,,,"Sep 24 04:18:44 automation jenkins[1137]: 2024-09-24 04:18:44.920+0000 [id=279]#011INFO#011hudson.util.Retrier#start: Attempt #1 to do the action check updates server","2026-09-24T04:18:44.000+0000",,,,,,,,,4,24,18,september,44,thursday,2026,local,,,,,,automation,279,,,,"weather_index_report",,,,,,,1,,,,,,,,"__::__[]:_--_::.+_[=]##..#:__#_______",,,,"weather-data (1)","weather_data",automation,,,,,16,,0,,,,,,
,,,,"Sep 24 04:18:25 automation grafana-agent[1126]: ts=2024-09-24T04:18:25.690727889Z caller=cleaner.go:203 level=warn agent=prometheus component=cleaner msg=""unable to find segment mtime of WAL"" name=/var/lib/grafana-agent/.cache err=""unable to open WAL: open /var/lib/grafana-agent/.cache/wal: no such file or directory""","2026-09-24T04:18:25.000+0000",prometheus,,,,"cleaner.go:203",,cleaner,,4,24,18,september,25,thursday,2026,local,,"unable to open WAL: open /var/lib/grafana-agent/.cache/wal: no such file or directory",,,,automation,,,,,"weather_index_report",,,,,,warn,1,,,,"unable to find segment mtime of WAL","/var/lib/grafana-agent/.cache",,,"__::__-[]:_=--::._=.:_=_=_=_=""______""_=///-/._=""__",,,,"weather-data (1)","weather_data",automation,,,,,16,,0,"2024-09-24T04:18:25.690727889Z",,,,,
,,,,"Sep 24 04:18:25 automation grafana-agent[1126]: ts=2024-09-24T04:18:25.690727889Z caller=cleaner.go:203 level=warn agent=prometheus component=cleaner msg=""unable to find segment mtime of WAL"" name=/var/lib/grafana-agent/.cache err=""unable to open WAL: open /var/lib/grafana-agent/.cache/wal: no such file or directory""","2026-09-24T04:18:25.000+0000",prometheus,,,,"cleaner.go:203",,cleaner,,4,24,18,september,25,thursday,2026,local,,"unable to open WAL: open /var/lib/grafana-agent/.cache/wal: no such file or directory",,,,automation,,,,,"weather_index_report",,,,,,warn,1,,,,"unable to find segment mtime of WAL","/var/lib/grafana-agent/.cache",,,"__::__-[]:_=--::._=.:_=_=_=_=""______""_=///-/._=""__",,,,"weather-data (1)","weather_data",automation,,,,,16,,0,"2024-09-24T04:18:25.690727889Z",,,,,
,,,,"Sep 24 04:17:01 automation CRON[18901]: (root) CMD (   cd / && run-parts --report /etc/cron.hourly)","2026-09-24T04:17:01.000+0000",,,,,,,,,4,24,17,september,1,thursday,2026,local,,,,,,automation,,,,,"weather_index_report",,,,,,,1,,,,,,,,"__::__[]:_()__(____/_&&_-_--_//.)",,,,"weather-data (1)","weather_data",automation,,,,,16,,0,,,,,,
,,,,"Sep 24 04:17:01 automation CRON[18901]: (root) CMD (   cd / && run-parts --report /etc/cron.hourly)","2026-09-24T04:17:01.000+0000",,,,,,,,,4,24,17,september,1,thursday,2026,local,,,,,,automation,,,,,"weather_index_report",,,,,,,1,,,,,,,,"__::__[]:_()__(____/_&&_-_--_//.)",,,,"weather-data (1)","weather_data",automation,,,,,16,,0,,,,,,
,,,,"Sep 24 04:15:01 automation CRON[18898]: (root) CMD (command -v debian-sa1 > /dev/null && debian-sa1 1 1)","2026-09-24T04:15:01.000+0000",,,,,,,,,4,24,15,september,1,thursday,2026,local,,,,,,automation,,,,,"weather_index_report",,,,,,,1,,,,,,,,"__::__[]:_()__(_-_-_>_//_&&_-__)",,,,"weather-data (1)","weather_data",automation,,,,,16,,0,,,,,,
,,,,"Sep 24 04:15:01 automation CRON[18898]: (root) CMD (command -v debian-sa1 > /dev/null && debian-sa1 1 1)","2026-09-24T04:15:01.000+0000",,,,,,,,,4,24,15,september,1,thursday,2026,local,,,,,,automation,,,,,"weather_index_report",,,,,,,1,,,,,,,,"__::__[]:_()__(_-_-_>_//_&&_-__)",,,,"weather-data (1)","weather_data",automation,,,,,16,,0,,,,,,
,,,,"Sep 24 04:07:53 automation systemd[1]: Started Daily apt download activities.","2026-09-24T04:07:53.000+0000",,,,,,,,,4,24,7,september,53,thursday,2026,local,,,,,,automation,,,,,"weather_index_report",,,,,,,1,,,,,,,,"__::__[]:_____.",,,,"weather-data (1)","weather_data",automation,,,,,16,,0,,,,,,
,,,,"Sep 24 04:07:53 automation systemd[1]: Starting Daily apt download activities...","2026-09-24T04:07:53.000+0000",,,,,,,,,4,24,7,september,53,thursday,2026,local,,,,,,automation,,,,,"weather_index_report",,,,,,,1,,,,,,,,"__::__[]:_____...",,,,"weather-data (1)","weather_data",automation,,,,,16,,0,,,,,,
,,,,"Sep 24 04:07:53 automation systemd[1]: Started Daily apt download activities.","2026-09-24T04:07:53.000+0000",,,,,,,,,4,24,7,september,53,thursday,2026,local,,,,,,automation,,,,,"weather_index_report",,,,,,,1,,,,,,,,"__::__[]:_____.",,,,"weather-data (1)","weather_data",automation,,,,,16,,0,,,,,,
,,,,"Sep 24 04:07:53 automation systemd[1]: Starting Daily apt download activities...","2026-09-24T04:07:53.000+0000",,,,,,,,,4,24,7,september,53,thursday,2026,local,,,,,,automation,,,,,"weather_index_report",,,,,,,1,,,,,,,,"__::__[]:_____...",,,,"weather-data (1)","weather_data",automation,,,,,16,,0,,,,,,
,,,,"Sep 24 04:05:01 automation CRON[18850]: (root) CMD (command -v debian-sa1 > /dev/null && debian-sa1 1 1)","2026-09-24T04:05:01.000+0000",,,,,,,,,4,24,5,september,1,thursday,2026,local,,,,,,automation,,,,,"weather_index_report",,,,,,,1,,,,,,,,"__::__[]:_()__(_-_-_>_//_&&_-__)",,,,"weather-data (1)","weather_data",automation,,,,,16,,0,,,,,,
,,,,"Sep 24 04:05:01 automation CRON[18850]: (root) CMD (command -v debian-sa1 > /dev/null && debian-sa1 1 1)","2026-09-24T04:05:01.000+0000",,,,,,,,,4,24,5,september,1,thursday,2026,local,,,,,,automation,,,,,"weather_index_report",,,,,,,1,,,,,,,,"__::__[]:_()__(_-_-_>_//_&&_-__)",,,,"weather-data (1)","weather_data",automation,,,,,16,,0,,,,,,
,,,,"Sep 24 03:55:01 automation CRON[18846]: (root) CMD (command -v debian-sa1 > /dev/null && debian-sa1 1 1)","2026-09-24T03:55:01.000+0000",,,,,,,,,3,24,55,september,1,thursday,2026,local,,,,,,automation,,,,,"weather_index_report",,,,,,,1,,,,,,,,"__::__[]:_()__(_-_-_>_//_&&_-__)",,,,"weather-data (1)","weather_data",automation,,,,,16,,0,,,,,,
,,,,"Sep 24 03:55:01 automation CRON[18846]: (root) CMD (command -v debian-sa1 > /dev/null && debian-sa1 1 1)","2026-09-24T03:55:01.000+0000",,,,,,,,,3,24,55,september,1,thursday,2026,local,,,,,,automation,,,,,"weather_index_report",,,,,,,1,,,,,,,,"__::__[]:_()__(_-_-_>_//_&&_-__)",,,,"weather-data (1)","weather_data",automation,,,,,16,,0,,,,,,
,,,,"Sep 24 03:52:11 automation systemd-networkd[940]: enp0s3: Configured","2026-09-24T03:52:11.000+0000",,,,,,,,,3,24,52,september,11,thursday,2026,local,,,,,,automation,,,,,"weather_index_report",,,,,,,1,,,,,,,,"__::__-[]:_:_",,,,"weather-data (1)","weather_data",automation,,,,,16,,0,,,,,,
,,,,"Sep 24 03:52:11 automation systemd-networkd[940]: enp0s3: DHCPv4 address 192.168.0.18/24 via 192.168.0.1","2026-09-24T03:52:11.000+0000",,,,,,,,,3,24,52,september,11,thursday,2026,local,,,,,,automation,,,,,"weather_index_report",,,,,,,1,,,,,,,,"__::__-[]:_:___.../__...",,,,"weather-data (1)","weather_data",automation,,,,,16,,0,,,,,,
,,,,"Sep 24 03:52:11 automation systemd-networkd[940]: enp0s3: Configured","2026-09-24T03:52:11.000+0000",,,,,,,,,3,24,52,september,11,thursday,2026,local,,,,,,automation,,,,,"weather_index_report",,,,,,,1,,,,,,,,"__::__-[]:_:_",,,,"weather-data (1)","weather_data",automation,,,,,16,,0,,,,,,
,,,,"Sep 24 03:52:11 automation systemd-networkd[940]: enp0s3: DHCPv4 address 192.168.0.18/24 via 192.168.0.1","2026-09-24T03:52:11.000+0000",,,,,,,,,3,24,52,september,11,thursday,2026,local,,,,,,automation,,,,,"weather_index_report",,,,,,,1,,,,,,,,"__::__-[]:_:___.../__...",,,,"weather-data (1)","weather_data",automation,,,,,16,,0,,,,,,
,,,,"Sep 24 03:52:08 automation systemd-timesyncd[740]: Network configuration changed, trying to establish connection.","2026-09-24T03:52:08.000+0000",,,,,,,,,3,24,52,september,8,thursday,2026,local,,,,,,automation,,,,,"weather_index_report",,,,,,,1,,,,,,,,"__::__-[]:___,____.",,,,"weather-data (1)","weather_data",automation,,,,,16,,0,,,,,,
,,,,"Sep 24 03:52:08 automation kernel: [84895.312125] e1000: enp0s3 NIC Link is Up 1000 Mbps Full Duplex, Flow Control: RX","2026-09-24T03:52:08.000+0000",,,,,,,,,3,24,52,september,8,thursday,2026,local,,,,,,automation,,,,,"weather_index_report",,,,,,,1,,,,,,,,"__::__:_[.]_:_________,__:_",,,,"weather-data (1)","weather_data",automation,,,,,16,,0,,,,,,
,,,,"Sep 24 03:52:08 automation systemd-networkd[940]: enp0s3: Gained carrier","2026-09-24T03:52:08.000+0000",,,,,,,,,3,24,52,september,8,thursday,2026,local,,,,,,automation,,,,,"weather_index_report",,,,,,,1,,,,,,,,"__::__-[]:_:__",,,,"weather-data (1)","weather_data",automation,,,,,16,,0,,,,,,
,,,,"Sep 24 03:52:08 automation systemd[1]: Started Hostname Service.","2026-09-24T03:52:08.000+0000",,,,,,,,,3,24,52,september,8,thursday,2026,local,,,,,,automation,,,,,"weather_index_report",,,,,,,1,,,,,,,,"__::__[]:___.",,,,"weather-data (1)","weather_data",automation,,,,,16,,0,,,,,,
,,,,"Sep 24 03:52:08 automation systemd[1]: Starting Hostname Service...","2026-09-24T03:52:08.000+0000",,,,,,,,,3,24,52,september,8,thursday,2026,local,,,,,,automation,,,,,"weather_index_report",,,,,,,1,,,,,,,,"__::__[]:___...",,,,"weather-data (1)","weather_data",automation,,,,,16,,0,,,,,,
,,,,"Sep 24 03:52:08 automation dbus-daemon[1060]: [system] Successfully activated service 'org.freedesktop.hostname1'","2026-09-24T03:52:08.000+0000",,,,,,,,,3,24,52,september,8,thursday,2026,local,,,,,,automation,,,,,"weather_index_report",,,,,,,1,,,,,,,,"__::__-[]:_[]____'..'",,,,"weather-data (1)","weather_data",automation,,,,,16,,0,,,,,,
,,,,"Sep 24 03:52:08 automation systemd-networkd[940]: enp0s3: DHCPv6 lease lost","2026-09-24T03:52:08.000+0000",,,,,,,,,3,24,52,september,8,thursday,2026,local,,,,,,automation,,,,,"weather_index_report",,,,,,,1,,,,,,,,"__::__-[]:_:___",,,,"weather-data (1)","weather_data",automation,,,,,16,,0,,,,,,
,,,,"Sep 24 03:52:08 automation dbus-daemon[1060]: [system] Activating via systemd: service name='org.freedesktop.hostname1' unit='dbus-org.freedesktop.hostname1.service' requested by ':1.2' (uid=100 pid=940 comm=""/lib/systemd/systemd-networkd "" label=""unconfined"")","2026-09-24T03:52:08.000+0000",,,,,,"/lib/systemd/systemd-networkd",,,3,24,52,september,8,thursday,2026,local,,,,,,automation,,,,,"weather_index_report",,unconfined,,,,,1,,,,,"'org.freedesktop.hostname1'",940,,"__::__-[]:_[]___:__='..'_='-...'___':.'_(=_=_=""///",,,,"weather-data (1)","weather_data",automation,,,,,16,,0,,100,"'dbus-org.freedesktop.hostname1.service'",,,
,,,,"Sep 24 03:52:08 automation systemd-networkd[940]: enp0s3: DHCP lease lost","2026-09-24T03:52:08.000+0000",,,,,,,,,3,24,52,september,8,thursday,2026,local,,,,,,automation,,,,,"weather_index_report",,,,,,,1,,,,,,,,"__::__-[]:_:___",,,,"weather-data (1)","weather_data",automation,,,,,16,,0,,,,,,
,,,,"Sep 24 03:52:08 automation systemd-timesyncd[740]: Network configuration changed, trying to establish connection.","2026-09-24T03:52:08.000+0000",,,,,,,,,3,24,52,september,8,thursday,2026,local,,,,,,automation,,,,,"weather_index_report",,,,,,,1,,,,,,,,"__::__-[]:___,____.",,,,"weather-data (1)","weather_data",automation,,,,,16,,0,,,,,,
,,,,"Sep 24 03:52:08 automation kernel: [84895.312125] e1000: enp0s3 NIC Link is Up 1000 Mbps Full Duplex, Flow Control: RX","2026-09-24T03:52:08.000+0000",,,,,,,,,3,24,52,september,8,thursday,2026,local,,,,,,automation,,,,,"weather_index_report",,,,,,,1,,,,,,,,"__::__:_[.]_:_________,__:_",,,,"weather-data (1)","weather_data",automation,,,,,16,,0,,,,,,
,,,,"Sep 24 03:52:08 automation systemd-networkd[940]: enp0s3: Gained carrier","2026-09-24T03:52:08.000+0000",,,,,,,,,3,24,52,september,8,thursday,2026,local,,,,,,automation,,,,,"weather_index_report",,,,,,,1,,,,,,,,"__::__-[]:_:__",,,,"weather-data (1)","weather_data",automation,,,,,16,,0,,,,,,
,,,,"Sep 24 03:52:08 automation systemd[1]: Started Hostname Service.","2026-09-24T03:52:08.000+0000",,,,,,,,,3,24,52,september,8,thursday,2026,local,,,,,,automation,,,,,"weather_index_report",,,,,,,1,,,,,,,,"__::__[]:___.",,,,"weather-data (1)","weather_data",automation,,,,,16,,0,,,,,,
,,,,"Sep 24 03:52:08 automation systemd[1]: Starting Hostname Service...","2026-09-24T03:52:08.000+0000",,,,,,,,,3,24,52,september,8,thursday,2026,local,,,,,,automation,,,,,"weather_index_report",,,,,,,1,,,,,,,,"__::__[]:___...",,,,"weather-data (1)","weather_data",automation,,,,,16,,0,,,,,,
,,,,"Sep 24 03:52:08 automation dbus-daemon[1060]: [system] Successfully activated service 'org.freedesktop.hostname1'","2026-09-24T03:52:08.000+0000",,,,,,,,,3,24,52,september,8,thursday,2026,local,,,,,,automation,,,,,"weather_index_report",,,,,,,1,,,,,,,,"__::__-[]:_[]____'..'",,,,"weather-data (1)","weather_data",automation,,,,,16,,0,,,,,,
,,,,"Sep 24 03:52:08 automation systemd-networkd[940]: enp0s3: DHCPv6 lease lost","2026-09-24T03:52:08.000+0000",,,,,,,,,3,24,52,september,8,thursday,2026,local,,,,,,automation,,,,,"weather_index_report",,,,,,,1,,,,,,,,"__::__-[]:_:___",,,,"weather-data (1)","weather_data",automation,,,,,16,,0,,,,,,
,,,,"Sep 24 03:52:08 automation dbus-daemon[1060]: [system] Activating via systemd: service name='org.freedesktop.hostname1' unit='dbus-org.freedesktop.hostname1.service' requested by ':1.2' (uid=100 pid=940 comm=""/lib/systemd/systemd-networkd "" label=""unconfined"")","2026-09-24T03:52:08.000+0000",,,,,,"/lib/systemd/systemd-networkd",,,3,24,52,september,8,thursday,2026,local,,,,,,automation,,,,,"weather_index_report",,unconfined,,,,,1,,,,,"'org.freedesktop.hostname1'",940,,"__::__-[]:_[]___:__='..'_='-...'___':.'_(=_=_=""///",,,,"weather-data (1)","weather_data",automation,,,,,16,,0,,100,"'dbus-org.freedesktop.hostname1.service'",,,
,,,,"Sep 24 03:52:08 automation systemd-networkd[940]: enp0s3: DHCP lease lost","2026-09-24T03:52:08.000+0000",,,,,,,,,3,24,52,september,8,thursday,2026,local,,,,,,automation,,,,,"weather_index_report",,,,,,,1,,,,,,,,"__::__-[]:_:___",,,,"weather-data (1)","weather_data",automation,,,,,16,,0,,,,,,
,,,,"Sep 24 03:52:04 automation systemd-networkd[940]: enp0s3: Lost carrier","2026-09-24T03:52:04.000+0000",,,,,,,,,3,24,52,september,4,thursday,2026,local,,,,,,automation,,,,,"weather_index_report",,,,,,,1,,,,,,,,"__::__-[]:_:__",,,,"weather-data (1)","weather_data",automation,,,,,16,,0,,,,,,
,,,,"Sep 24 03:52:04 automation kernel: [84891.243230] e1000: enp0s3 NIC Link is Down","2026-09-24T03:52:04.000+0000",,,,,,,,,3,24,52,september,4,thursday,2026,local,,,,,,automation,,,,,"weather_index_report",,,,,,,1,,,,,,,,"__::__:_[.]_:_____",,,,"weather-data (1)","weather_data",automation,,,,,16,,0,,,,,,
,,,,"Sep 24 03:52:04 automation systemd-networkd[940]: enp0s3: Lost carrier","2026-09-24T03:52:04.000+0000",,,,,,,,,3,24,52,september,4,thursday,2026,local,,,,,,automation,,,,,"weather_index_report",,,,,,,1,,,,,,,,"__::__-[]:_:__",,,,"weather-data (1)","weather_data",automation,,,,,16,,0,,,,,,
,,,,"Sep 24 03:52:04 automation kernel: [84891.243230] e1000: enp0s3 NIC Link is Down","2026-09-24T03:52:04.000+0000",,,,,,,,,3,24,52,september,4,thursday,2026,local,,,,,,automation,,,,,"weather_index_report",,,,,,,1,,,,,,,,"__::__:_[.]_:_____",,,,"weather-data (1)","weather_data",automation,,,,,16,,0,,,,,,
,,,,"Sep 24 03:48:25 automation grafana-agent[1126]: ts=2024-09-24T03:48:25.792500168Z caller=cleaner.go:203 level=warn agent=prometheus component=cleaner msg=""unable to find segment mtime of WAL"" name=/var/lib/grafana-agent/.cache err=""unable to open WAL: open /var/lib/grafana-agent/.cache/wal: no such file or directory""","2026-09-24T03:48:25.000+0000",prometheus,,,,"cleaner.go:203",,cleaner,,3,24,48,september,25,thursday,2026,local,,"unable to open WAL: open /var/lib/grafana-agent/.cache/wal: no such file or directory",,,,automation,,,,,"weather_index_report",,,,,,warn,1,,,,"unable to find segment mtime of WAL","/var/lib/grafana-agent/.cache",,,"__::__-[]:_=--::._=.:_=_=_=_=""______""_=///-/._=""__",,,,"weather-data (1)","weather_data",automation,,,,,16,,0,"2024-09-24T03:48:25.792500168Z",,,,,
,,,,"Sep 24 03:48:25 automation grafana-agent[1126]: ts=2024-09-24T03:48:25.792500168Z caller=cleaner.go:203 level=warn agent=prometheus component=cleaner msg=""unable to find segment mtime of WAL"" name=/var/lib/grafana-agent/.cache err=""unable to open WAL: open /var/lib/grafana-agent/.cache/wal: no such file or directory""","2026-09-24T03:48:25.000+0000",prometheus,,,,"cleaner.go:203",,cleaner,,3,24,48,september,25,thursday,2026,local,,"unable to open WAL: open /var/lib/grafana-agent/.cache/wal: no such file or directory",,,,automation,,,,,"weather_index_report",,,,,,warn,1,,,,"unable to find segment mtime of WAL","/var/lib/grafana-agent/.cache",,,"__::__-[]:_=--::._=.:_=_=_=_=""______""_=///-/._=""__",,,,"weather-data (1)","weather_data",automation,,,,,16,,0,"2024-09-24T03:48:25.792500168Z",,,,,
,,,,"Sep 24 03:45:01 automation CRON[18810]: (root) CMD (command -v debian-sa1 > /dev/null && debian-sa1 1 1)","2026-09-24T03:45:01.000+0000",,,,,,,,,3,24,45,september,1,thursday,2026,local,,,,,,automation,,,,,"weather_index_report",,,,,,,1,,,,,,,,"__::__[]:_()__(_-_-_>_//_&&_-__)",,,,"weather-data (1)","weather_data",automation,,,,,16,,0,,,,,,
,,,,"Sep 24 03:45:01 automation CRON[18810]: (root) CMD (command -v debian-sa1 > /dev/null && debian-sa1 1 1)","2026-09-24T03:45:01.000+0000",,,,,,,,,3,24,45,september,1,thursday,2026,local,,,,,,automation,,,,,"weather_index_report",,,,,,,1,,,,,,,,"__::__[]:_()__(_-_-_>_//_&&_-__)",,,,"weather-data (1)","weather_data",automation,,,,,16,,0,,,,,,
,,,,"Sep 24 03:35:01 automation CRON[18805]: (root) CMD (command -v debian-sa1 > /dev/null && debian-sa1 1 1)","2026-09-24T03:35:01.000+0000",,,,,,,,,3,24,35,september,1,thursday,2026,local,,,,,,automation,,,,,"weather_index_report",,,,,,,1,,,,,,,,"__::__[]:_()__(_-_-_>_//_&&_-__)",,,,"weather-data (1)","weather_data",automation,,,,,16,,0,,,,,,
,,,,"Sep 24 03:35:01 automation CRON[18805]: (root) CMD (command -v debian-sa1 > /dev/null && debian-sa1 1 1)","2026-09-24T03:35:01.000+0000",,,,,,,,,3,24,35,september,1,thursday,2026,local,,,,,,automation,,,,,"weather_index_report",,,,,,,1,,,,,,,,"__::__[]:_()__(_-_-_>_//_&&_-__)",,,,"weather-data (1)","weather_data",automation,,,,,16,,0,,,,,,
,,,,"Sep 24 03:25:01 automation CRON[18799]: (root) CMD (command -v debian-sa1 > /dev/null && debian-sa1 1 1)","2026-09-24T03:25:01.000+0000",,,,,,,,,3,24,25,september,1,thursday,2026,local,,,,,,automation,,,,,"weather_index_report",,,,,,,1,,,,,,,,"__::__[]:_()__(_-_-_>_//_&&_-__)",,,,"weather-data (1)","weather_data",automation,,,,,16,,0,,,,,,
,,,,"Sep 24 03:25:01 automation CRON[18799]: (root) CMD (command -v debian-sa1 > /dev/null && debian-sa1 1 1)","2026-09-24T03:25:01.000+0000",,,,,,,,,3,24,25,september,1,thursday,2026,local,,,,,,automation,,,,,"weather_index_report",,,,,,,1,,,,,,,,"__::__[]:_()__(_-_-_>_//_&&_-__)",,,,"weather-data (1)","weather_data",automation,,,,,16,,0,,,,,,
,,,,"Sep 24 03:18:25 automation grafana-agent[1126]: ts=2024-09-24T03:18:25.687895355Z caller=cleaner.go:203 level=warn agent=prometheus component=cleaner msg=""unable to find segment mtime of WAL"" name=/var/lib/grafana-agent/.cache err=""unable to open WAL: open /var/lib/grafana-agent/.cache/wal: no such file or directory""","2026-09-24T03:18:25.000+0000",prometheus,,,,"cleaner.go:203",,cleaner,,3,24,18,september,25,thursday,2026,local,,"unable to open WAL: open /var/lib/grafana-agent/.cache/wal: no such file or directory",,,,automation,,,,,"weather_index_report",,,,,,warn,1,,,,"unable to find segment mtime of WAL","/var/lib/grafana-agent/.cache",,,"__::__-[]:_=--::._=.:_=_=_=_=""______""_=///-/._=""__",,,,"weather-data (1)","weather_data",automation,,,,,16,,0,"2024-09-24T03:18:25.687895355Z",,,,,
,,,,"Sep 24 03:18:25 automation grafana-agent[1126]: ts=2024-09-24T03:18:25.687895355Z caller=cleaner.go:203 level=warn agent=prometheus component=cleaner msg=""unable to find segment mtime of WAL"" name=/var/lib/grafana-agent/.cache err=""unable to open WAL: open /var/lib/grafana-agent/.cache/wal: no such file or directory""","2026-09-24T03:18:25.000+0000",prometheus,,,,"cleaner.go:203",,cleaner,,3,24,18,september,25,thursday,2026,local,,"unable to open WAL: open /var/lib/grafana-agent/.cache/wal: no such file or directory",,,,automation,,,,,"weather_index_report",,,,,,warn,1,,,,"unable to find segment mtime of WAL","/var/lib/grafana-agent/.cache",,,"__::__-[]:_=--::._=.:_=_=_=_=""______""_=///-/._=""__",,,,"weather-data (1)","weather_data",automation,,,,,16,,0,"2024-09-24T03:18:25.687895355Z",,,,,
,,,,"Sep 24 03:17:01 automation CRON[18786]: (root) CMD (   cd / && run-parts --report /etc/cron.hourly)","2026-09-24T03:17:01.000+0000",,,,,,,,,3,24,17,september,1,thursday,2026,local,,,,,,automation,,,,,"weather_index_report",,,,,,,1,,,,,,,,"__::__[]:_()__(____/_&&_-_--_//.)",,,,"weather-data (1)","weather_data",automation,,,,,16,,0,,,,,,
,,,,"Sep 24 03:17:01 automation CRON[18786]: (root) CMD (   cd / && run-parts --report /etc/cron.hourly)","2026-09-24T03:17:01.000+0000",,,,,,,,,3,24,17,september,1,thursday,2026,local,,,,,,automation,,,,,"weather_index_report",,,,,,,1,,,,,,,,"__::__[]:_()__(____/_&&_-_--_//.)",,,,"weather-data (1)","weather_data",automation,,,,,16,,0,,,,,,
,,,,"Sep 24 03:15:01 automation CRON[18782]: (root) CMD (command -v debian-sa1 > /dev/null && debian-sa1 1 1)","2026-09-24T03:15:01.000+0000",,,,,,,,,3,24,15,september,1,thursday,2026,local,,,,,,automation,,,,,"weather_index_report",,,,,,,1,,,,,,,,"__::__[]:_()__(_-_-_>_//_&&_-__)",,,,"weather-data (1)","weather_data",automation,,,,,16,,0,,,,,,
,,,,"Sep 24 03:15:01 automation CRON[18782]: (root) CMD (command -v debian-sa1 > /dev/null && debian-sa1 1 1)","2026-09-24T03:15:01.000+0000",,,,,,,,,3,24,15,september,1,thursday,2026,local,,,,,,automation,,,,,"weather_index_report",,,,,,,1,,,,,,,,"__::__[]:_()__(_-_-_>_//_&&_-__)",,,,"weather-data (1)","weather_data",automation,,,,,16,,0,,,,,,
,,,,"Sep 24 03:05:01 automation CRON[18777]: (root) CMD (command -v debian-sa1 > /dev/null && debian-sa1 1 1)","2026-09-24T03:05:01.000+0000",,,,,,,,,3,24,5,september,1,thursday,2026,local,,,,,,automation,,,,,"weather_index_report",,,,,,,1,,,,,,,,"__::__[]:_()__(_-_-_>_//_&&_-__)",,,,"weather-data (1)","weather_data",automation,,,,,16,,0,,,,,,
,,,,"Sep 24 03:05:01 automation CRON[18777]: (root) CMD (command -v debian-sa1 > /dev/null && debian-sa1 1 1)","2026-09-24T03:05:01.000+0000",,,,,,,,,3,24,5,september,1,thursday,2026,local,,,,,,automation,,,,,"weather_index_report",,,,,,,1,,,,,,,,"__::__[]:_()__(_-_-_>_//_&&_-__)",,,,"weather-data (1)","weather_data",automation,,,,,16,,0,,,,,,
,,,,"Sep 24 02:55:01 automation CRON[18757]: (root) CMD (command -v debian-sa1 > /dev/null && debian-sa1 1 1)","2026-09-24T02:55:01.000+0000",,,,,,,,,2,24,55,september,1,thursday,2026,local,,,,,,automation,,,,,"weather_index_report",,,,,,,1,,,,,,,,"__::__[]:_()__(_-_-_>_//_&&_-__)",,,,"weather-data (1)","weather_data",automation,,,,,16,,0,,,,,,
,,,,"Sep 24 02:55:01 automation CRON[18757]: (root) CMD (command -v debian-sa1 > /dev/null && debian-sa1 1 1)","2026-09-24T02:55:01.000+0000",,,,,,,,,2,24,55,september,1,thursday,2026,local,,,,,,automation,,,,,"weather_index_report",,,,,,,1,,,,,,,,"__::__[]:_()__(_-_-_>_//_&&_-__)",,,,"weather-data (1)","weather_data",automation,,,,,16,,0,,,,,,
,,,,"Sep 24 02:54:46 automation systemd-timesyncd[740]: Synchronized to time server [2620:2d:4000:1::40]:123 (ntp.ubuntu.com).","2026-09-24T02:54:46.000+0000",,,,,,,,,2,24,54,september,46,thursday,2026,local,,,,,,automation,,,,,"weather_index_report",,,,,,,1,,,,,,,,"__::__-[]:_____[:::::]:_(..).",,,,"weather-data (1)","weather_data",automation,,,,,16,,0,,,,,,
,,,,"Sep 24 02:54:46 automation systemd-networkd[940]: enp0s3: Configured","2026-09-24T02:54:46.000+0000",,,,,,,,,2,24,54,september,46,thursday,2026,local,,,,,,automation,,,,,"weather_index_report",,,,,,,1,,,,,,,,"__::__-[]:_:_",,,,"weather-data (1)","weather_data",automation,,,,,16,,0,,,,,,
,,,,"Sep 24 02:54:46 automation systemd-timesyncd[740]: Network configuration changed, trying to establish connection.","2026-09-24T02:54:46.000+0000",,,,,,,,,2,24,54,september,46,thursday,2026,local,,,,,,automation,,,,,"weather_index_report",,,,,,,1,,,,,,,,"__::__-[]:___,____.",,,,"weather-data (1)","weather_data",automation,,,,,16,,0,,,,,,
,,,,"Sep 24 02:54:46 automation systemd-networkd[940]: enp0s3: DHCPv4 address 192.168.0.18/24 via 192.168.0.1","2026-09-24T02:54:46.000+0000",,,,,,,,,2,24,54,september,46,thursday,2026,local,,,,,,automation,,,,,"weather_index_report",,,,,,,1,,,,,,,,"__::__-[]:_:___.../__...",,,,"weather-data (1)","weather_data",automation,,,,,16,,0,,,,,,
,,,,"Sep 24 02:54:46 automation systemd[1]: Started Hostname Service.","2026-09-24T02:54:46.000+0000",,,,,,,,,2,24,54,september,46,thursday,2026,local,,,,,,automation,,,,,"weather_index_report",,,,,,,1,,,,,,,,"__::__[]:___.",,,,"weather-data (1)","weather_data",automation,,,,,16,,0,,,,,,
,,,,"Sep 24 02:54:46 automation dbus-daemon[1060]: [system] Successfully activated service 'org.freedesktop.hostname1'","2026-09-24T02:54:46.000+0000",,,,,,,,,2,24,54,september,46,thursday,2026,local,,,,,,automation,,,,,"weather_index_report",,,,,,,1,,,,,,,,"__::__-[]:_[]____'..'",,,,"weather-data (1)","weather_data",automation,,,,,16,,0,,,,,,
,,,,"Sep 24 02:54:46 automation systemd-timesyncd[740]: Synchronized to time server [2620:2d:4000:1::40]:123 (ntp.ubuntu.com).","2026-09-24T02:54:46.000+0000",,,,,,,,,2,24,54,september,46,thursday,2026,local,,,,,,automation,,,,,"weather_index_report",,,,,,,1,,,,,,,,"__::__-[]:_____[:::::]:_(..).",,,,"weather-data (1)","weather_data",automation,,,,,16,,0,,,,,,
,,,,"Sep 24 02:54:46 automation systemd-timesyncd[740]: Synchronized to time server [2620:2d:4000:1::40]:123 (ntp.ubuntu.com).","2026-09-24T02:54:46.000+0000",,,,,,,,,2,24,54,september,46,thursday,2026,local,,,,,,automation,,,,,"weather_index_report",,,,,,,1,,,,,,,,"__::__-[]:_____[:::::]:_(..).",,,,"weather-data (1)","weather_data",automation,,,,,16,,0,,,,,,
,,,,"Sep 24 02:54:46 automation systemd-networkd[940]: enp0s3: Configured","2026-09-24T02:54:46.000+0000",,,,,,,,,2,24,54,september,46,thursday,2026,local,,,,,,automation,,,,,"weather_index_report",,,,,,,1,,,,,,,,"__::__-[]:_:_",,,,"weather-data (1)","weather_data",automation,,,,,16,,0,,,,,,
,,,,"Sep 24 02:54:46 automation systemd-timesyncd[740]: Network configuration changed, trying to establish connection.","2026-09-24T02:54:46.000+0000",,,,,,,,,2,24,54,september,46,thursday,2026,local,,,,,,automation,,,,,"weather_index_report",,,,,,,1,,,,,,,,"__::__-[]:___,____.",,,,"weather-data (1)","weather_data",automation,,,,,16,,0,,,,,,
,,,,"Sep 24 02:54:46 automation systemd-networkd[940]: enp0s3: DHCPv4 address 192.168.0.18/24 via 192.168.0.1","2026-09-24T02:54:46.000+0000",,,,,,,,,2,24,54,september,46,thursday,2026,local,,,,,,automation,,,,,"weather_index_report",,,,,,,1,,,,,,,,"__::__-[]:_:___.../__...",,,,"weather-data (1)","weather_data",automation,,,,,16,,0,,,,,,
,,,,"Sep 24 02:54:46 automation systemd[1]: Started Hostname Service.","2026-09-24T02:54:46.000+0000",,,,,,,,,2,24,54,september,46,thursday,2026,local,,,,,,automation,,,,,"weather_index_report",,,,,,,1,,,,,,,,"__::__[]:___.",,,,"weather-data (1)","weather_data",automation,,,,,16,,0,,,,,,
,,,,"Sep 24 02:54:46 automation dbus-daemon[1060]: [system] Successfully activated service 'org.freedesktop.hostname1'","2026-09-24T02:54:46.000+0000",,,,,,,,,2,24,54,september,46,thursday,2026,local,,,,,,automation,,,,,"weather_index_report",,,,,,,1,,,,,,,,"__::__-[]:_[]____'..'",,,,"weather-data (1)","weather_data",automation,,,,,16,,0,,,,,,
,,,,"Sep 24 02:54:46 automation systemd-timesyncd[740]: Synchronized to time server [2620:2d:4000:1::40]:123 (ntp.ubuntu.com).","2026-09-24T02:54:46.000+0000",,,,,,,,,2,24,54,september,46,thursday,2026,local,,,,,,automation,,,,,"weather_index_report",,,,,,,1,,,,,,,,"__::__-[]:_____[:::::]:_(..).",,,,"weather-data (1)","weather_data",automation,,,,,16,,0,,,,,,
,,,,"Sep 24 02:54:45 automation systemd[1]: Starting Hostname Service...","2026-09-24T02:54:45.000+0000",,,,,,,,,2,24,54,september,45,thursday,2026,local,,,,,,automation,,,,,"weather_index_report",,,,,,,1,,,,,,,,"__::__[]:___...",,,,"weather-data (1)","weather_data",automation,,,,,16,,0,,,,,,
,,,,"Sep 24 02:54:45 automation dbus-daemon[1060]: [system] Activating via systemd: service name='org.freedesktop.hostname1' unit='dbus-org.freedesktop.hostname1.service' requested by ':1.2' (uid=100 pid=940 comm=""/lib/systemd/systemd-networkd "" label=""unconfined"")","2026-09-24T02:54:45.000+0000",,,,,,"/lib/systemd/systemd-networkd",,,2,24,54,september,45,thursday,2026,local,,,,,,automation,,,,,"weather_index_report",,unconfined,,,,,1,,,,,"'org.freedesktop.hostname1'",940,,"__::__-[]:_[]___:__='..'_='-...'___':.'_(=_=_=""///",,,,"weather-data (1)","weather_data",automation,,,,,16,,0,,100,"'dbus-org.freedesktop.hostname1.service'",,,
,,,,"Sep 24 02:54:45 automation systemd-timesyncd[740]: Network configuration changed, trying to establish connection.","2026-09-24T02:54:45.000+0000",,,,,,,,,2,24,54,september,45,thursday,2026,local,,,,,,automation,,,,,"weather_index_report",,,,,,,1,,,,,,,,"__::__-[]:___,____.",,,,"weather-data (1)","weather_data",automation,,,,,16,,0,,,,,,
,,,,"Sep 24 02:54:45 automation systemd-networkd[940]: enp0s3: DHCP lease lost","2026-09-24T02:54:45.000+0000",,,,,,,,,2,24,54,september,45,thursday,2026,local,,,,,,automation,,,,,"weather_index_report",,,,,,,1,,,,,,,,"__::__-[]:_:___",,,,"weather-data (1)","weather_data",automation,,,,,16,,0,,,,,,
,,,,"Sep 24 02:54:45 automation systemd[1]: Starting Hostname Service...","2026-09-24T02:54:45.000+0000",,,,,,,,,2,24,54,september,45,thursday,2026,local,,,,,,automation,,,,,"weather_index_report",,,,,,,1,,,,,,,,"__::__[]:___...",,,,"weather-data (1)","weather_data",automation,,,,,16,,0,,,,,,
,,,,"Sep 24 02:54:45 automation dbus-daemon[1060]: [system] Activating via systemd: service name='org.freedesktop.hostname1' unit='dbus-org.freedesktop.hostname1.service' requested by ':1.2' (uid=100 pid=940 comm=""/lib/systemd/systemd-networkd "" label=""unconfined"")","2026-09-24T02:54:45.000+0000",,,,,,"/lib/systemd/systemd-networkd",,,2,24,54,september,45,thursday,2026,local,,,,,,automation,,,,,"weather_index_report",,unconfined,,,,,1,,,,,"'org.freedesktop.hostname1'",940,,"__::__-[]:_[]___:__='..'_='-...'___':.'_(=_=_=""///",,,,"weather-data (1)","weather_data",automation,,,,,16,,0,,100,"'dbus-org.freedesktop.hostname1.service'",,,
,,,,"Sep 24 02:54:45 automation systemd-timesyncd[740]: Network configuration changed, trying to establish connection.","2026-09-24T02:54:45.000+0000",,,,,,,,,2,24,54,september,45,thursday,2026,local,,,,,,automation,,,,,"weather_index_report",,,,,,,1,,,,,,,,"__::__-[]:___,____.",,,,"weather-data (1)","weather_data",automation,,,,,16,,0,,,,,,
,,,,"Sep 24 02:54:45 automation systemd-networkd[940]: enp0s3: DHCP lease lost","2026-09-24T02:54:45.000+0000",,,,,,,,,2,24,54,september,45,thursday,2026,local,,,,,,automation,,,,,"weather_index_report",,,,,,,1,,,,,,,,"__::__-[]:_:___",,,,"weather-data (1)","weather_data",automation,,,,,16,,0,,,,,,
,,,,"Sep 24 02:48:25 automation grafana-agent[1126]: ts=2024-09-24T02:48:25.687202189Z caller=cleaner.go:203 level=warn agent=prometheus component=cleaner msg=""unable to find segment mtime of WAL"" name=/var/lib/grafana-agent/.cache err=""unable to open WAL: open /var/lib/grafana-agent/.cache/wal: no such file or directory""","2026-09-24T02:48:25.000+0000",prometheus,,,,"cleaner.go:203",,cleaner,,2,24,48,september,25,thursday,2026,local,,"unable to open WAL: open /var/lib/grafana-agent/.cache/wal: no such file or directory",,,,automation,,,,,"weather_index_report",,,,,,warn,1,,,,"unable to find segment mtime of WAL","/var/lib/grafana-agent/.cache",,,"__::__-[]:_=--::._=.:_=_=_=_=""______""_=///-/._=""__",,,,"weather-data (1)","weather_data",automation,,,,,16,,0,"2024-09-24T02:48:25.687202189Z",,,,,
,,,,"Sep 24 02:48:25 automation grafana-agent[1126]: ts=2024-09-24T02:48:25.687202189Z caller=cleaner.go:203 level=warn agent=prometheus component=cleaner msg=""unable to find segment mtime of WAL"" name=/var/lib/grafana-agent/.cache err=""unable to open WAL: open /var/lib/grafana-agent/.cache/wal: no such file or directory""","2026-09-24T02:48:25.000+0000",prometheus,,,,"cleaner.go:203",,cleaner,,2,24,48,september,25,thursday,2026,local,,"unable to open WAL: open /var/lib/grafana-agent/.cache/wal: no such file or directory",,,,automation,,,,,"weather_index_report",,,,,,warn,1,,,,"unable to find segment mtime of WAL","/var/lib/grafana-agent/.cache",,,"__::__-[]:_=--::._=.:_=_=_=_=""______""_=///-/._=""__",,,,"weather-data (1)","weather_data",automation,,,,,16,,0,"2024-09-24T02:48:25.687202189Z",,,,,
,,,,"Sep 24 02:45:01 automation CRON[18734]: (root) CMD (command -v debian-sa1 > /dev/null && debian-sa1 1 1)","2026-09-24T02:45:01.000+0000",,,,,,,,,2,24,45,september,1,thursday,2026,local,,,,,,automation,,,,,"weather_index_report",,,,,,,1,,,,,,,,"__::__[]:_()__(_-_-_>_//_&&_-__)",,,,"weather-data (1)","weather_data",automation,,,,,16,,0,,,,,,
,,,,"Sep 24 02:45:01 automation CRON[18734]: (root) CMD (command -v debian-sa1 > /dev/null && debian-sa1 1 1)","2026-09-24T02:45:01.000+0000",,,,,,,,,2,24,45,september,1,thursday,2026,local,,,,,,automation,,,,,"weather_index_report",,,,,,,1,,,,,,,,"__::__[]:_()__(_-_-_>_//_&&_-__)",,,,"weather-data (1)","weather_data",automation,,,,,16,,0,,,,,,
,,,,"Sep 24 02:35:01 automation CRON[18729]: (root) CMD (command -v debian-sa1 > /dev/null && debian-sa1 1 1)","2026-09-24T02:35:01.000+0000",,,,,,,,,2,24,35,september,1,thursday,2026,local,,,,,,automation,,,,,"weather_index_report",,,,,,,1,,,,,,,,"__::__[]:_()__(_-_-_>_//_&&_-__)",,,,"weather-data (1)","weather_data",automation,,,,,16,,0,,,,,,
,,,,"Sep 24 02:35:01 automation CRON[18729]: (root) CMD (command -v debian-sa1 > /dev/null && debian-sa1 1 1)","2026-09-24T02:35:01.000+0000",,,,,,,,,2,24,35,september,1,thursday,2026,local,,,,,,automation,,,,,"weather_index_report",,,,,,,1,,,,,,,,"__::__[]:_()__(_-_-_>_//_&&_-__)",,,,"weather-data (1)","weather_data",automation,,,,,16,,0,,,,,,
,,,,"Sep 24 02:25:01 automation CRON[18724]: (root) CMD (command -v debian-sa1 > /dev/null && debian-sa1 1 1)","2026-09-24T02:25:01.000+0000",,,,,,,,,2,24,25,september,1,thursday,2026,local,,,,,,automation,,,,,"weather_index_report",,,,,,,1,,,,,,,,"__::__[]:_()__(_-_-_>_//_&&_-__)",,,,"weather-data (1)","weather_data",automation,,,,,16,,0,,,,,,
,,,,"Sep 24 02:25:01 automation CRON[18724]: (root) CMD (command -v debian-sa1 > /dev/null && debian-sa1 1 1)","2026-09-24T02:25:01.000+0000",,,,,,,,,2,24,25,september,1,thursday,2026,local,,,,,,automation,,,,,"weather_index_report",,,,,,,1,,,,,,,,"__::__[]:_()__(_-_-_>_//_&&_-__)",,,,"weather-data (1)","weather_data",automation,,,,,16,,0,,,,,,
,,,,"Sep 24 02:18:25 automation grafana-agent[1126]: ts=2024-09-24T02:18:25.688134181Z caller=cleaner.go:203 level=warn agent=prometheus component=cleaner msg=""unable to find segment mtime of WAL"" name=/var/lib/grafana-agent/.cache err=""unable to open WAL: open /var/lib/grafana-agent/.cache/wal: no such file or directory""","2026-09-24T02:18:25.000+0000",prometheus,,,,"cleaner.go:203",,cleaner,,2,24,18,september,25,thursday,2026,local,,"unable to open WAL: open /var/lib/grafana-agent/.cache/wal: no such file or directory",,,,automation,,,,,"weather_index_report",,,,,,warn,1,,,,"unable to find segment mtime of WAL","/var/lib/grafana-agent/.cache",,,"__::__-[]:_=--::._=.:_=_=_=_=""______""_=///-/._=""__",,,,"weather-data (1)","weather_data",automation,,,,,16,,0,"2024-09-24T02:18:25.688134181Z",,,,,
,,,,"Sep 24 02:18:25 automation grafana-agent[1126]: ts=2024-09-24T02:18:25.688134181Z caller=cleaner.go:203 level=warn agent=prometheus component=cleaner msg=""unable to find segment mtime of WAL"" name=/var/lib/grafana-agent/.cache err=""unable to open WAL: open /var/lib/grafana-agent/.cache/wal: no such file or directory""","2026-09-24T02:18:25.000+0000",prometheus,,,,"cleaner.go:203",,cleaner,,2,24,18,september,25,thursday,2026,local,,"unable to open WAL: open /var/lib/grafana-agent/.cache/wal: no such file or directory",,,,automation,,,,,"weather_index_report",,,,,,warn,1,,,,"unable to find segment mtime of WAL","/var/lib/grafana-agent/.cache",,,"__::__-[]:_=--::._=.:_=_=_=_=""______""_=///-/._=""__",,,,"weather-data (1)","weather_data",automation,,,,,16,,0,"2024-09-24T02:18:25.688134181Z",,,,,
,,,,"Sep 24 02:17:01 automation CRON[18709]: (root) CMD (   cd / && run-parts --report /etc/cron.hourly)","2026-09-24T02:17:01.000+0000",,,,,,,,,2,24,17,september,1,thursday,2026,local,,,,,,automation,,,,,"weather_index_report",,,,,,,1,,,,,,,,"__::__[]:_()__(____/_&&_-_--_//.)",,,,"weather-data (1)","weather_data",automation,,,,,16,,0,,,,,,
,,,,"Sep 24 02:17:01 automation CRON[18709]: (root) CMD (   cd / && run-parts --report /etc/cron.hourly)","2026-09-24T02:17:01.000+0000",,,,,,,,,2,24,17,september,1,thursday,2026,local,,,,,,automation,,,,,"weather_index_report",,,,,,,1,,,,,,,,"__::__[]:_()__(____/_&&_-_--_//.)",,,,"weather-data (1)","weather_data",automation,,,,,16,,0,,,,,,
,,,,"Sep 24 02:15:01 automation CRON[18705]: (root) CMD (command -v debian-sa1 > /dev/null && debian-sa1 1 1)","2026-09-24T02:15:01.000+0000",,,,,,,,,2,24,15,september,1,thursday,2026,local,,,,,,automation,,,,,"weather_index_report",,,,,,,1,,,,,,,,"__::__[]:_()__(_-_-_>_//_&&_-__)",,,,"weather-data (1)","weather_data",automation,,,,,16,,0,,,,,,
,,,,"Sep 24 02:15:01 automation CRON[18705]: (root) CMD (command -v debian-sa1 > /dev/null && debian-sa1 1 1)","2026-09-24T02:15:01.000+0000",,,,,,,,,2,24,15,september,1,thursday,2026,local,,,,,,automation,,,,,"weather_index_report",,,,,,,1,,,,,,,,"__::__[]:_()__(_-_-_>_//_&&_-__)",,,,"weather-data (1)","weather_data",automation,,,,,16,,0,,,,,,
,,,,"Sep 24 02:11:53 automation systemd[1]: Started Message of the Day.","2026-09-24T02:11:53.000+0000",,,,,,,,,2,24,11,september,53,thursday,2026,local,,,,,,automation,,,,,"weather_index_report",,,,,,,1,,,,,,,,"__::__[]:_____.",,,,"weather-data (1)","weather_data",automation,,,,,16,,0,,,,,,
,,,,"Sep 24 02:11:53 automation 50-motd-news[18646]:    https://ubuntu.com/engage/secure-kubernetes-at-the-edge","2026-09-24T02:11:53.000+0000",,,,,,,,,2,24,11,september,53,thursday,2026,local,,,,,,automation,,,,,"weather_index_report",,,,,,,1,,,,,,,,"__::__--[]:____://.//----",,,,"weather-data (1)","weather_data",automation,,,,,16,,0,,,,,,
,,,,"Sep 24 02:11:53 automation 50-motd-news[18646]:    just raised the bar for easy, resilient and secure K8s cluster deployment.","2026-09-24T02:11:53.000+0000",,,,,,,,,2,24,11,september,53,thursday,2026,local,,,,,,automation,,,,,"weather_index_report",,,,,,,1,,,,,,,,"__::__--[]:_________,______.",,,,"weather-data (1)","weather_data",automation,,,,,16,,0,,,,,,
,,,,"Sep 24 02:11:53 automation 50-motd-news[18646]:  * Strictly confined Kubernetes makes edge and IoT secure. Learn how MicroK8s","2026-09-24T02:11:53.000+0000",,,,,,,,,2,24,11,september,53,thursday,2026,local,,,,,,automation,,,,,"weather_index_report",,,,,,,1,,,,,,,,"__::__--[]:__*________.___",,,,"weather-data (1)","weather_data",automation,,,,,16,,0,,,,,,
,,,,"Sep 24 02:11:53 automation systemd[1]: Started Message of the Day.","2026-09-24T02:11:53.000+0000",,,,,,,,,2,24,11,september,53,thursday,2026,local,,,,,,automation,,,,,"weather_index_report",,,,,,,1,,,,,,,,"__::__[]:_____.",,,,"weather-data (1)","weather_data",automation,,,,,16,,0,,,,,,
,,,,"Sep 24 02:11:53 automation 50-motd-news[18646]:    https://ubuntu.com/engage/secure-kubernetes-at-the-edge","2026-09-24T02:11:53.000+0000",,,,,,,,,2,24,11,september,53,thursday,2026,local,,,,,,automation,,,,,"weather_index_report",,,,,,,1,,,,,,,,"__::__--[]:____://.//----",,,,"weather-data (1)","weather_data",automation,,,,,16,,0,,,,,,
,,,,"Sep 24 02:11:53 automation 50-motd-news[18646]:    just raised the bar for easy, resilient and secure K8s cluster deployment.","2026-09-24T02:11:53.000+0000",,,,,,,,,2,24,11,september,53,thursday,2026,local,,,,,,automation,,,,,"weather_index_report",,,,,,,1,,,,,,,,"__::__--[]:_________,______.",,,,"weather-data (1)","weather_data",automation,,,,,16,,0,,,,,,
,,,,"Sep 24 02:11:53 automation 50-motd-news[18646]:  * Strictly confined Kubernetes makes edge and IoT secure. Learn how MicroK8s","2026-09-24T02:11:53.000+0000",,,,,,,,,2,24,11,september,53,thursday,2026,local,,,,,,automation,,,,,"weather_index_report",,,,,,,1,,,,,,,,"__::__--[]:__*________.___",,,,"weather-data (1)","weather_data",automation,,,,,16,,0,,,,,,
,,,,"Sep 24 02:11:50 automation systemd[1]: Starting Message of the Day...","2026-09-24T02:11:50.000+0000",,,,,,,,,2,24,11,september,50,thursday,2026,local,,,,,,automation,,,,,"weather_index_report",,,,,,,1,,,,,,,,"__::__[]:_____...",,,,"weather-data (1)","weather_data",automation,,,,,16,,0,,,,,,
,,,,"Sep 24 02:11:50 automation systemd-timesyncd[740]: Synchronized to time server [2620:2d:4000:1::40]:123 (ntp.ubuntu.com).","2026-09-24T02:11:50.000+0000",,,,,,,,,2,24,11,september,50,thursday,2026,local,,,,,,automation,,,,,"weather_index_report",,,,,,,1,,,,,,,,"__::__-[]:_____[:::::]:_(..).",,,,"weather-data (1)","weather_data",automation,,,,,16,,0,,,,,,
,,,,"Sep 24 02:11:50 automation systemd[1]: Starting Message of the Day...","2026-09-24T02:11:50.000+0000",,,,,,,,,2,24,11,september,50,thursday,2026,local,,,,,,automation,,,,,"weather_index_report",,,,,,,1,,,,,,,,"__::__[]:_____...",,,,"weather-data (1)","weather_data",automation,,,,,16,,0,,,,,,
,,,,"Sep 24 02:11:50 automation systemd-timesyncd[740]: Synchronized to time server [2620:2d:4000:1::40]:123 (ntp.ubuntu.com).","2026-09-24T02:11:50.000+0000",,,,,,,,,2,24,11,september,50,thursday,2026,local,,,,,,automation,,,,,"weather_index_report",,,,,,,1,,,,,,,,"__::__-[]:_____[:::::]:_(..).",,,,"weather-data (1)","weather_data",automation,,,,,16,,0,,,,,,
,,,,"Sep 24 01:45:01 automation CRON[18643]: (root) CMD (command -v debian-sa1 > /dev/null && debian-sa1 1 1)","2026-09-24T01:45:01.000+0000",,,,,,,,,1,24,45,september,1,thursday,2026,local,,,,,,automation,,,,,"weather_index_report",,,,,,,1,,,,,,,,"__::__[]:_()__(_-_-_>_//_&&_-__)",,,,"weather-data (1)","weather_data",automation,,,,,16,,0,,,,,,
,,,,"Sep 24 01:45:01 automation CRON[18643]: (root) CMD (command -v debian-sa1 > /dev/null && debian-sa1 1 1)","2026-09-24T01:45:01.000+0000",,,,,,,,,1,24,45,september,1,thursday,2026,local,,,,,,automation,,,,,"weather_index_report",,,,,,,1,,,,,,,,"__::__[]:_()__(_-_-_>_//_&&_-__)",,,,"weather-data (1)","weather_data",automation,,,,,16,,0,,,,,,
,,,,"Sep 24 01:35:01 automation CRON[18638]: (root) CMD (command -v debian-sa1 > /dev/null && debian-sa1 1 1)","2026-09-24T01:35:01.000+0000",,,,,,,,,1,24,35,september,1,thursday,2026,local,,,,,,automation,,,,,"weather_index_report",,,,,,,1,,,,,,,,"__::__[]:_()__(_-_-_>_//_&&_-__)",,,,"weather-data (1)","weather_data",automation,,,,,16,,0,,,,,,
,,,,"Sep 24 01:35:01 automation CRON[18638]: (root) CMD (command -v debian-sa1 > /dev/null && debian-sa1 1 1)","2026-09-24T01:35:01.000+0000",,,,,,,,,1,24,35,september,1,thursday,2026,local,,,,,,automation,,,,,"weather_index_report",,,,,,,1,,,,,,,,"__::__[]:_()__(_-_-_>_//_&&_-__)",,,,"weather-data (1)","weather_data",automation,,,,,16,,0,,,,,,
,,,,"Sep 24 01:29:45 automation systemd-networkd[940]: enp0s3: Configured","2026-09-24T01:29:45.000+0000",,,,,,,,,1,24,29,september,45,thursday,2026,local,,,,,,automation,,,,,"weather_index_report",,,,,,,1,,,,,,,,"__::__-[]:_:_",,,,"weather-data (1)","weather_data",automation,,,,,16,,0,,,,,,
,,,,"Sep 24 01:29:45 automation systemd-networkd[940]: enp0s3: Configured","2026-09-24T01:29:45.000+0000",,,,,,,,,1,24,29,september,45,thursday,2026,local,,,,,,automation,,,,,"weather_index_report",,,,,,,1,,,,,,,,"__::__-[]:_:_",,,,"weather-data (1)","weather_data",automation,,,,,16,,0,,,,,,
,,,,"Sep 24 01:29:43 automation systemd-networkd[940]: enp0s3: DHCPv4 address 192.168.0.18/24 via 192.168.0.1","2026-09-24T01:29:43.000+0000",,,,,,,,,1,24,29,september,43,thursday,2026,local,,,,,,automation,,,,,"weather_index_report",,,,,,,1,,,,,,,,"__::__-[]:_:___.../__...",,,,"weather-data (1)","weather_data",automation,,,,,16,,0,,,,,,
,,,,"Sep 24 01:29:43 automation systemd-timesyncd[740]: Network configuration changed, trying to establish connection.","2026-09-24T01:29:43.000+0000",,,,,,,,,1,24,29,september,43,thursday,2026,local,,,,,,automation,,,,,"weather_index_report",,,,,,,1,,,,,,,,"__::__-[]:___,____.",,,,"weather-data (1)","weather_data",automation,,,,,16,,0,,,,,,
,,,,"Sep 24 01:29:43 automation systemd-networkd[940]: enp0s3: Gained carrier","2026-09-24T01:29:43.000+0000",,,,,,,,,1,24,29,september,43,thursday,2026,local,,,,,,automation,,,,,"weather_index_report",,,,,,,1,,,,,,,,"__::__-[]:_:__",,,,"weather-data (1)","weather_data",automation,,,,,16,,0,,,,,,
,,,,"Sep 24 01:29:43 automation kernel: [77852.401314] e1000: enp0s3 NIC Link is Up 1000 Mbps Full Duplex, Flow Control: RX","2026-09-24T01:29:43.000+0000",,,,,,,,,1,24,29,september,43,thursday,2026,local,,,,,,automation,,,,,"weather_index_report",,,,,,,1,,,,,,,,"__::__:_[.]_:_________,__:_",,,,"weather-data (1)","weather_data",automation,,,,,16,,0,,,,,,
,,,,"Sep 24 01:29:43 automation systemd-networkd[940]: enp0s3: DHCPv4 address 192.168.0.18/24 via 192.168.0.1","2026-09-24T01:29:43.000+0000",,,,,,,,,1,24,29,september,43,thursday,2026,local,,,,,,automation,,,,,"weather_index_report",,,,,,,1,,,,,,,,"__::__-[]:_:___.../__...",,,,"weather-data (1)","weather_data",automation,,,,,16,,0,,,,,,
,,,,"Sep 24 01:29:43 automation systemd-timesyncd[740]: Network configuration changed, trying to establish connection.","2026-09-24T01:29:43.000+0000",,,,,,,,,1,24,29,september,43,thursday,2026,local,,,,,,automation,,,,,"weather_index_report",,,,,,,1,,,,,,,,"__::__-[]:___,____.",,,,"weather-data (1)","weather_data",automation,,,,,16,,0,,,,,,
,,,,"Sep 24 01:29:43 automation systemd-networkd[940]: enp0s3: Gained carrier","2026-09-24T01:29:43.000+0000",,,,,,,,,1,24,29,september,43,thursday,2026,local,,,,,,automation,,,,,"weather_index_report",,,,,,,1,,,,,,,,"__::__-[]:_:__",,,,"weather-data (1)","weather_data",automation,,,,,16,,0,,,,,,
,,,,"Sep 24 01:29:43 automation kernel: [77852.401314] e1000: enp0s3 NIC Link is Up 1000 Mbps Full Duplex, Flow Control: RX","2026-09-24T01:29:43.000+0000",,,,,,,,,1,24,29,september,43,thursday,2026,local,,,,,,automation,,,,,"weather_index_report",,,,,,,1,,,,,,,,"__::__:_[.]_:_________,__:_",,,,"weather-data (1)","weather_data",automation,,,,,16,,0,,,,,,
,,,,"Sep 24 01:29:38 automation systemd[1]: Started Hostname Service.","2026-09-24T01:29:38.000+0000",,,,,,,,,1,24,29,september,38,thursday,2026,local,,,,,,automation,,,,,"weather_index_report",,,,,,,1,,,,,,,,"__::__[]:___.",,,,"weather-data (1)","weather_data",automation,,,,,16,,0,,,,,,
,,,,"Sep 24 01:29:38 automation systemd[1]: Starting Hostname Service...","2026-09-24T01:29:38.000+0000",,,,,,,,,1,24,29,september,38,thursday,2026,local,,,,,,automation,,,,,"weather_index_report",,,,,,,1,,,,,,,,"__::__[]:___...",,,,"weather-data (1)","weather_data",automation,,,,,16,,0,,,,,,
,,,,"Sep 24 01:29:38 automation systemd-networkd[940]: enp0s3: DHCPv6 lease lost","2026-09-24T01:29:38.000+0000",,,,,,,,,1,24,29,september,38,thursday,2026,local,,,,,,automation,,,,,"weather_index_report",,,,,,,1,,,,,,,,"__::__-[]:_:___",,,,"weather-data (1)","weather_data",automation,,,,,16,,0,,,,,,
,,,,"Sep 24 01:29:38 automation dbus-daemon[1060]: [system] Successfully activated service 'org.freedesktop.hostname1'","2026-09-24T01:29:38.000+0000",,,,,,,,,1,24,29,september,38,thursday,2026,local,,,,,,automation,,,,,"weather_index_report",,,,,,,1,,,,,,,,"__::__-[]:_[]____'..'",,,,"weather-data (1)","weather_data",automation,,,,,16,,0,,,,,,
,,,,"Sep 24 01:29:38 automation systemd-networkd[940]: enp0s3: DHCP lease lost","2026-09-24T01:29:38.000+0000",,,,,,,,,1,24,29,september,38,thursday,2026,local,,,,,,automation,,,,,"weather_index_report",,,,,,,1,,,,,,,,"__::__-[]:_:___",,,,"weather-data (1)","weather_data",automation,,,,,16,,0,,,,,,
,,,,"Sep 24 01:29:38 automation dbus-daemon[1060]: [system] Activating via systemd: service name='org.freedesktop.hostname1' unit='dbus-org.freedesktop.hostname1.service' requested by ':1.2' (uid=100 pid=940 comm=""/lib/systemd/systemd-networkd "" label=""unconfined"")","2026-09-24T01:29:38.000+0000",,,,,,"/lib/systemd/systemd-networkd",,,1,24,29,september,38,thursday,2026,local,,,,,,automation,,,,,"weather_index_report",,unconfined,,,,,1,,,,,"'org.freedesktop.hostname1'",940,,"__::__-[]:_[]___:__='..'_='-...'___':.'_(=_=_=""///",,,,"weather-data (1)","weather_data",automation,,,,,16,,0,,100,"'dbus-org.freedesktop.hostname1.service'",,,
,,,,"Sep 24 01:29:38 automation systemd[1]: Started Hostname Service.","2026-09-24T01:29:38.000+0000",,,,,,,,,1,24,29,september,38,thursday,2026,local,,,,,,automation,,,,,"weather_index_report",,,,,,,1,,,,,,,,"__::__[]:___.",,,,"weather-data (1)","weather_data",automation,,,,,16,,0,,,,,,
,,,,"Sep 24 01:29:38 automation systemd[1]: Starting Hostname Service...","2026-09-24T01:29:38.000+0000",,,,,,,,,1,24,29,september,38,thursday,2026,local,,,,,,automation,,,,,"weather_index_report",,,,,,,1,,,,,,,,"__::__[]:___...",,,,"weather-data (1)","weather_data",automation,,,,,16,,0,,,,,,
,,,,"Sep 24 01:29:38 automation systemd-networkd[940]: enp0s3: DHCPv6 lease lost","2026-09-24T01:29:38.000+0000",,,,,,,,,1,24,29,september,38,thursday,2026,local,,,,,,automation,,,,,"weather_index_report",,,,,,,1,,,,,,,,"__::__-[]:_:___",,,,"weather-data (1)","weather_data",automation,,,,,16,,0,,,,,,
,,,,"Sep 24 01:29:38 automation dbus-daemon[1060]: [system] Successfully activated service 'org.freedesktop.hostname1'","2026-09-24T01:29:38.000+0000",,,,,,,,,1,24,29,september,38,thursday,2026,local,,,,,,automation,,,,,"weather_index_report",,,,,,,1,,,,,,,,"__::__-[]:_[]____'..'",,,,"weather-data (1)","weather_data",automation,,,,,16,,0,,,,,,
,,,,"Sep 24 01:29:38 automation systemd-networkd[940]: enp0s3: DHCP lease lost","2026-09-24T01:29:38.000+0000",,,,,,,,,1,24,29,september,38,thursday,2026,local,,,,,,automation,,,,,"weather_index_report",,,,,,,1,,,,,,,,"__::__-[]:_:___",,,,"weather-data (1)","weather_data",automation,,,,,16,,0,,,,,,
,,,,"Sep 24 01:29:38 automation dbus-daemon[1060]: [system] Activating via systemd: service name='org.freedesktop.hostname1' unit='dbus-org.freedesktop.hostname1.service' requested by ':1.2' (uid=100 pid=940 comm=""/lib/systemd/systemd-networkd "" label=""unconfined"")","2026-09-24T01:29:38.000+0000",,,,,,"/lib/systemd/systemd-networkd",,,1,24,29,september,38,thursday,2026,local,,,,,,automation,,,,,"weather_index_report",,unconfined,,,,,1,,,,,"'org.freedesktop.hostname1'",940,,"__::__-[]:_[]___:__='..'_='-...'___':.'_(=_=_=""///",,,,"weather-data (1)","weather_data",automation,,,,,16,,0,,100,"'dbus-org.freedesktop.hostname1.service'",,,
,,,,"Sep 24 01:29:37 automation systemd-networkd[940]: enp0s3: Lost carrier","2026-09-24T01:29:37.000+0000",,,,,,,,,1,24,29,september,37,thursday,2026,local,,,,,,automation,,,,,"weather_index_report",,,,,,,1,,,,,,,,"__::__-[]:_:__",,,,"weather-data (1)","weather_data",automation,,,,,16,,0,,,,,,
,,,,"Sep 24 01:29:37 automation kernel: [77846.319273] e1000: enp0s3 NIC Link is Down","2026-09-24T01:29:37.000+0000",,,,,,,,,1,24,29,september,37,thursday,2026,local,,,,,,automation,,,,,"weather_index_report",,,,,,,1,,,,,,,,"__::__:_[.]_:_____",,,,"weather-data (1)","weather_data",automation,,,,,16,,0,,,,,,
,,,,"Sep 24 01:29:37 automation systemd-networkd[940]: enp0s3: Lost carrier","2026-09-24T01:29:37.000+0000",,,,,,,,,1,24,29,september,37,thursday,2026,local,,,,,,automation,,,,,"weather_index_report",,,,,,,1,,,,,,,,"__::__-[]:_:__",,,,"weather-data (1)","weather_data",automation,,,,,16,,0,,,,,,
,,,,"Sep 24 01:29:37 automation kernel: [77846.319273] e1000: enp0s3 NIC Link is Down","2026-09-24T01:29:37.000+0000",,,,,,,,,1,24,29,september,37,thursday,2026,local,,,,,,automation,,,,,"weather_index_report",,,,,,,1,,,,,,,,"__::__:_[.]_:_____",,,,"weather-data (1)","weather_data",automation,,,,,16,,0,,,,,,
,,,,"Sep 24 01:25:01 automation CRON[18597]: (root) CMD (command -v debian-sa1 > /dev/null && debian-sa1 1 1)","2026-09-24T01:25:01.000+0000",,,,,,,,,1,24,25,september,1,thursday,2026,local,,,,,,automation,,,,,"weather_index_report",,,,,,,1,,,,,,,,"__::__[]:_()__(_-_-_>_//_&&_-__)",,,,"weather-data (1)","weather_data",automation,,,,,16,,0,,,,,,
,,,,"Sep 24 01:25:01 automation CRON[18597]: (root) CMD (command -v debian-sa1 > /dev/null && debian-sa1 1 1)","2026-09-24T01:25:01.000+0000",,,,,,,,,1,24,25,september,1,thursday,2026,local,,,,,,automation,,,,,"weather_index_report",,,,,,,1,,,,,,,,"__::__[]:_()__(_-_-_>_//_&&_-__)",,,,"weather-data (1)","weather_data",automation,,,,,16,,0,,,,,,
,,,,"Sep 24 01:23:23 automation grafana-agent[1126]: ts=2024-09-24T01:23:23.266818539Z caller=cleaner.go:203 level=warn agent=prometheus component=cleaner msg=""unable to find segment mtime of WAL"" name=/var/lib/grafana-agent/.cache err=""unable to open WAL: open /var/lib/grafana-agent/.cache/wal: no such file or directory""","2026-09-24T01:23:23.000+0000",prometheus,,,,"cleaner.go:203",,cleaner,,1,24,23,september,23,thursday,2026,local,,"unable to open WAL: open /var/lib/grafana-agent/.cache/wal: no such file or directory",,,,automation,,,,,"weather_index_report",,,,,,warn,1,,,,"unable to find segment mtime of WAL","/var/lib/grafana-agent/.cache",,,"__::__-[]:_=--::._=.:_=_=_=_=""______""_=///-/._=""__",,,,"weather-data (1)","weather_data",automation,,,,,16,,0,"2024-09-24T01:23:23.266818539Z",,,,,
,,,,"Sep 24 01:23:23 automation grafana-agent[1126]: ts=2024-09-24T01:23:23.266818539Z caller=cleaner.go:203 level=warn agent=prometheus component=cleaner msg=""unable to find segment mtime of WAL"" name=/var/lib/grafana-agent/.cache err=""unable to open WAL: open /var/lib/grafana-agent/.cache/wal: no such file or directory""","2026-09-24T01:23:23.000+0000",prometheus,,,,"cleaner.go:203",,cleaner,,1,24,23,september,23,thursday,2026,local,,"unable to open WAL: open /var/lib/grafana-agent/.cache/wal: no such file or directory",,,,automation,,,,,"weather_index_report",,,,,,warn,1,,,,"unable to find segment mtime of WAL","/var/lib/grafana-agent/.cache",,,"__::__-[]:_=--::._=.:_=_=_=_=""______""_=///-/._=""__",,,,"weather-data (1)","weather_data",automation,,,,,16,,0,"2024-09-24T01:23:23.266818539Z",,,,,
,,,,"Sep 24 01:17:01 automation CRON[18592]: (root) CMD (   cd / && run-parts --report /etc/cron.hourly)","2026-09-24T01:17:01.000+0000",,,,,,,,,1,24,17,september,1,thursday,2026,local,,,,,,automation,,,,,"weather_index_report",,,,,,,1,,,,,,,,"__::__[]:_()__(____/_&&_-_--_//.)",,,,"weather-data (1)","weather_data",automation,,,,,16,,0,,,,,,
,,,,"Sep 24 01:17:01 automation CRON[18592]: (root) CMD (   cd / && run-parts --report /etc/cron.hourly)","2026-09-24T01:17:01.000+0000",,,,,,,,,1,24,17,september,1,thursday,2026,local,,,,,,automation,,,,,"weather_index_report",,,,,,,1,,,,,,,,"__::__[]:_()__(____/_&&_-_--_//.)",,,,"weather-data (1)","weather_data",automation,,,,,16,,0,,,,,,
,,,,"Sep 24 01:15:01 automation CRON[18589]: (root) CMD (command -v debian-sa1 > /dev/null && debian-sa1 1 1)","2026-09-24T01:15:01.000+0000",,,,,,,,,1,24,15,september,1,thursday,2026,local,,,,,,automation,,,,,"weather_index_report",,,,,,,1,,,,,,,,"__::__[]:_()__(_-_-_>_//_&&_-__)",,,,"weather-data (1)","weather_data",automation,,,,,16,,0,,,,,,
,,,,"Sep 24 01:15:01 automation CRON[18589]: (root) CMD (command -v debian-sa1 > /dev/null && debian-sa1 1 1)","2026-09-24T01:15:01.000+0000",,,,,,,,,1,24,15,september,1,thursday,2026,local,,,,,,automation,,,,,"weather_index_report",,,,,,,1,,,,,,,,"__::__[]:_()__(_-_-_>_//_&&_-__)",,,,"weather-data (1)","weather_data",automation,,,,,16,,0,,,,,,
,,,,"Sep 24 01:05:01 automation CRON[18584]: (root) CMD (command -v debian-sa1 > /dev/null && debian-sa1 1 1)","2026-09-24T01:05:01.000+0000",,,,,,,,,1,24,5,september,1,thursday,2026,local,,,,,,automation,,,,,"weather_index_report",,,,,,,1,,,,,,,,"__::__[]:_()__(_-_-_>_//_&&_-__)",,,,"weather-data (1)","weather_data",automation,,,,,16,,0,,,,,,
,,,,"Sep 24 01:05:01 automation CRON[18584]: (root) CMD (command -v debian-sa1 > /dev/null && debian-sa1 1 1)","2026-09-24T01:05:01.000+0000",,,,,,,,,1,24,5,september,1,thursday,2026,local,,,,,,automation,,,,,"weather_index_report",,,,,,,1,,,,,,,,"__::__[]:_()__(_-_-_>_//_&&_-__)",,,,"weather-data (1)","weather_data",automation,,,,,16,,0,,,,,,
,,,,"Sep 24 00:58:54 automation systemd-timesyncd[740]: Synchronized to time server [2620:2d:4000:1::41]:123 (ntp.ubuntu.com).","2026-09-24T00:58:54.000+0000",,,,,,,,,0,24,58,september,54,thursday,2026,local,,,,,,automation,,,,,"weather_index_report",,,,,,,1,,,,,,,,"__::__-[]:_____[:::::]:_(..).",,,,"weather-data (1)","weather_data",automation,,,,,16,,0,,,,,,
,,,,"Sep 24 00:58:54 automation systemd-networkd[940]: enp0s3: Configured","2026-09-24T00:58:54.000+0000",,,,,,,,,0,24,58,september,54,thursday,2026,local,,,,,,automation,,,,,"weather_index_report",,,,,,,1,,,,,,,,"__::__-[]:_:_",,,,"weather-data (1)","weather_data",automation,,,,,16,,0,,,,,,
,,,,"Sep 24 00:58:54 automation systemd-networkd[940]: enp0s3: DHCPv4 address 192.168.0.18/24 via 192.168.0.1","2026-09-24T00:58:54.000+0000",,,,,,,,,0,24,58,september,54,thursday,2026,local,,,,,,automation,,,,,"weather_index_report",,,,,,,1,,,,,,,,"__::__-[]:_:___.../__...",,,,"weather-data (1)","weather_data",automation,,,,,16,,0,,,,,,
,,,,"Sep 24 00:58:54 automation systemd[1]: Started Hostname Service.","2026-09-24T00:58:54.000+0000",,,,,,,,,0,24,58,september,54,thursday,2026,local,,,,,,automation,,,,,"weather_index_report",,,,,,,1,,,,,,,,"__::__[]:___.",,,,"weather-data (1)","weather_data",automation,,,,,16,,0,,,,,,
,,,,"Sep 24 00:58:54 automation dbus-daemon[1060]: [system] Successfully activated service 'org.freedesktop.hostname1'","2026-09-24T00:58:54.000+0000",,,,,,,,,0,24,58,september,54,thursday,2026,local,,,,,,automation,,,,,"weather_index_report",,,,,,,1,,,,,,,,"__::__-[]:_[]____'..'",,,,"weather-data (1)","weather_data",automation,,,,,16,,0,,,,,,
,,,,"Sep 24 00:58:54 automation systemd[1]: Starting Hostname Service...","2026-09-24T00:58:54.000+0000",,,,,,,,,0,24,58,september,54,thursday,2026,local,,,,,,automation,,,,,"weather_index_report",,,,,,,1,,,,,,,,"__::__[]:___...",,,,"weather-data (1)","weather_data",automation,,,,,16,,0,,,,,,
,,,,"Sep 24 00:58:54 automation dbus-daemon[1060]: [system] Activating via systemd: service name='org.freedesktop.hostname1' unit='dbus-org.freedesktop.hostname1.service' requested by ':1.2' (uid=100 pid=940 comm=""/lib/systemd/systemd-networkd "" label=""unconfined"")","2026-09-24T00:58:54.000+0000",,,,,,"/lib/systemd/systemd-networkd",,,0,24,58,september,54,thursday,2026,local,,,,,,automation,,,,,"weather_index_report",,unconfined,,,,,1,,,,,"'org.freedesktop.hostname1'",940,,"__::__-[]:_[]___:__='..'_='-...'___':.'_(=_=_=""///",,,,"weather-data (1)","weather_data",automation,,,,,16,,0,,100,"'dbus-org.freedesktop.hostname1.service'",,,
,,,,"Sep 24 00:58:54 automation systemd-timesyncd[740]: Network configuration changed, trying to establish connection.","2026-09-24T00:58:54.000+0000",,,,,,,,,0,24,58,september,54,thursday,2026,local,,,,,,automation,,,,,"weather_index_report",,,,,,,1,,,,,,,,"__::__-[]:___,____.",,,,"weather-data (1)","weather_data",automation,,,,,16,,0,,,,,,
,,,,"Sep 24 00:58:54 automation systemd-networkd[940]: enp0s3: DHCP lease lost","2026-09-24T00:58:54.000+0000",,,,,,,,,0,24,58,september,54,thursday,2026,local,,,,,,automation,,,,,"weather_index_report",,,,,,,1,,,,,,,,"__::__-[]:_:___",,,,"weather-data (1)","weather_data",automation,,,,,16,,0,,,,,,
,,,,"Sep 24 00:58:54 automation systemd-timesyncd[740]: Synchronized to time server [2620:2d:4000:1::41]:123 (ntp.ubuntu.com).","2026-09-24T00:58:54.000+0000",,,,,,,,,0,24,58,september,54,thursday,2026,local,,,,,,automation,,,,,"weather_index_report",,,,,,,1,,,,,,,,"__::__-[]:_____[:::::]:_(..).",,,,"weather-data (1)","weather_data",automation,,,,,16,,0,,,,,,
,,,,"Sep 24 00:58:54 automation systemd-networkd[940]: enp0s3: Configured","2026-09-24T00:58:54.000+0000",,,,,,,,,0,24,58,september,54,thursday,2026,local,,,,,,automation,,,,,"weather_index_report",,,,,,,1,,,,,,,,"__::__-[]:_:_",,,,"weather-data (1)","weather_data",automation,,,,,16,,0,,,,,,
,,,,"Sep 24 00:58:54 automation systemd-networkd[940]: enp0s3: DHCPv4 address 192.168.0.18/24 via 192.168.0.1","2026-09-24T00:58:54.000+0000",,,,,,,,,0,24,58,september,54,thursday,2026,local,,,,,,automation,,,,,"weather_index_report",,,,,,,1,,,,,,,,"__::__-[]:_:___.../__...",,,,"weather-data (1)","weather_data",automation,,,,,16,,0,,,,,,
,,,,"Sep 24 00:58:54 automation systemd[1]: Started Hostname Service.","2026-09-24T00:58:54.000+0000",,,,,,,,,0,24,58,september,54,thursday,2026,local,,,,,,automation,,,,,"weather_index_report",,,,,,,1,,,,,,,,"__::__[]:___.",,,,"weather-data (1)","weather_data",automation,,,,,16,,0,,,,,,
,,,,"Sep 24 00:58:54 automation dbus-daemon[1060]: [system] Successfully activated service 'org.freedesktop.hostname1'","2026-09-24T00:58:54.000+0000",,,,,,,,,0,24,58,september,54,thursday,2026,local,,,,,,automation,,,,,"weather_index_report",,,,,,,1,,,,,,,,"__::__-[]:_[]____'..'",,,,"weather-data (1)","weather_data",automation,,,,,16,,0,,,,,,
,,,,"Sep 24 00:58:54 automation systemd[1]: Starting Hostname Service...","2026-09-24T00:58:54.000+0000",,,,,,,,,0,24,58,september,54,thursday,2026,local,,,,,,automation,,,,,"weather_index_report",,,,,,,1,,,,,,,,"__::__[]:___...",,,,"weather-data (1)","weather_data",automation,,,,,16,,0,,,,,,
,,,,"Sep 24 00:58:54 automation dbus-daemon[1060]: [system] Activating via systemd: service name='org.freedesktop.hostname1' unit='dbus-org.freedesktop.hostname1.service' requested by ':1.2' (uid=100 pid=940 comm=""/lib/systemd/systemd-networkd "" label=""unconfined"")","2026-09-24T00:58:54.000+0000",,,,,,"/lib/systemd/systemd-networkd",,,0,24,58,september,54,thursday,2026,local,,,,,,automation,,,,,"weather_index_report",,unconfined,,,,,1,,,,,"'org.freedesktop.hostname1'",940,,"__::__-[]:_[]___:__='..'_='-...'___':.'_(=_=_=""///",,,,"weather-data (1)","weather_data",automation,,,,,16,,0,,100,"'dbus-org.freedesktop.hostname1.service'",,,
,,,,"Sep 24 00:58:54 automation systemd-timesyncd[740]: Network configuration changed, trying to establish connection.","2026-09-24T00:58:54.000+0000",,,,,,,,,0,24,58,september,54,thursday,2026,local,,,,,,automation,,,,,"weather_index_report",,,,,,,1,,,,,,,,"__::__-[]:___,____.",,,,"weather-data (1)","weather_data",automation,,,,,16,,0,,,,,,
,,,,"Sep 24 00:58:54 automation systemd-networkd[940]: enp0s3: DHCP lease lost","2026-09-24T00:58:54.000+0000",,,,,,,,,0,24,58,september,54,thursday,2026,local,,,,,,automation,,,,,"weather_index_report",,,,,,,1,,,,,,,,"__::__-[]:_:___",,,,"weather-data (1)","weather_data",automation,,,,,16,,0,,,,,,
,,,,"Sep 24 00:55:01 automation CRON[18546]: (root) CMD (command -v debian-sa1 > /dev/null && debian-sa1 1 1)","2026-09-24T00:55:01.000+0000",,,,,,,,,0,24,55,september,1,thursday,2026,local,,,,,,automation,,,,,"weather_index_report",,,,,,,1,,,,,,,,"__::__[]:_()__(_-_-_>_//_&&_-__)",,,,"weather-data (1)","weather_data",automation,,,,,16,,0,,,,,,
,,,,"Sep 24 00:55:01 automation CRON[18546]: (root) CMD (command -v debian-sa1 > /dev/null && debian-sa1 1 1)","2026-09-24T00:55:01.000+0000",,,,,,,,,0,24,55,september,1,thursday,2026,local,,,,,,automation,,,,,"weather_index_report",,,,,,,1,,,,,,,,"__::__[]:_()__(_-_-_>_//_&&_-__)",,,,"weather-data (1)","weather_data",automation,,,,,16,,0,,,,,,
,,,,"Sep 24 00:53:23 automation grafana-agent[1126]: ts=2024-09-24T00:53:23.265850643Z caller=cleaner.go:203 level=warn agent=prometheus component=cleaner msg=""unable to find segment mtime of WAL"" name=/var/lib/grafana-agent/.cache err=""unable to open WAL: open /var/lib/grafana-agent/.cache/wal: no such file or directory""","2026-09-24T00:53:23.000+0000",prometheus,,,,"cleaner.go:203",,cleaner,,0,24,53,september,23,thursday,2026,local,,"unable to open WAL: open /var/lib/grafana-agent/.cache/wal: no such file or directory",,,,automation,,,,,"weather_index_report",,,,,,warn,1,,,,"unable to find segment mtime of WAL","/var/lib/grafana-agent/.cache",,,"__::__-[]:_=--::._=.:_=_=_=_=""______""_=///-/._=""__",,,,"weather-data (1)","weather_data",automation,,,,,16,,0,"2024-09-24T00:53:23.265850643Z",,,,,
,,,,"Sep 24 00:53:23 automation grafana-agent[1126]: ts=2024-09-24T00:53:23.265850643Z caller=cleaner.go:203 level=warn agent=prometheus component=cleaner msg=""unable to find segment mtime of WAL"" name=/var/lib/grafana-agent/.cache err=""unable to open WAL: open /var/lib/grafana-agent/.cache/wal: no such file or directory""","2026-09-24T00:53:23.000+0000",prometheus,,,,"cleaner.go:203",,cleaner,,0,24,53,september,23,thursday,2026,local,,"unable to open WAL: open /var/lib/grafana-agent/.cache/wal: no such file or directory",,,,automation,,,,,"weather_index_report",,,,,,warn,1,,,,"unable to find segment mtime of WAL","/var/lib/grafana-agent/.cache",,,"__::__-[]:_=--::._=.:_=_=_=_=""______""_=///-/._=""__",,,,"weather-data (1)","weather_data",automation,,,,,16,,0,"2024-09-24T00:53:23.265850643Z",,,,,
,,,,"Sep 24 00:45:02 automation CRON[18531]: (root) CMD (command -v debian-sa1 > /dev/null && debian-sa1 1 1)","2026-09-24T00:45:02.000+0000",,,,,,,,,0,24,45,september,2,thursday,2026,local,,,,,,automation,,,,,"weather_index_report",,,,,,,1,,,,,,,,"__::__[]:_()__(_-_-_>_//_&&_-__)",,,,"weather-data (1)","weather_data",automation,,,,,16,,0,,,,,,
,,,,"Sep 24 00:45:02 automation CRON[18531]: (root) CMD (command -v debian-sa1 > /dev/null && debian-sa1 1 1)","2026-09-24T00:45:02.000+0000",,,,,,,,,0,24,45,september,2,thursday,2026,local,,,,,,automation,,,,,"weather_index_report",,,,,,,1,,,,,,,,"__::__[]:_()__(_-_-_>_//_&&_-__)",,,,"weather-data (1)","weather_data",automation,,,,,16,,0,,,,,,
,,,,"Sep 24 00:35:01 automation CRON[18527]: (root) CMD (command -v debian-sa1 > /dev/null && debian-sa1 1 1)","2026-09-24T00:35:01.000+0000",,,,,,,,,0,24,35,september,1,thursday,2026,local,,,,,,automation,,,,,"weather_index_report",,,,,,,1,,,,,,,,"__::__[]:_()__(_-_-_>_//_&&_-__)",,,,"weather-data (1)","weather_data",automation,,,,,16,,0,,,,,,
,,,,"Sep 24 00:35:01 automation CRON[18527]: (root) CMD (command -v debian-sa1 > /dev/null && debian-sa1 1 1)","2026-09-24T00:35:01.000+0000",,,,,,,,,0,24,35,september,1,thursday,2026,local,,,,,,automation,,,,,"weather_index_report",,,,,,,1,,,,,,,,"__::__[]:_()__(_-_-_>_//_&&_-__)",,,,"weather-data (1)","weather_data",automation,,,,,16,,0,,,,,,
,,,,"Sep 24 00:33:47 automation CRON[18523]: (root) CMD (command -v debian-sa1 > /dev/null && debian-sa1 60 2)","2026-09-24T00:33:47.000+0000",,,,,,,,,0,24,33,september,47,thursday,2026,local,,,,,,automation,,,,,"weather_index_report",,,,,,,1,,,,,,,,"__::__[]:_()__(_-_-_>_//_&&_-__)",,,,"weather-data (1)","weather_data",automation,,,,,16,,0,,,,,,
,,,,"Sep 24 00:33:47 automation CRON[18523]: (root) CMD (command -v debian-sa1 > /dev/null && debian-sa1 60 2)","2026-09-24T00:33:47.000+0000",,,,,,,,,0,24,33,september,47,thursday,2026,local,,,,,,automation,,,,,"weather_index_report",,,,,,,1,,,,,,,,"__::__[]:_()__(_-_-_>_//_&&_-__)",,,,"weather-data (1)","weather_data",automation,,,,,16,,0,,,,,,
,,,,"Sep 24 00:33:00 automation systemd-timesyncd[740]: Synchronized to time server [2620:2d:4000:1::41]:123 (ntp.ubuntu.com).","2026-09-24T00:33:00.000+0000",,,,,,,,,0,24,33,september,0,thursday,2026,local,,,,,,automation,,,,,"weather_index_report",,,,,,,1,,,,,,,,"__::__-[]:_____[:::::]:_(..).",,,,"weather-data (1)","weather_data",automation,,,,,16,,0,,,,,,
,,,,"Sep 24 00:33:00 automation systemd-timesyncd[740]: Synchronized to time server [2620:2d:4000:1::41]:123 (ntp.ubuntu.com).","2026-09-24T00:33:00.000+0000",,,,,,,,,0,24,33,september,0,thursday,2026,local,,,,,,automation,,,,,"weather_index_report",,,,,,,1,,,,,,,,"__::__-[]:_____[:::::]:_(..).",,,,"weather-data (1)","weather_data",automation,,,,,16,,0,,,,,,
,,,,"Sep 23 22:45:01 automation CRON[18520]: (root) CMD (command -v debian-sa1 > /dev/null && debian-sa1 1 1)","2026-09-23T22:45:01.000+0000",,,,,,,,,22,23,45,september,1,wednesday,2026,local,,,,,,automation,,,,,"weather_index_report",,,,,,,1,,,,,,,,"__::__[]:_()__(_-_-_>_//_&&_-__)",,,,"weather-data (1)","weather_data",automation,,,,,16,,0,,,,,,
,,,,"Sep 23 22:45:01 automation CRON[18520]: (root) CMD (command -v debian-sa1 > /dev/null && debian-sa1 1 1)","2026-09-23T22:45:01.000+0000",,,,,,,,,22,23,45,september,1,wednesday,2026,local,,,,,,automation,,,,,"weather_index_report",,,,,,,1,,,,,,,,"__::__[]:_()__(_-_-_>_//_&&_-__)",,,,"weather-data (1)","weather_data",automation,,,,,16,,0,,,,,,
,,,,"Sep 23 22:37:37 automation grafana-agent[1126]: ts=2024-09-23T22:37:37.304316013Z caller=cleaner.go:203 level=warn agent=prometheus component=cleaner msg=""unable to find segment mtime of WAL"" name=/var/lib/grafana-agent/.cache err=""unable to open WAL: open /var/lib/grafana-agent/.cache/wal: no such file or directory""","2026-09-23T22:37:37.000+0000",prometheus,,,,"cleaner.go:203",,cleaner,,22,23,37,september,37,wednesday,2026,local,,"unable to open WAL: open /var/lib/grafana-agent/.cache/wal: no such file or directory",,,,automation,,,,,"weather_index_report",,,,,,warn,1,,,,"unable to find segment mtime of WAL","/var/lib/grafana-agent/.cache",,,"__::__-[]:_=--::._=.:_=_=_=_=""______""_=///-/._=""__",,,,"weather-data (1)","weather_data",automation,,,,,16,,0,"2024-09-23T22:37:37.304316013Z",,,,,
,,,,"Sep 23 22:37:37 automation grafana-agent[1126]: ts=2024-09-23T22:37:37.304316013Z caller=cleaner.go:203 level=warn agent=prometheus component=cleaner msg=""unable to find segment mtime of WAL"" name=/var/lib/grafana-agent/.cache err=""unable to open WAL: open /var/lib/grafana-agent/.cache/wal: no such file or directory""","2026-09-23T22:37:37.000+0000",prometheus,,,,"cleaner.go:203",,cleaner,,22,23,37,september,37,wednesday,2026,local,,"unable to open WAL: open /var/lib/grafana-agent/.cache/wal: no such file or directory",,,,automation,,,,,"weather_index_report",,,,,,warn,1,,,,"unable to find segment mtime of WAL","/var/lib/grafana-agent/.cache",,,"__::__-[]:_=--::._=.:_=_=_=_=""______""_=///-/._=""__",,,,"weather-data (1)","weather_data",automation,,,,,16,,0,"2024-09-23T22:37:37.304316013Z",,,,,
,,,,"Sep 23 22:35:01 automation CRON[18515]: (root) CMD (command -v debian-sa1 > /dev/null && debian-sa1 1 1)","2026-09-23T22:35:01.000+0000",,,,,,,,,22,23,35,september,1,wednesday,2026,local,,,,,,automation,,,,,"weather_index_report",,,,,,,1,,,,,,,,"__::__[]:_()__(_-_-_>_//_&&_-__)",,,,"weather-data (1)","weather_data",automation,,,,,16,,0,,,,,,
,,,,"Sep 23 22:35:01 automation CRON[18515]: (root) CMD (command -v debian-sa1 > /dev/null && debian-sa1 1 1)","2026-09-23T22:35:01.000+0000",,,,,,,,,22,23,35,september,1,wednesday,2026,local,,,,,,automation,,,,,"weather_index_report",,,,,,,1,,,,,,,,"__::__[]:_()__(_-_-_>_//_&&_-__)",,,,"weather-data (1)","weather_data",automation,,,,,16,,0,,,,,,
,,,,"Sep 23 22:32:43 automation systemd[1]: Started Ubuntu Advantage Timer for running repeated jobs.","2026-09-23T22:32:43.000+0000",,,,,,,,,22,23,32,september,43,wednesday,2026,local,,,,,,automation,,,,,"weather_index_report",,,,,,,1,,,,,,,,"__::__[]:________.",,,,"weather-data (1)","weather_data",automation,,,,,16,,0,,,,,,
,,,,"Sep 23 22:32:43 automation systemd[1]: Starting Ubuntu Advantage Timer for running repeated jobs...","2026-09-23T22:32:43.000+0000",,,,,,,,,22,23,32,september,43,wednesday,2026,local,,,,,,automation,,,,,"weather_index_report",,,,,,,1,,,,,,,,"__::__[]:________...",,,,"weather-data (1)","weather_data",automation,,,,,16,,0,,,,,,
,,,,"Sep 23 22:32:43 automation systemd[1]: Started Ubuntu Advantage Timer for running repeated jobs.","2026-09-23T22:32:43.000+0000",,,,,,,,,22,23,32,september,43,wednesday,2026,local,,,,,,automation,,,,,"weather_index_report",,,,,,,1,,,,,,,,"__::__[]:________.",,,,"weather-data (1)","weather_data",automation,,,,,16,,0,,,,,,
,,,,"Sep 23 22:32:43 automation systemd[1]: Starting Ubuntu Advantage Timer for running repeated jobs...","2026-09-23T22:32:43.000+0000",,,,,,,,,22,23,32,september,43,wednesday,2026,local,,,,,,automation,,,,,"weather_index_report",,,,,,,1,,,,,,,,"__::__[]:________...",,,,"weather-data (1)","weather_data",automation,,,,,16,,0,,,,,,
,,,,"Sep 23 22:25:01 automation CRON[18463]: (root) CMD (command -v debian-sa1 > /dev/null && debian-sa1 1 1)","2026-09-23T22:25:01.000+0000",,,,,,,,,22,23,25,september,1,wednesday,2026,local,,,,,,automation,,,,,"weather_index_report",,,,,,,1,,,,,,,,"__::__[]:_()__(_-_-_>_//_&&_-__)",,,,"weather-data (1)","weather_data",automation,,,,,16,,0,,,,,,
,,,,"Sep 23 22:25:01 automation CRON[18463]: (root) CMD (command -v debian-sa1 > /dev/null && debian-sa1 1 1)","2026-09-23T22:25:01.000+0000",,,,,,,,,22,23,25,september,1,wednesday,2026,local,,,,,,automation,,,,,"weather_index_report",,,,,,,1,,,,,,,,"__::__[]:_()__(_-_-_>_//_&&_-__)",,,,"weather-data (1)","weather_data",automation,,,,,16,,0,,,,,,
,,,,"Sep 23 22:17:01 automation CRON[18458]: (root) CMD (   cd / && run-parts --report /etc/cron.hourly)","2026-09-23T22:17:01.000+0000",,,,,,,,,22,23,17,september,1,wednesday,2026,local,,,,,,automation,,,,,"weather_index_report",,,,,,,1,,,,,,,,"__::__[]:_()__(____/_&&_-_--_//.)",,,,"weather-data (1)","weather_data",automation,,,,,16,,0,,,,,,
,,,,"Sep 23 22:17:01 automation CRON[18458]: (root) CMD (   cd / && run-parts --report /etc/cron.hourly)","2026-09-23T22:17:01.000+0000",,,,,,,,,22,23,17,september,1,wednesday,2026,local,,,,,,automation,,,,,"weather_index_report",,,,,,,1,,,,,,,,"__::__[]:_()__(____/_&&_-_--_//.)",,,,"weather-data (1)","weather_data",automation,,,,,16,,0,,,,,,
,,,,"Sep 23 22:15:01 automation CRON[18455]: (root) CMD (command -v debian-sa1 > /dev/null && debian-sa1 1 1)","2026-09-23T22:15:01.000+0000",,,,,,,,,22,23,15,september,1,wednesday,2026,local,,,,,,automation,,,,,"weather_index_report",,,,,,,1,,,,,,,,"__::__[]:_()__(_-_-_>_//_&&_-__)",,,,"weather-data (1)","weather_data",automation,,,,,16,,0,,,,,,
,,,,"Sep 23 22:15:01 automation CRON[18455]: (root) CMD (command -v debian-sa1 > /dev/null && debian-sa1 1 1)","2026-09-23T22:15:01.000+0000",,,,,,,,,22,23,15,september,1,wednesday,2026,local,,,,,,automation,,,,,"weather_index_report",,,,,,,1,,,,,,,,"__::__[]:_()__(_-_-_>_//_&&_-__)",,,,"weather-data (1)","weather_data",automation,,,,,16,,0,,,,,,
,,,,"Sep 23 22:13:08 automation systemd-networkd[940]: enp0s3: Configured","2026-09-23T22:13:08.000+0000",,,,,,,,,22,23,13,september,8,wednesday,2026,local,,,,,,automation,,,,,"weather_index_report",,,,,,,1,,,,,,,,"__::__-[]:_:_",,,,"weather-data (1)","weather_data",automation,,,,,16,,0,,,,,,
,,,,"Sep 23 22:13:08 automation systemd-networkd[940]: enp0s3: DHCPv4 address 192.168.0.18/24 via 192.168.0.1","2026-09-23T22:13:08.000+0000",,,,,,,,,22,23,13,september,8,wednesday,2026,local,,,,,,automation,,,,,"weather_index_report",,,,,,,1,,,,,,,,"__::__-[]:_:___.../__...",,,,"weather-data (1)","weather_data",automation,,,,,16,,0,,,,,,
,,,,"Sep 23 22:13:08 automation systemd-networkd[940]: enp0s3: Configured","2026-09-23T22:13:08.000+0000",,,,,,,,,22,23,13,september,8,wednesday,2026,local,,,,,,automation,,,,,"weather_index_report",,,,,,,1,,,,,,,,"__::__-[]:_:_",,,,"weather-data (1)","weather_data",automation,,,,,16,,0,,,,,,
,,,,"Sep 23 22:13:08 automation systemd-networkd[940]: enp0s3: DHCPv4 address 192.168.0.18/24 via 192.168.0.1","2026-09-23T22:13:08.000+0000",,,,,,,,,22,23,13,september,8,wednesday,2026,local,,,,,,automation,,,,,"weather_index_report",,,,,,,1,,,,,,,,"__::__-[]:_:___.../__...",,,,"weather-data (1)","weather_data",automation,,,,,16,,0,,,,,,
,,,,"Sep 23 22:13:06 automation systemd-timesyncd[740]: Network configuration changed, trying to establish connection.","2026-09-23T22:13:06.000+0000",,,,,,,,,22,23,13,september,6,wednesday,2026,local,,,,,,automation,,,,,"weather_index_report",,,,,,,1,,,,,,,,"__::__-[]:___,____.",,,,"weather-data (1)","weather_data",automation,,,,,16,,0,,,,,,
,,,,"Sep 23 22:13:06 automation systemd-networkd[940]: enp0s3: Gained carrier","2026-09-23T22:13:06.000+0000",,,,,,,,,22,23,13,september,6,wednesday,2026,local,,,,,,automation,,,,,"weather_index_report",,,,,,,1,,,,,,,,"__::__-[]:_:__",,,,"weather-data (1)","weather_data",automation,,,,,16,,0,,,,,,
,,,,"Sep 23 22:13:06 automation kernel: [72400.915407] e1000: enp0s3 NIC Link is Up 1000 Mbps Full Duplex, Flow Control: RX","2026-09-23T22:13:06.000+0000",,,,,,,,,22,23,13,september,6,wednesday,2026,local,,,,,,automation,,,,,"weather_index_report",,,,,,,1,,,,,,,,"__::__:_[.]_:_________,__:_",,,,"weather-data (1)","weather_data",automation,,,,,16,,0,,,,,,
,,,,"Sep 23 22:13:06 automation systemd-timesyncd[740]: Network configuration changed, trying to establish connection.","2026-09-23T22:13:06.000+0000",,,,,,,,,22,23,13,september,6,wednesday,2026,local,,,,,,automation,,,,,"weather_index_report",,,,,,,1,,,,,,,,"__::__-[]:___,____.",,,,"weather-data (1)","weather_data",automation,,,,,16,,0,,,,,,
,,,,"Sep 23 22:13:06 automation systemd-networkd[940]: enp0s3: Gained carrier","2026-09-23T22:13:06.000+0000",,,,,,,,,22,23,13,september,6,wednesday,2026,local,,,,,,automation,,,,,"weather_index_report",,,,,,,1,,,,,,,,"__::__-[]:_:__",,,,"weather-data (1)","weather_data",automation,,,,,16,,0,,,,,,
,,,,"Sep 23 22:13:06 automation kernel: [72400.915407] e1000: enp0s3 NIC Link is Up 1000 Mbps Full Duplex, Flow Control: RX","2026-09-23T22:13:06.000+0000",,,,,,,,,22,23,13,september,6,wednesday,2026,local,,,,,,automation,,,,,"weather_index_report",,,,,,,1,,,,,,,,"__::__:_[.]_:_________,__:_",,,,"weather-data (1)","weather_data",automation,,,,,16,,0,,,,,,
,,,,"Sep 23 22:13:00 automation systemd[1]: Started Hostname Service.","2026-09-23T22:13:00.000+0000",,,,,,,,,22,23,13,september,0,wednesday,2026,local,,,,,,automation,,,,,"weather_index_report",,,,,,,1,,,,,,,,"__::__[]:___.",,,,"weather-data (1)","weather_data",automation,,,,,16,,0,,,,,,
,,,,"Sep 23 22:13:00 automation systemd[1]: Starting Hostname Service...","2026-09-23T22:13:00.000+0000",,,,,,,,,22,23,13,september,0,wednesday,2026,local,,,,,,automation,,,,,"weather_index_report",,,,,,,1,,,,,,,,"__::__[]:___...",,,,"weather-data (1)","weather_data",automation,,,,,16,,0,,,,,,
,,,,"Sep 23 22:13:00 automation systemd-networkd[940]: enp0s3: DHCPv6 lease lost","2026-09-23T22:13:00.000+0000",,,,,,,,,22,23,13,september,0,wednesday,2026,local,,,,,,automation,,,,,"weather_index_report",,,,,,,1,,,,,,,,"__::__-[]:_:___",,,,"weather-data (1)","weather_data",automation,,,,,16,,0,,,,,,
,,,,"Sep 23 22:13:00 automation systemd-networkd[940]: enp0s3: DHCP lease lost","2026-09-23T22:13:00.000+0000",,,,,,,,,22,23,13,september,0,wednesday,2026,local,,,,,,automation,,,,,"weather_index_report",,,,,,,1,,,,,,,,"__::__-[]:_:___",,,,"weather-data (1)","weather_data",automation,,,,,16,,0,,,,,,
,,,,"Sep 23 22:13:00 automation dbus-daemon[1060]: [system] Successfully activated service 'org.freedesktop.hostname1'","2026-09-23T22:13:00.000+0000",,,,,,,,,22,23,13,september,0,wednesday,2026,local,,,,,,automation,,,,,"weather_index_report",,,,,,,1,,,,,,,,"__::__-[]:_[]____'..'",,,,"weather-data (1)","weather_data",automation,,,,,16,,0,,,,,,
,,,,"Sep 23 22:13:00 automation systemd-networkd[940]: enp0s3: Lost carrier","2026-09-23T22:13:00.000+0000",,,,,,,,,22,23,13,september,0,wednesday,2026,local,,,,,,automation,,,,,"weather_index_report",,,,,,,1,,,,,,,,"__::__-[]:_:__",,,,"weather-data (1)","weather_data",automation,,,,,16,,0,,,,,,
,,,,"Sep 23 22:13:00 automation dbus-daemon[1060]: [system] Activating via systemd: service name='org.freedesktop.hostname1' unit='dbus-org.freedesktop.hostname1.service' requested by ':1.2' (uid=100 pid=940 comm=""/lib/systemd/systemd-networkd "" label=""unconfined"")","2026-09-23T22:13:00.000+0000",,,,,,"/lib/systemd/systemd-networkd",,,22,23,13,september,0,wednesday,2026,local,,,,,,automation,,,,,"weather_index_report",,unconfined,,,,,1,,,,,"'org.freedesktop.hostname1'",940,,"__::__-[]:_[]___:__='..'_='-...'___':.'_(=_=_=""///",,,,"weather-data (1)","weather_data",automation,,,,,16,,0,,100,"'dbus-org.freedesktop.hostname1.service'",,,
,,,,"Sep 23 22:13:00 automation systemd[1]: Started Hostname Service.","2026-09-23T22:13:00.000+0000",,,,,,,,,22,23,13,september,0,wednesday,2026,local,,,,,,automation,,,,,"weather_index_report",,,,,,,1,,,,,,,,"__::__[]:___.",,,,"weather-data (1)","weather_data",automation,,,,,16,,0,,,,,,
,,,,"Sep 23 22:13:00 automation systemd[1]: Starting Hostname Service...","2026-09-23T22:13:00.000+0000",,,,,,,,,22,23,13,september,0,wednesday,2026,local,,,,,,automation,,,,,"weather_index_report",,,,,,,1,,,,,,,,"__::__[]:___...",,,,"weather-data (1)","weather_data",automation,,,,,16,,0,,,,,,
,,,,"Sep 23 22:13:00 automation systemd-networkd[940]: enp0s3: DHCPv6 lease lost","2026-09-23T22:13:00.000+0000",,,,,,,,,22,23,13,september,0,wednesday,2026,local,,,,,,automation,,,,,"weather_index_report",,,,,,,1,,,,,,,,"__::__-[]:_:___",,,,"weather-data (1)","weather_data",automation,,,,,16,,0,,,,,,
,,,,"Sep 23 22:13:00 automation systemd-networkd[940]: enp0s3: DHCP lease lost","2026-09-23T22:13:00.000+0000",,,,,,,,,22,23,13,september,0,wednesday,2026,local,,,,,,automation,,,,,"weather_index_report",,,,,,,1,,,,,,,,"__::__-[]:_:___",,,,"weather-data (1)","weather_data",automation,,,,,16,,0,,,,,,
,,,,"Sep 23 22:13:00 automation dbus-daemon[1060]: [system] Successfully activated service 'org.freedesktop.hostname1'","2026-09-23T22:13:00.000+0000",,,,,,,,,22,23,13,september,0,wednesday,2026,local,,,,,,automation,,,,,"weather_index_report",,,,,,,1,,,,,,,,"__::__-[]:_[]____'..'",,,,"weather-data (1)","weather_data",automation,,,,,16,,0,,,,,,
,,,,"Sep 23 22:13:00 automation systemd-networkd[940]: enp0s3: Lost carrier","2026-09-23T22:13:00.000+0000",,,,,,,,,22,23,13,september,0,wednesday,2026,local,,,,,,automation,,,,,"weather_index_report",,,,,,,1,,,,,,,,"__::__-[]:_:__",,,,"weather-data (1)","weather_data",automation,,,,,16,,0,,,,,,
,,,,"Sep 23 22:13:00 automation dbus-daemon[1060]: [system] Activating via systemd: service name='org.freedesktop.hostname1' unit='dbus-org.freedesktop.hostname1.service' requested by ':1.2' (uid=100 pid=940 comm=""/lib/systemd/systemd-networkd "" label=""unconfined"")","2026-09-23T22:13:00.000+0000",,,,,,"/lib/systemd/systemd-networkd",,,22,23,13,september,0,wednesday,2026,local,,,,,,automation,,,,,"weather_index_report",,unconfined,,,,,1,,,,,"'org.freedesktop.hostname1'",940,,"__::__-[]:_[]___:__='..'_='-...'___':.'_(=_=_=""///",,,,"weather-data (1)","weather_data",automation,,,,,16,,0,,100,"'dbus-org.freedesktop.hostname1.service'",,,
,,,,"Sep 23 22:12:59 automation kernel: [72394.838312] e1000: enp0s3 NIC Link is Down","2026-09-23T22:12:59.000+0000",,,,,,,,,22,23,12,september,59,wednesday,2026,local,,,,,,automation,,,,,"weather_index_report",,,,,,,1,,,,,,,,"__::__:_[.]_:_____",,,,"weather-data (1)","weather_data",automation,,,,,16,,0,,,,,,
,,,,"Sep 23 22:12:59 automation kernel: [72394.838312] e1000: enp0s3 NIC Link is Down","2026-09-23T22:12:59.000+0000",,,,,,,,,22,23,12,september,59,wednesday,2026,local,,,,,,automation,,,,,"weather_index_report",,,,,,,1,,,,,,,,"__::__:_[.]_:_____",,,,"weather-data (1)","weather_data",automation,,,,,16,,0,,,,,,
,,,,"Sep 23 22:07:37 automation grafana-agent[1126]: ts=2024-09-23T22:07:37.309494634Z caller=cleaner.go:203 level=warn agent=prometheus component=cleaner msg=""unable to find segment mtime of WAL"" name=/var/lib/grafana-agent/.cache err=""unable to open WAL: open /var/lib/grafana-agent/.cache/wal: no such file or directory""","2026-09-23T22:07:37.000+0000",prometheus,,,,"cleaner.go:203",,cleaner,,22,23,7,september,37,wednesday,2026,local,,"unable to open WAL: open /var/lib/grafana-agent/.cache/wal: no such file or directory",,,,automation,,,,,"weather_index_report",,,,,,warn,1,,,,"unable to find segment mtime of WAL","/var/lib/grafana-agent/.cache",,,"__::__-[]:_=--::._=.:_=_=_=_=""______""_=///-/._=""__",,,,"weather-data (1)","weather_data",automation,,,,,16,,0,"2024-09-23T22:07:37.309494634Z",,,,,
,,,,"Sep 23 22:07:37 automation grafana-agent[1126]: ts=2024-09-23T22:07:37.309494634Z caller=cleaner.go:203 level=warn agent=prometheus component=cleaner msg=""unable to find segment mtime of WAL"" name=/var/lib/grafana-agent/.cache err=""unable to open WAL: open /var/lib/grafana-agent/.cache/wal: no such file or directory""","2026-09-23T22:07:37.000+0000",prometheus,,,,"cleaner.go:203",,cleaner,,22,23,7,september,37,wednesday,2026,local,,"unable to open WAL: open /var/lib/grafana-agent/.cache/wal: no such file or directory",,,,automation,,,,,"weather_index_report",,,,,,warn,1,,,,"unable to find segment mtime of WAL","/var/lib/grafana-agent/.cache",,,"__::__-[]:_=--::._=.:_=_=_=_=""______""_=///-/._=""__",,,,"weather-data (1)","weather_data",automation,,,,,16,,0,"2024-09-23T22:07:37.309494634Z",,,,,
,,,,"Sep 23 22:07:01 automation CRON[18409]: (root) CMD (   test -x /etc/cron.daily/popularity-contest && /etc/cron.daily/popularity-contest --crond)","2026-09-23T22:07:01.000+0000",,,,,,,,,22,23,7,september,1,wednesday,2026,local,,,,,,automation,,,,,"weather_index_report",,,,,,,1,,,,,,,,"__::__[]:_()__(____-_//./-_&&_//./-_--)",,,,"weather-data (1)","weather_data",automation,,,,,16,,0,,,,,,
,,,,"Sep 23 22:07:01 automation CRON[18409]: (root) CMD (   test -x /etc/cron.daily/popularity-contest && /etc/cron.daily/popularity-contest --crond)","2026-09-23T22:07:01.000+0000",,,,,,,,,22,23,7,september,1,wednesday,2026,local,,,,,,automation,,,,,"weather_index_report",,,,,,,1,,,,,,,,"__::__[]:_()__(____-_//./-_&&_//./-_--)",,,,"weather-data (1)","weather_data",automation,,,,,16,,0,,,,,,
,,,,"Sep 23 22:05:53 automation systemd-timesyncd[740]: Synchronized to time server [2620:2d:4000:1::41]:123 (ntp.ubuntu.com).","2026-09-23T22:05:53.000+0000",,,,,,,,,22,23,5,september,53,wednesday,2026,local,,,,,,automation,,,,,"weather_index_report",,,,,,,1,,,,,,,,"__::__-[]:_____[:::::]:_(..).",,,,"weather-data (1)","weather_data",automation,,,,,16,,0,,,,,,
,,,,"Sep 23 22:05:53 automation systemd-networkd[940]: enp0s3: Configured","2026-09-23T22:05:53.000+0000",,,,,,,,,22,23,5,september,53,wednesday,2026,local,,,,,,automation,,,,,"weather_index_report",,,,,,,1,,,,,,,,"__::__-[]:_:_",,,,"weather-data (1)","weather_data",automation,,,,,16,,0,,,,,,
,,,,"Sep 23 22:05:53 automation systemd-timesyncd[740]: Network configuration changed, trying to establish connection.","2026-09-23T22:05:53.000+0000",,,,,,,,,22,23,5,september,53,wednesday,2026,local,,,,,,automation,,,,,"weather_index_report",,,,,,,1,,,,,,,,"__::__-[]:___,____.",,,,"weather-data (1)","weather_data",automation,,,,,16,,0,,,,,,
,,,,"Sep 23 22:05:53 automation systemd-networkd[940]: enp0s3: DHCPv4 address 192.168.0.18/24 via 192.168.0.1","2026-09-23T22:05:53.000+0000",,,,,,,,,22,23,5,september,53,wednesday,2026,local,,,,,,automation,,,,,"weather_index_report",,,,,,,1,,,,,,,,"__::__-[]:_:___.../__...",,,,"weather-data (1)","weather_data",automation,,,,,16,,0,,,,,,
,,,,"Sep 23 22:05:53 automation systemd[1]: Started Hostname Service.","2026-09-23T22:05:53.000+0000",,,,,,,,,22,23,5,september,53,wednesday,2026,local,,,,,,automation,,,,,"weather_index_report",,,,,,,1,,,,,,,,"__::__[]:___.",,,,"weather-data (1)","weather_data",automation,,,,,16,,0,,,,,,
,,,,"Sep 23 22:05:53 automation dbus-daemon[1060]: [system] Successfully activated service 'org.freedesktop.hostname1'","2026-09-23T22:05:53.000+0000",,,,,,,,,22,23,5,september,53,wednesday,2026,local,,,,,,automation,,,,,"weather_index_report",,,,,,,1,,,,,,,,"__::__-[]:_[]____'..'",,,,"weather-data (1)","weather_data",automation,,,,,16,,0,,,,,,
,,,,"Sep 23 22:05:53 automation systemd-timesyncd[740]: Synchronized to time server [2620:2d:4000:1::41]:123 (ntp.ubuntu.com).","2026-09-23T22:05:53.000+0000",,,,,,,,,22,23,5,september,53,wednesday,2026,local,,,,,,automation,,,,,"weather_index_report",,,,,,,1,,,,,,,,"__::__-[]:_____[:::::]:_(..).",,,,"weather-data (1)","weather_data",automation,,,,,16,,0,,,,,,
,,,,"Sep 23 22:05:53 automation systemd[1]: Starting Hostname Service...","2026-09-23T22:05:53.000+0000",,,,,,,,,22,23,5,september,53,wednesday,2026,local,,,,,,automation,,,,,"weather_index_report",,,,,,,1,,,,,,,,"__::__[]:___...",,,,"weather-data (1)","weather_data",automation,,,,,16,,0,,,,,,
,,,,"Sep 23 22:05:53 automation dbus-daemon[1060]: [system] Activating via systemd: service name='org.freedesktop.hostname1' unit='dbus-org.freedesktop.hostname1.service' requested by ':1.2' (uid=100 pid=940 comm=""/lib/systemd/systemd-networkd "" label=""unconfined"")","2026-09-23T22:05:53.000+0000",,,,,,"/lib/systemd/systemd-networkd",,,22,23,5,september,53,wednesday,2026,local,,,,,,automation,,,,,"weather_index_report",,unconfined,,,,,1,,,,,"'org.freedesktop.hostname1'",940,,"__::__-[]:_[]___:__='..'_='-...'___':.'_(=_=_=""///",,,,"weather-data (1)","weather_data",automation,,,,,16,,0,,100,"'dbus-org.freedesktop.hostname1.service'",,,
,,,,"Sep 23 22:05:53 automation systemd-timesyncd[740]: Network configuration changed, trying to establish connection.","2026-09-23T22:05:53.000+0000",,,,,,,,,22,23,5,september,53,wednesday,2026,local,,,,,,automation,,,,,"weather_index_report",,,,,,,1,,,,,,,,"__::__-[]:___,____.",,,,"weather-data (1)","weather_data",automation,,,,,16,,0,,,,,,
,,,,"Sep 23 22:05:53 automation systemd-networkd[940]: enp0s3: DHCP lease lost","2026-09-23T22:05:53.000+0000",,,,,,,,,22,23,5,september,53,wednesday,2026,local,,,,,,automation,,,,,"weather_index_report",,,,,,,1,,,,,,,,"__::__-[]:_:___",,,,"weather-data (1)","weather_data",automation,,,,,16,,0,,,,,,
,,,,"Sep 23 22:05:53 automation systemd-timesyncd[740]: Synchronized to time server [2620:2d:4000:1::41]:123 (ntp.ubuntu.com).","2026-09-23T22:05:53.000+0000",,,,,,,,,22,23,5,september,53,wednesday,2026,local,,,,,,automation,,,,,"weather_index_report",,,,,,,1,,,,,,,,"__::__-[]:_____[:::::]:_(..).",,,,"weather-data (1)","weather_data",automation,,,,,16,,0,,,,,,
,,,,"Sep 23 22:05:53 automation systemd-networkd[940]: enp0s3: Configured","2026-09-23T22:05:53.000+0000",,,,,,,,,22,23,5,september,53,wednesday,2026,local,,,,,,automation,,,,,"weather_index_report",,,,,,,1,,,,,,,,"__::__-[]:_:_",,,,"weather-data (1)","weather_data",automation,,,,,16,,0,,,,,,
,,,,"Sep 23 22:05:53 automation systemd-timesyncd[740]: Network configuration changed, trying to establish connection.","2026-09-23T22:05:53.000+0000",,,,,,,,,22,23,5,september,53,wednesday,2026,local,,,,,,automation,,,,,"weather_index_report",,,,,,,1,,,,,,,,"__::__-[]:___,____.",,,,"weather-data (1)","weather_data",automation,,,,,16,,0,,,,,,
,,,,"Sep 23 22:05:53 automation systemd-networkd[940]: enp0s3: DHCPv4 address 192.168.0.18/24 via 192.168.0.1","2026-09-23T22:05:53.000+0000",,,,,,,,,22,23,5,september,53,wednesday,2026,local,,,,,,automation,,,,,"weather_index_report",,,,,,,1,,,,,,,,"__::__-[]:_:___.../__...",,,,"weather-data (1)","weather_data",automation,,,,,16,,0,,,,,,
,,,,"Sep 23 22:05:53 automation systemd[1]: Started Hostname Service.","2026-09-23T22:05:53.000+0000",,,,,,,,,22,23,5,september,53,wednesday,2026,local,,,,,,automation,,,,,"weather_index_report",,,,,,,1,,,,,,,,"__::__[]:___.",,,,"weather-data (1)","weather_data",automation,,,,,16,,0,,,,,,
,,,,"Sep 23 22:05:53 automation dbus-daemon[1060]: [system] Successfully activated service 'org.freedesktop.hostname1'","2026-09-23T22:05:53.000+0000",,,,,,,,,22,23,5,september,53,wednesday,2026,local,,,,,,automation,,,,,"weather_index_report",,,,,,,1,,,,,,,,"__::__-[]:_[]____'..'",,,,"weather-data (1)","weather_data",automation,,,,,16,,0,,,,,,
,,,,"Sep 23 22:05:53 automation systemd-timesyncd[740]: Synchronized to time server [2620:2d:4000:1::41]:123 (ntp.ubuntu.com).","2026-09-23T22:05:53.000+0000",,,,,,,,,22,23,5,september,53,wednesday,2026,local,,,,,,automation,,,,,"weather_index_report",,,,,,,1,,,,,,,,"__::__-[]:_____[:::::]:_(..).",,,,"weather-data (1)","weather_data",automation,,,,,16,,0,,,,,,
,,,,"Sep 23 22:05:53 automation systemd[1]: Starting Hostname Service...","2026-09-23T22:05:53.000+0000",,,,,,,,,22,23,5,september,53,wednesday,2026,local,,,,,,automation,,,,,"weather_index_report",,,,,,,1,,,,,,,,"__::__[]:___...",,,,"weather-data (1)","weather_data",automation,,,,,16,,0,,,,,,
,,,,"Sep 23 22:05:53 automation dbus-daemon[1060]: [system] Activating via systemd: service name='org.freedesktop.hostname1' unit='dbus-org.freedesktop.hostname1.service' requested by ':1.2' (uid=100 pid=940 comm=""/lib/systemd/systemd-networkd "" label=""unconfined"")","2026-09-23T22:05:53.000+0000",,,,,,"/lib/systemd/systemd-networkd",,,22,23,5,september,53,wednesday,2026,local,,,,,,automation,,,,,"weather_index_report",,unconfined,,,,,1,,,,,"'org.freedesktop.hostname1'",940,,"__::__-[]:_[]___:__='..'_='-...'___':.'_(=_=_=""///",,,,"weather-data (1)","weather_data",automation,,,,,16,,0,,100,"'dbus-org.freedesktop.hostname1.service'",,,
,,,,"Sep 23 22:05:53 automation systemd-timesyncd[740]: Network configuration changed, trying to establish connection.","2026-09-23T22:05:53.000+0000",,,,,,,,,22,23,5,september,53,wednesday,2026,local,,,,,,automation,,,,,"weather_index_report",,,,,,,1,,,,,,,,"__::__-[]:___,____.",,,,"weather-data (1)","weather_data",automation,,,,,16,,0,,,,,,
,,,,"Sep 23 22:05:53 automation systemd-networkd[940]: enp0s3: DHCP lease lost","2026-09-23T22:05:53.000+0000",,,,,,,,,22,23,5,september,53,wednesday,2026,local,,,,,,automation,,,,,"weather_index_report",,,,,,,1,,,,,,,,"__::__-[]:_:___",,,,"weather-data (1)","weather_data",automation,,,,,16,,0,,,,,,
,,,,"Sep 23 22:05:01 automation CRON[18375]: (root) CMD (command -v debian-sa1 > /dev/null && debian-sa1 1 1)","2026-09-23T22:05:01.000+0000",,,,,,,,,22,23,5,september,1,wednesday,2026,local,,,,,,automation,,,,,"weather_index_report",,,,,,,1,,,,,,,,"__::__[]:_()__(_-_-_>_//_&&_-__)",,,,"weather-data (1)","weather_data",automation,,,,,16,,0,,,,,,
,,,,"Sep 23 22:05:01 automation CRON[18375]: (root) CMD (command -v debian-sa1 > /dev/null && debian-sa1 1 1)","2026-09-23T22:05:01.000+0000",,,,,,,,,22,23,5,september,1,wednesday,2026,local,,,,,,automation,,,,,"weather_index_report",,,,,,,1,,,,,,,,"__::__[]:_()__(_-_-_>_//_&&_-__)",,,,"weather-data (1)","weather_data",automation,,,,,16,,0,,,,,,
,,,,"Sep 23 21:55:01 automation CRON[18369]: (root) CMD (command -v debian-sa1 > /dev/null && debian-sa1 1 1)","2026-09-23T21:55:01.000+0000",,,,,,,,,21,23,55,september,1,wednesday,2026,local,,,,,,automation,,,,,"weather_index_report",,,,,,,1,,,,,,,,"__::__[]:_()__(_-_-_>_//_&&_-__)",,,,"weather-data (1)","weather_data",automation,,,,,16,,0,,,,,,
,,,,"Sep 23 21:55:01 automation CRON[18369]: (root) CMD (command -v debian-sa1 > /dev/null && debian-sa1 1 1)","2026-09-23T21:55:01.000+0000",,,,,,,,,21,23,55,september,1,wednesday,2026,local,,,,,,automation,,,,,"weather_index_report",,,,,,,1,,,,,,,,"__::__[]:_()__(_-_-_>_//_&&_-__)",,,,"weather-data (1)","weather_data",automation,,,,,16,,0,,,,,,
,,,,"Sep 23 21:45:01 automation CRON[18364]: (root) CMD (command -v debian-sa1 > /dev/null && debian-sa1 1 1)","2026-09-23T21:45:01.000+0000",,,,,,,,,21,23,45,september,1,wednesday,2026,local,,,,,,automation,,,,,"weather_index_report",,,,,,,1,,,,,,,,"__::__[]:_()__(_-_-_>_//_&&_-__)",,,,"weather-data (1)","weather_data",automation,,,,,16,,0,,,,,,
,,,,"Sep 23 21:45:01 automation CRON[18364]: (root) CMD (command -v debian-sa1 > /dev/null && debian-sa1 1 1)","2026-09-23T21:45:01.000+0000",,,,,,,,,21,23,45,september,1,wednesday,2026,local,,,,,,automation,,,,,"weather_index_report",,,,,,,1,,,,,,,,"__::__[]:_()__(_-_-_>_//_&&_-__)",,,,"weather-data (1)","weather_data",automation,,,,,16,,0,,,,,,
,,,,"Sep 23 21:37:37 automation grafana-agent[1126]: ts=2024-09-23T21:37:37.319267879Z caller=cleaner.go:203 level=warn agent=prometheus component=cleaner msg=""unable to find segment mtime of WAL"" name=/var/lib/grafana-agent/.cache err=""unable to open WAL: open /var/lib/grafana-agent/.cache/wal: no such file or directory""","2026-09-23T21:37:37.000+0000",prometheus,,,,"cleaner.go:203",,cleaner,,21,23,37,september,37,wednesday,2026,local,,"unable to open WAL: open /var/lib/grafana-agent/.cache/wal: no such file or directory",,,,automation,,,,,"weather_index_report",,,,,,warn,1,,,,"unable to find segment mtime of WAL","/var/lib/grafana-agent/.cache",,,"__::__-[]:_=--::._=.:_=_=_=_=""______""_=///-/._=""__",,,,"weather-data (1)","weather_data",automation,,,,,16,,0,"2024-09-23T21:37:37.319267879Z",,,,,
,,,,"Sep 23 21:37:37 automation grafana-agent[1126]: ts=2024-09-23T21:37:37.319267879Z caller=cleaner.go:203 level=warn agent=prometheus component=cleaner msg=""unable to find segment mtime of WAL"" name=/var/lib/grafana-agent/.cache err=""unable to open WAL: open /var/lib/grafana-agent/.cache/wal: no such file or directory""","2026-09-23T21:37:37.000+0000",prometheus,,,,"cleaner.go:203",,cleaner,,21,23,37,september,37,wednesday,2026,local,,"unable to open WAL: open /var/lib/grafana-agent/.cache/wal: no such file or directory",,,,automation,,,,,"weather_index_report",,,,,,warn,1,,,,"unable to find segment mtime of WAL","/var/lib/grafana-agent/.cache",,,"__::__-[]:_=--::._=.:_=_=_=_=""______""_=///-/._=""__",,,,"weather-data (1)","weather_data",automation,,,,,16,,0,"2024-09-23T21:37:37.319267879Z",,,,,
,,,,"Sep 23 21:35:01 automation CRON[18359]: (root) CMD (command -v debian-sa1 > /dev/null && debian-sa1 1 1)","2026-09-23T21:35:01.000+0000",,,,,,,,,21,23,35,september,1,wednesday,2026,local,,,,,,automation,,,,,"weather_index_report",,,,,,,1,,,,,,,,"__::__[]:_()__(_-_-_>_//_&&_-__)",,,,"weather-data (1)","weather_data",automation,,,,,16,,0,,,,,,
,,,,"Sep 23 21:35:01 automation CRON[18359]: (root) CMD (command -v debian-sa1 > /dev/null && debian-sa1 1 1)","2026-09-23T21:35:01.000+0000",,,,,,,,,21,23,35,september,1,wednesday,2026,local,,,,,,automation,,,,,"weather_index_report",,,,,,,1,,,,,,,,"__::__[]:_()__(_-_-_>_//_&&_-__)",,,,"weather-data (1)","weather_data",automation,,,,,16,,0,,,,,,
,,,,"Sep 23 21:25:01 automation CRON[18353]: (root) CMD (command -v debian-sa1 > /dev/null && debian-sa1 1 1)","2026-09-23T21:25:01.000+0000",,,,,,,,,21,23,25,september,1,wednesday,2026,local,,,,,,automation,,,,,"weather_index_report",,,,,,,1,,,,,,,,"__::__[]:_()__(_-_-_>_//_&&_-__)",,,,"weather-data (1)","weather_data",automation,,,,,16,,0,,,,,,
,,,,"Sep 23 21:25:01 automation CRON[18353]: (root) CMD (command -v debian-sa1 > /dev/null && debian-sa1 1 1)","2026-09-23T21:25:01.000+0000",,,,,,,,,21,23,25,september,1,wednesday,2026,local,,,,,,automation,,,,,"weather_index_report",,,,,,,1,,,,,,,,"__::__[]:_()__(_-_-_>_//_&&_-__)",,,,"weather-data (1)","weather_data",automation,,,,,16,,0,,,,,,
,,,,"Sep 23 21:17:01 automation CRON[18349]: (root) CMD (   cd / && run-parts --report /etc/cron.hourly)","2026-09-23T21:17:01.000+0000",,,,,,,,,21,23,17,september,1,wednesday,2026,local,,,,,,automation,,,,,"weather_index_report",,,,,,,1,,,,,,,,"__::__[]:_()__(____/_&&_-_--_//.)",,,,"weather-data (1)","weather_data",automation,,,,,16,,0,,,,,,
,,,,"Sep 23 21:17:01 automation CRON[18349]: (root) CMD (   cd / && run-parts --report /etc/cron.hourly)","2026-09-23T21:17:01.000+0000",,,,,,,,,21,23,17,september,1,wednesday,2026,local,,,,,,automation,,,,,"weather_index_report",,,,,,,1,,,,,,,,"__::__[]:_()__(____/_&&_-_--_//.)",,,,"weather-data (1)","weather_data",automation,,,,,16,,0,,,,,,
,,,,"Sep 23 21:15:01 automation CRON[18346]: (root) CMD (command -v debian-sa1 > /dev/null && debian-sa1 1 1)","2026-09-23T21:15:01.000+0000",,,,,,,,,21,23,15,september,1,wednesday,2026,local,,,,,,automation,,,,,"weather_index_report",,,,,,,1,,,,,,,,"__::__[]:_()__(_-_-_>_//_&&_-__)",,,,"weather-data (1)","weather_data",automation,,,,,16,,0,,,,,,
,,,,"Sep 23 21:15:01 automation CRON[18346]: (root) CMD (command -v debian-sa1 > /dev/null && debian-sa1 1 1)","2026-09-23T21:15:01.000+0000",,,,,,,,,21,23,15,september,1,wednesday,2026,local,,,,,,automation,,,,,"weather_index_report",,,,,,,1,,,,,,,,"__::__[]:_()__(_-_-_>_//_&&_-__)",,,,"weather-data (1)","weather_data",automation,,,,,16,,0,,,,,,
,,,,"Sep 23 21:07:37 automation grafana-agent[1126]: ts=2024-09-23T21:07:37.303564991Z caller=cleaner.go:203 level=warn agent=prometheus component=cleaner msg=""unable to find segment mtime of WAL"" name=/var/lib/grafana-agent/.cache err=""unable to open WAL: open /var/lib/grafana-agent/.cache/wal: no such file or directory""","2026-09-23T21:07:37.000+0000",prometheus,,,,"cleaner.go:203",,cleaner,,21,23,7,september,37,wednesday,2026,local,,"unable to open WAL: open /var/lib/grafana-agent/.cache/wal: no such file or directory",,,,automation,,,,,"weather_index_report",,,,,,warn,1,,,,"unable to find segment mtime of WAL","/var/lib/grafana-agent/.cache",,,"__::__-[]:_=--::._=.:_=_=_=_=""______""_=///-/._=""__",,,,"weather-data (1)","weather_data",automation,,,,,16,,0,"2024-09-23T21:07:37.303564991Z",,,,,
,,,,"Sep 23 21:07:37 automation grafana-agent[1126]: ts=2024-09-23T21:07:37.303564991Z caller=cleaner.go:203 level=warn agent=prometheus component=cleaner msg=""unable to find segment mtime of WAL"" name=/var/lib/grafana-agent/.cache err=""unable to open WAL: open /var/lib/grafana-agent/.cache/wal: no such file or directory""","2026-09-23T21:07:37.000+0000",prometheus,,,,"cleaner.go:203",,cleaner,,21,23,7,september,37,wednesday,2026,local,,"unable to open WAL: open /var/lib/grafana-agent/.cache/wal: no such file or directory",,,,automation,,,,,"weather_index_report",,,,,,warn,1,,,,"unable to find segment mtime of WAL","/var/lib/grafana-agent/.cache",,,"__::__-[]:_=--::._=.:_=_=_=_=""______""_=///-/._=""__",,,,"weather-data (1)","weather_data",automation,,,,,16,,0,"2024-09-23T21:07:37.303564991Z",,,,,
,,,,"Sep 23 21:05:54 automation systemd-timesyncd[740]: Synchronized to time server [2620:2d:4000:1::41]:123 (ntp.ubuntu.com).","2026-09-23T21:05:54.000+0000",,,,,,,,,21,23,5,september,54,wednesday,2026,local,,,,,,automation,,,,,"weather_index_report",,,,,,,1,,,,,,,,"__::__-[]:_____[:::::]:_(..).",,,,"weather-data (1)","weather_data",automation,,,,,16,,0,,,,,,
,,,,"Sep 23 21:05:54 automation systemd-timesyncd[740]: Synchronized to time server [2620:2d:4000:1::41]:123 (ntp.ubuntu.com).","2026-09-23T21:05:54.000+0000",,,,,,,,,21,23,5,september,54,wednesday,2026,local,,,,,,automation,,,,,"weather_index_report",,,,,,,1,,,,,,,,"__::__-[]:_____[:::::]:_(..).",,,,"weather-data (1)","weather_data",automation,,,,,16,,0,,,,,,
,,,,"Sep 23 21:05:53 automation systemd-timesyncd[740]: Network configuration changed, trying to establish connection.","2026-09-23T21:05:53.000+0000",,,,,,,,,21,23,5,september,53,wednesday,2026,local,,,,,,automation,,,,,"weather_index_report",,,,,,,1,,,,,,,,"__::__-[]:___,____.",,,,"weather-data (1)","weather_data",automation,,,,,16,,0,,,,,,
,,,,"Sep 23 21:05:53 automation systemd-networkd[940]: enp0s3: Configured","2026-09-23T21:05:53.000+0000",,,,,,,,,21,23,5,september,53,wednesday,2026,local,,,,,,automation,,,,,"weather_index_report",,,,,,,1,,,,,,,,"__::__-[]:_:_",,,,"weather-data (1)","weather_data",automation,,,,,16,,0,,,,,,
,,,,"Sep 23 21:05:53 automation systemd-networkd[940]: enp0s3: DHCPv4 address 192.168.0.18/24 via 192.168.0.1","2026-09-23T21:05:53.000+0000",,,,,,,,,21,23,5,september,53,wednesday,2026,local,,,,,,automation,,,,,"weather_index_report",,,,,,,1,,,,,,,,"__::__-[]:_:___.../__...",,,,"weather-data (1)","weather_data",automation,,,,,16,,0,,,,,,
,,,,"Sep 23 21:05:53 automation systemd[1]: Started Hostname Service.","2026-09-23T21:05:53.000+0000",,,,,,,,,21,23,5,september,53,wednesday,2026,local,,,,,,automation,,,,,"weather_index_report",,,,,,,1,,,,,,,,"__::__[]:___.",,,,"weather-data (1)","weather_data",automation,,,,,16,,0,,,,,,
,,,,"Sep 23 21:05:53 automation dbus-daemon[1060]: [system] Successfully activated service 'org.freedesktop.hostname1'","2026-09-23T21:05:53.000+0000",,,,,,,,,21,23,5,september,53,wednesday,2026,local,,,,,,automation,,,,,"weather_index_report",,,,,,,1,,,,,,,,"__::__-[]:_[]____'..'",,,,"weather-data (1)","weather_data",automation,,,,,16,,0,,,,,,
,,,,"Sep 23 21:05:53 automation systemd-timesyncd[740]: Synchronized to time server [2620:2d:4000:1::41]:123 (ntp.ubuntu.com).","2026-09-23T21:05:53.000+0000",,,,,,,,,21,23,5,september,53,wednesday,2026,local,,,,,,automation,,,,,"weather_index_report",,,,,,,1,,,,,,,,"__::__-[]:_____[:::::]:_(..).",,,,"weather-data (1)","weather_data",automation,,,,,16,,0,,,,,,
,,,,"Sep 23 21:05:53 automation systemd[1]: Starting Hostname Service...","2026-09-23T21:05:53.000+0000",,,,,,,,,21,23,5,september,53,wednesday,2026,local,,,,,,automation,,,,,"weather_index_report",,,,,,,1,,,,,,,,"__::__[]:___...",,,,"weather-data (1)","weather_data",automation,,,,,16,,0,,,,,,
,,,,"Sep 23 21:05:53 automation systemd-timesyncd[740]: Network configuration changed, trying to establish connection.","2026-09-23T21:05:53.000+0000",,,,,,,,,21,23,5,september,53,wednesday,2026,local,,,,,,automation,,,,,"weather_index_report",,,,,,,1,,,,,,,,"__::__-[]:___,____.",,,,"weather-data (1)","weather_data",automation,,,,,16,,0,,,,,,
,,,,"Sep 23 21:05:53 automation dbus-daemon[1060]: [system] Activating via systemd: service name='org.freedesktop.hostname1' unit='dbus-org.freedesktop.hostname1.service' requested by ':1.2' (uid=100 pid=940 comm=""/lib/systemd/systemd-networkd "" label=""unconfined"")","2026-09-23T21:05:53.000+0000",,,,,,"/lib/systemd/systemd-networkd",,,21,23,5,september,53,wednesday,2026,local,,,,,,automation,,,,,"weather_index_report",,unconfined,,,,,1,,,,,"'org.freedesktop.hostname1'",940,,"__::__-[]:_[]___:__='..'_='-...'___':.'_(=_=_=""///",,,,"weather-data (1)","weather_data",automation,,,,,16,,0,,100,"'dbus-org.freedesktop.hostname1.service'",,,
,,,,"Sep 23 21:05:53 automation systemd-networkd[940]: enp0s3: DHCP lease lost","2026-09-23T21:05:53.000+0000",,,,,,,,,21,23,5,september,53,wednesday,2026,local,,,,,,automation,,,,,"weather_index_report",,,,,,,1,,,,,,,,"__::__-[]:_:___",,,,"weather-data (1)","weather_data",automation,,,,,16,,0,,,,,,
,,,,"Sep 23 21:05:53 automation systemd-timesyncd[740]: Network configuration changed, trying to establish connection.","2026-09-23T21:05:53.000+0000",,,,,,,,,21,23,5,september,53,wednesday,2026,local,,,,,,automation,,,,,"weather_index_report",,,,,,,1,,,,,,,,"__::__-[]:___,____.",,,,"weather-data (1)","weather_data",automation,,,,,16,,0,,,,,,
,,,,"Sep 23 21:05:53 automation systemd-networkd[940]: enp0s3: Configured","2026-09-23T21:05:53.000+0000",,,,,,,,,21,23,5,september,53,wednesday,2026,local,,,,,,automation,,,,,"weather_index_report",,,,,,,1,,,,,,,,"__::__-[]:_:_",,,,"weather-data (1)","weather_data",automation,,,,,16,,0,,,,,,
,,,,"Sep 23 21:05:53 automation systemd-networkd[940]: enp0s3: DHCPv4 address 192.168.0.18/24 via 192.168.0.1","2026-09-23T21:05:53.000+0000",,,,,,,,,21,23,5,september,53,wednesday,2026,local,,,,,,automation,,,,,"weather_index_report",,,,,,,1,,,,,,,,"__::__-[]:_:___.../__...",,,,"weather-data (1)","weather_data",automation,,,,,16,,0,,,,,,
,,,,"Sep 23 21:05:53 automation systemd[1]: Started Hostname Service.","2026-09-23T21:05:53.000+0000",,,,,,,,,21,23,5,september,53,wednesday,2026,local,,,,,,automation,,,,,"weather_index_report",,,,,,,1,,,,,,,,"__::__[]:___.",,,,"weather-data (1)","weather_data",automation,,,,,16,,0,,,,,,
,,,,"Sep 23 21:05:53 automation dbus-daemon[1060]: [system] Successfully activated service 'org.freedesktop.hostname1'","2026-09-23T21:05:53.000+0000",,,,,,,,,21,23,5,september,53,wednesday,2026,local,,,,,,automation,,,,,"weather_index_report",,,,,,,1,,,,,,,,"__::__-[]:_[]____'..'",,,,"weather-data (1)","weather_data",automation,,,,,16,,0,,,,,,
,,,,"Sep 23 21:05:53 automation systemd-timesyncd[740]: Synchronized to time server [2620:2d:4000:1::41]:123 (ntp.ubuntu.com).","2026-09-23T21:05:53.000+0000",,,,,,,,,21,23,5,september,53,wednesday,2026,local,,,,,,automation,,,,,"weather_index_report",,,,,,,1,,,,,,,,"__::__-[]:_____[:::::]:_(..).",,,,"weather-data (1)","weather_data",automation,,,,,16,,0,,,,,,
,,,,"Sep 23 21:05:53 automation systemd[1]: Starting Hostname Service...","2026-09-23T21:05:53.000+0000",,,,,,,,,21,23,5,september,53,wednesday,2026,local,,,,,,automation,,,,,"weather_index_report",,,,,,,1,,,,,,,,"__::__[]:___...",,,,"weather-data (1)","weather_data",automation,,,,,16,,0,,,,,,
,,,,"Sep 23 21:05:53 automation systemd-timesyncd[740]: Network configuration changed, trying to establish connection.","2026-09-23T21:05:53.000+0000",,,,,,,,,21,23,5,september,53,wednesday,2026,local,,,,,,automation,,,,,"weather_index_report",,,,,,,1,,,,,,,,"__::__-[]:___,____.",,,,"weather-data (1)","weather_data",automation,,,,,16,,0,,,,,,
,,,,"Sep 23 21:05:53 automation dbus-daemon[1060]: [system] Activating via systemd: service name='org.freedesktop.hostname1' unit='dbus-org.freedesktop.hostname1.service' requested by ':1.2' (uid=100 pid=940 comm=""/lib/systemd/systemd-networkd "" label=""unconfined"")","2026-09-23T21:05:53.000+0000",,,,,,"/lib/systemd/systemd-networkd",,,21,23,5,september,53,wednesday,2026,local,,,,,,automation,,,,,"weather_index_report",,unconfined,,,,,1,,,,,"'org.freedesktop.hostname1'",940,,"__::__-[]:_[]___:__='..'_='-...'___':.'_(=_=_=""///",,,,"weather-data (1)","weather_data",automation,,,,,16,,0,,100,"'dbus-org.freedesktop.hostname1.service'",,,
,,,,"Sep 23 21:05:53 automation systemd-networkd[940]: enp0s3: DHCP lease lost","2026-09-23T21:05:53.000+0000",,,,,,,,,21,23,5,september,53,wednesday,2026,local,,,,,,automation,,,,,"weather_index_report",,,,,,,1,,,,,,,,"__::__-[]:_:___",,,,"weather-data (1)","weather_data",automation,,,,,16,,0,,,,,,
,,,,"Sep 23 21:05:01 automation CRON[18299]: (root) CMD (command -v debian-sa1 > /dev/null && debian-sa1 1 1)","2026-09-23T21:05:01.000+0000",,,,,,,,,21,23,5,september,1,wednesday,2026,local,,,,,,automation,,,,,"weather_index_report",,,,,,,1,,,,,,,,"__::__[]:_()__(_-_-_>_//_&&_-__)",,,,"weather-data (1)","weather_data",automation,,,,,16,,0,,,,,,
,,,,"Sep 23 21:05:01 automation CRON[18299]: (root) CMD (command -v debian-sa1 > /dev/null && debian-sa1 1 1)","2026-09-23T21:05:01.000+0000",,,,,,,,,21,23,5,september,1,wednesday,2026,local,,,,,,automation,,,,,"weather_index_report",,,,,,,1,,,,,,,,"__::__[]:_()__(_-_-_>_//_&&_-__)",,,,"weather-data (1)","weather_data",automation,,,,,16,,0,,,,,,
,,,,"Sep 23 20:55:01 automation CRON[18292]: (root) CMD (command -v debian-sa1 > /dev/null && debian-sa1 1 1)","2026-09-23T20:55:01.000+0000",,,,,,,,,20,23,55,september,1,wednesday,2026,local,,,,,,automation,,,,,"weather_index_report",,,,,,,1,,,,,,,,"__::__[]:_()__(_-_-_>_//_&&_-__)",,,,"weather-data (1)","weather_data",automation,,,,,16,,0,,,,,,
,,,,"Sep 23 20:55:01 automation CRON[18292]: (root) CMD (command -v debian-sa1 > /dev/null && debian-sa1 1 1)","2026-09-23T20:55:01.000+0000",,,,,,,,,20,23,55,september,1,wednesday,2026,local,,,,,,automation,,,,,"weather_index_report",,,,,,,1,,,,,,,,"__::__[]:_()__(_-_-_>_//_&&_-__)",,,,"weather-data (1)","weather_data",automation,,,,,16,,0,,,,,,
,,,,"Sep 23 20:45:01 automation CRON[18285]: (root) CMD (command -v debian-sa1 > /dev/null && debian-sa1 1 1)","2026-09-23T20:45:01.000+0000",,,,,,,,,20,23,45,september,1,wednesday,2026,local,,,,,,automation,,,,,"weather_index_report",,,,,,,1,,,,,,,,"__::__[]:_()__(_-_-_>_//_&&_-__)",,,,"weather-data (1)","weather_data",automation,,,,,16,,0,,,,,,
,,,,"Sep 23 20:45:01 automation CRON[18285]: (root) CMD (command -v debian-sa1 > /dev/null && debian-sa1 1 1)","2026-09-23T20:45:01.000+0000",,,,,,,,,20,23,45,september,1,wednesday,2026,local,,,,,,automation,,,,,"weather_index_report",,,,,,,1,,,,,,,,"__::__[]:_()__(_-_-_>_//_&&_-__)",,,,"weather-data (1)","weather_data",automation,,,,,16,,0,,,,,,
,,,,"Sep 23 20:37:37 automation grafana-agent[1126]: ts=2024-09-23T20:37:37.302910703Z caller=cleaner.go:203 level=warn agent=prometheus component=cleaner msg=""unable to find segment mtime of WAL"" name=/var/lib/grafana-agent/.cache err=""unable to open WAL: open /var/lib/grafana-agent/.cache/wal: no such file or directory""","2026-09-23T20:37:37.000+0000",prometheus,,,,"cleaner.go:203",,cleaner,,20,23,37,september,37,wednesday,2026,local,,"unable to open WAL: open /var/lib/grafana-agent/.cache/wal: no such file or directory",,,,automation,,,,,"weather_index_report",,,,,,warn,1,,,,"unable to find segment mtime of WAL","/var/lib/grafana-agent/.cache",,,"__::__-[]:_=--::._=.:_=_=_=_=""______""_=///-/._=""__",,,,"weather-data (1)","weather_data",automation,,,,,16,,0,"2024-09-23T20:37:37.302910703Z",,,,,
,,,,"Sep 23 20:37:37 automation grafana-agent[1126]: ts=2024-09-23T20:37:37.302910703Z caller=cleaner.go:203 level=warn agent=prometheus component=cleaner msg=""unable to find segment mtime of WAL"" name=/var/lib/grafana-agent/.cache err=""unable to open WAL: open /var/lib/grafana-agent/.cache/wal: no such file or directory""","2026-09-23T20:37:37.000+0000",prometheus,,,,"cleaner.go:203",,cleaner,,20,23,37,september,37,wednesday,2026,local,,"unable to open WAL: open /var/lib/grafana-agent/.cache/wal: no such file or directory",,,,automation,,,,,"weather_index_report",,,,,,warn,1,,,,"unable to find segment mtime of WAL","/var/lib/grafana-agent/.cache",,,"__::__-[]:_=--::._=.:_=_=_=_=""______""_=///-/._=""__",,,,"weather-data (1)","weather_data",automation,,,,,16,,0,"2024-09-23T20:37:37.302910703Z",,,,,
,,,,"Sep 23 20:35:01 automation CRON[18279]: (root) CMD (command -v debian-sa1 > /dev/null && debian-sa1 1 1)","2026-09-23T20:35:01.000+0000",,,,,,,,,20,23,35,september,1,wednesday,2026,local,,,,,,automation,,,,,"weather_index_report",,,,,,,1,,,,,,,,"__::__[]:_()__(_-_-_>_//_&&_-__)",,,,"weather-data (1)","weather_data",automation,,,,,16,,0,,,,,,
,,,,"Sep 23 20:35:01 automation CRON[18279]: (root) CMD (command -v debian-sa1 > /dev/null && debian-sa1 1 1)","2026-09-23T20:35:01.000+0000",,,,,,,,,20,23,35,september,1,wednesday,2026,local,,,,,,automation,,,,,"weather_index_report",,,,,,,1,,,,,,,,"__::__[]:_()__(_-_-_>_//_&&_-__)",,,,"weather-data (1)","weather_data",automation,,,,,16,,0,,,,,,
,,,,"Sep 23 20:25:01 automation CRON[18273]: (root) CMD (command -v debian-sa1 > /dev/null && debian-sa1 1 1)","2026-09-23T20:25:01.000+0000",,,,,,,,,20,23,25,september,1,wednesday,2026,local,,,,,,automation,,,,,"weather_index_report",,,,,,,1,,,,,,,,"__::__[]:_()__(_-_-_>_//_&&_-__)",,,,"weather-data (1)","weather_data",automation,,,,,16,,0,,,,,,
,,,,"Sep 23 20:25:01 automation CRON[18273]: (root) CMD (command -v debian-sa1 > /dev/null && debian-sa1 1 1)","2026-09-23T20:25:01.000+0000",,,,,,,,,20,23,25,september,1,wednesday,2026,local,,,,,,automation,,,,,"weather_index_report",,,,,,,1,,,,,,,,"__::__[]:_()__(_-_-_>_//_&&_-__)",,,,"weather-data (1)","weather_data",automation,,,,,16,,0,,,,,,
,,,,"Sep 23 20:17:01 automation CRON[18268]: (root) CMD (   cd / && run-parts --report /etc/cron.hourly)","2026-09-23T20:17:01.000+0000",,,,,,,,,20,23,17,september,1,wednesday,2026,local,,,,,,automation,,,,,"weather_index_report",,,,,,,1,,,,,,,,"__::__[]:_()__(____/_&&_-_--_//.)",,,,"weather-data (1)","weather_data",automation,,,,,16,,0,,,,,,
,,,,"Sep 23 20:17:01 automation CRON[18268]: (root) CMD (   cd / && run-parts --report /etc/cron.hourly)","2026-09-23T20:17:01.000+0000",,,,,,,,,20,23,17,september,1,wednesday,2026,local,,,,,,automation,,,,,"weather_index_report",,,,,,,1,,,,,,,,"__::__[]:_()__(____/_&&_-_--_//.)",,,,"weather-data (1)","weather_data",automation,,,,,16,,0,,,,,,
,,,,"Sep 23 20:15:01 automation CRON[18265]: (root) CMD (command -v debian-sa1 > /dev/null && debian-sa1 1 1)","2026-09-23T20:15:01.000+0000",,,,,,,,,20,23,15,september,1,wednesday,2026,local,,,,,,automation,,,,,"weather_index_report",,,,,,,1,,,,,,,,"__::__[]:_()__(_-_-_>_//_&&_-__)",,,,"weather-data (1)","weather_data",automation,,,,,16,,0,,,,,,
,,,,"Sep 23 20:15:01 automation CRON[18265]: (root) CMD (command -v debian-sa1 > /dev/null && debian-sa1 1 1)","2026-09-23T20:15:01.000+0000",,,,,,,,,20,23,15,september,1,wednesday,2026,local,,,,,,automation,,,,,"weather_index_report",,,,,,,1,,,,,,,,"__::__[]:_()__(_-_-_>_//_&&_-__)",,,,"weather-data (1)","weather_data",automation,,,,,16,,0,,,,,,
,,,,"Sep 23 20:07:37 automation grafana-agent[1126]: ts=2024-09-23T20:07:37.309798954Z caller=cleaner.go:203 level=warn agent=prometheus component=cleaner msg=""unable to find segment mtime of WAL"" name=/var/lib/grafana-agent/.cache err=""unable to open WAL: open /var/lib/grafana-agent/.cache/wal: no such file or directory""","2026-09-23T20:07:37.000+0000",prometheus,,,,"cleaner.go:203",,cleaner,,20,23,7,september,37,wednesday,2026,local,,"unable to open WAL: open /var/lib/grafana-agent/.cache/wal: no such file or directory",,,,automation,,,,,"weather_index_report",,,,,,warn,1,,,,"unable to find segment mtime of WAL","/var/lib/grafana-agent/.cache",,,"__::__-[]:_=--::._=.:_=_=_=_=""______""_=///-/._=""__",,,,"weather-data (1)","weather_data",automation,,,,,16,,0,"2024-09-23T20:07:37.309798954Z",,,,,
,,,,"Sep 23 20:07:37 automation grafana-agent[1126]: ts=2024-09-23T20:07:37.309798954Z caller=cleaner.go:203 level=warn agent=prometheus component=cleaner msg=""unable to find segment mtime of WAL"" name=/var/lib/grafana-agent/.cache err=""unable to open WAL: open /var/lib/grafana-agent/.cache/wal: no such file or directory""","2026-09-23T20:07:37.000+0000",prometheus,,,,"cleaner.go:203",,cleaner,,20,23,7,september,37,wednesday,2026,local,,"unable to open WAL: open /var/lib/grafana-agent/.cache/wal: no such file or directory",,,,automation,,,,,"weather_index_report",,,,,,warn,1,,,,"unable to find segment mtime of WAL","/var/lib/grafana-agent/.cache",,,"__::__-[]:_=--::._=.:_=_=_=_=""______""_=///-/._=""__",,,,"weather-data (1)","weather_data",automation,,,,,16,,0,"2024-09-23T20:07:37.309798954Z",,,,,
,,,,"Sep 23 20:05:53 automation systemd-timesyncd[740]: Synchronized to time server [2620:2d:4000:1::41]:123 (ntp.ubuntu.com).","2026-09-23T20:05:53.000+0000",,,,,,,,,20,23,5,september,53,wednesday,2026,local,,,,,,automation,,,,,"weather_index_report",,,,,,,1,,,,,,,,"__::__-[]:_____[:::::]:_(..).",,,,"weather-data (1)","weather_data",automation,,,,,16,,0,,,,,,
,,,,"Sep 23 20:05:53 automation systemd[1]: Started Hostname Service.","2026-09-23T20:05:53.000+0000",,,,,,,,,20,23,5,september,53,wednesday,2026,local,,,,,,automation,,,,,"weather_index_report",,,,,,,1,,,,,,,,"__::__[]:___.",,,,"weather-data (1)","weather_data",automation,,,,,16,,0,,,,,,
,,,,"Sep 23 20:05:53 automation dbus-daemon[1060]: [system] Successfully activated service 'org.freedesktop.hostname1'","2026-09-23T20:05:53.000+0000",,,,,,,,,20,23,5,september,53,wednesday,2026,local,,,,,,automation,,,,,"weather_index_report",,,,,,,1,,,,,,,,"__::__-[]:_[]____'..'",,,,"weather-data (1)","weather_data",automation,,,,,16,,0,,,,,,
,,,,"Sep 23 20:05:53 automation systemd-timesyncd[740]: Network configuration changed, trying to establish connection.","2026-09-23T20:05:53.000+0000",,,,,,,,,20,23,5,september,53,wednesday,2026,local,,,,,,automation,,,,,"weather_index_report",,,,,,,1,,,,,,,,"__::__-[]:___,____.",,,,"weather-data (1)","weather_data",automation,,,,,16,,0,,,,,,
,,,,"Sep 23 20:05:53 automation systemd-networkd[940]: enp0s3: Configured","2026-09-23T20:05:53.000+0000",,,,,,,,,20,23,5,september,53,wednesday,2026,local,,,,,,automation,,,,,"weather_index_report",,,,,,,1,,,,,,,,"__::__-[]:_:_",,,,"weather-data (1)","weather_data",automation,,,,,16,,0,,,,,,
,,,,"Sep 23 20:05:53 automation systemd-networkd[940]: enp0s3: DHCPv4 address 192.168.0.18/24 via 192.168.0.1","2026-09-23T20:05:53.000+0000",,,,,,,,,20,23,5,september,53,wednesday,2026,local,,,,,,automation,,,,,"weather_index_report",,,,,,,1,,,,,,,,"__::__-[]:_:___.../__...",,,,"weather-data (1)","weather_data",automation,,,,,16,,0,,,,,,
,,,,"Sep 23 20:05:53 automation systemd-timesyncd[740]: Synchronized to time server [2620:2d:4000:1::41]:123 (ntp.ubuntu.com).","2026-09-23T20:05:53.000+0000",,,,,,,,,20,23,5,september,53,wednesday,2026,local,,,,,,automation,,,,,"weather_index_report",,,,,,,1,,,,,,,,"__::__-[]:_____[:::::]:_(..).",,,,"weather-data (1)","weather_data",automation,,,,,16,,0,,,,,,
,,,,"Sep 23 20:05:53 automation systemd[1]: Starting Hostname Service...","2026-09-23T20:05:53.000+0000",,,,,,,,,20,23,5,september,53,wednesday,2026,local,,,,,,automation,,,,,"weather_index_report",,,,,,,1,,,,,,,,"__::__[]:___...",,,,"weather-data (1)","weather_data",automation,,,,,16,,0,,,,,,
,,,,"Sep 23 20:05:53 automation systemd-timesyncd[740]: Network configuration changed, trying to establish connection.","2026-09-23T20:05:53.000+0000",,,,,,,,,20,23,5,september,53,wednesday,2026,local,,,,,,automation,,,,,"weather_index_report",,,,,,,1,,,,,,,,"__::__-[]:___,____.",,,,"weather-data (1)","weather_data",automation,,,,,16,,0,,,,,,
,,,,"Sep 23 20:05:53 automation dbus-daemon[1060]: [system] Activating via systemd: service name='org.freedesktop.hostname1' unit='dbus-org.freedesktop.hostname1.service' requested by ':1.2' (uid=100 pid=940 comm=""/lib/systemd/systemd-networkd "" label=""unconfined"")","2026-09-23T20:05:53.000+0000",,,,,,"/lib/systemd/systemd-networkd",,,20,23,5,september,53,wednesday,2026,local,,,,,,automation,,,,,"weather_index_report",,unconfined,,,,,1,,,,,"'org.freedesktop.hostname1'",940,,"__::__-[]:_[]___:__='..'_='-...'___':.'_(=_=_=""///",,,,"weather-data (1)","weather_data",automation,,,,,16,,0,,100,"'dbus-org.freedesktop.hostname1.service'",,,
,,,,"Sep 23 20:05:53 automation systemd-networkd[940]: enp0s3: DHCP lease lost","2026-09-23T20:05:53.000+0000",,,,,,,,,20,23,5,september,53,wednesday,2026,local,,,,,,automation,,,,,"weather_index_report",,,,,,,1,,,,,,,,"__::__-[]:_:___",,,,"weather-data (1)","weather_data",automation,,,,,16,,0,,,,,,
,,,,"Sep 23 20:05:53 automation systemd-timesyncd[740]: Synchronized to time server [2620:2d:4000:1::41]:123 (ntp.ubuntu.com).","2026-09-23T20:05:53.000+0000",,,,,,,,,20,23,5,september,53,wednesday,2026,local,,,,,,automation,,,,,"weather_index_report",,,,,,,1,,,,,,,,"__::__-[]:_____[:::::]:_(..).",,,,"weather-data (1)","weather_data",automation,,,,,16,,0,,,,,,
,,,,"Sep 23 20:05:53 automation systemd[1]: Started Hostname Service.","2026-09-23T20:05:53.000+0000",,,,,,,,,20,23,5,september,53,wednesday,2026,local,,,,,,automation,,,,,"weather_index_report",,,,,,,1,,,,,,,,"__::__[]:___.",,,,"weather-data (1)","weather_data",automation,,,,,16,,0,,,,,,
,,,,"Sep 23 20:05:53 automation dbus-daemon[1060]: [system] Successfully activated service 'org.freedesktop.hostname1'","2026-09-23T20:05:53.000+0000",,,,,,,,,20,23,5,september,53,wednesday,2026,local,,,,,,automation,,,,,"weather_index_report",,,,,,,1,,,,,,,,"__::__-[]:_[]____'..'",,,,"weather-data (1)","weather_data",automation,,,,,16,,0,,,,,,
,,,,"Sep 23 20:05:53 automation systemd-timesyncd[740]: Network configuration changed, trying to establish connection.","2026-09-23T20:05:53.000+0000",,,,,,,,,20,23,5,september,53,wednesday,2026,local,,,,,,automation,,,,,"weather_index_report",,,,,,,1,,,,,,,,"__::__-[]:___,____.",,,,"weather-data (1)","weather_data",automation,,,,,16,,0,,,,,,
,,,,"Sep 23 20:05:53 automation systemd-networkd[940]: enp0s3: Configured","2026-09-23T20:05:53.000+0000",,,,,,,,,20,23,5,september,53,wednesday,2026,local,,,,,,automation,,,,,"weather_index_report",,,,,,,1,,,,,,,,"__::__-[]:_:_",,,,"weather-data (1)","weather_data",automation,,,,,16,,0,,,,,,
,,,,"Sep 23 20:05:53 automation systemd-networkd[940]: enp0s3: DHCPv4 address 192.168.0.18/24 via 192.168.0.1","2026-09-23T20:05:53.000+0000",,,,,,,,,20,23,5,september,53,wednesday,2026,local,,,,,,automation,,,,,"weather_index_report",,,,,,,1,,,,,,,,"__::__-[]:_:___.../__...",,,,"weather-data (1)","weather_data",automation,,,,,16,,0,,,,,,
,,,,"Sep 23 20:05:53 automation systemd-timesyncd[740]: Synchronized to time server [2620:2d:4000:1::41]:123 (ntp.ubuntu.com).","2026-09-23T20:05:53.000+0000",,,,,,,,,20,23,5,september,53,wednesday,2026,local,,,,,,automation,,,,,"weather_index_report",,,,,,,1,,,,,,,,"__::__-[]:_____[:::::]:_(..).",,,,"weather-data (1)","weather_data",automation,,,,,16,,0,,,,,,
,,,,"Sep 23 20:05:53 automation systemd[1]: Starting Hostname Service...","2026-09-23T20:05:53.000+0000",,,,,,,,,20,23,5,september,53,wednesday,2026,local,,,,,,automation,,,,,"weather_index_report",,,,,,,1,,,,,,,,"__::__[]:___...",,,,"weather-data (1)","weather_data",automation,,,,,16,,0,,,,,,
,,,,"Sep 23 20:05:53 automation systemd-timesyncd[740]: Network configuration changed, trying to establish connection.","2026-09-23T20:05:53.000+0000",,,,,,,,,20,23,5,september,53,wednesday,2026,local,,,,,,automation,,,,,"weather_index_report",,,,,,,1,,,,,,,,"__::__-[]:___,____.",,,,"weather-data (1)","weather_data",automation,,,,,16,,0,,,,,,
,,,,"Sep 23 20:05:53 automation dbus-daemon[1060]: [system] Activating via systemd: service name='org.freedesktop.hostname1' unit='dbus-org.freedesktop.hostname1.service' requested by ':1.2' (uid=100 pid=940 comm=""/lib/systemd/systemd-networkd "" label=""unconfined"")","2026-09-23T20:05:53.000+0000",,,,,,"/lib/systemd/systemd-networkd",,,20,23,5,september,53,wednesday,2026,local,,,,,,automation,,,,,"weather_index_report",,unconfined,,,,,1,,,,,"'org.freedesktop.hostname1'",940,,"__::__-[]:_[]___:__='..'_='-...'___':.'_(=_=_=""///",,,,"weather-data (1)","weather_data",automation,,,,,16,,0,,100,"'dbus-org.freedesktop.hostname1.service'",,,
,,,,"Sep 23 20:05:53 automation systemd-networkd[940]: enp0s3: DHCP lease lost","2026-09-23T20:05:53.000+0000",,,,,,,,,20,23,5,september,53,wednesday,2026,local,,,,,,automation,,,,,"weather_index_report",,,,,,,1,,,,,,,,"__::__-[]:_:___",,,,"weather-data (1)","weather_data",automation,,,,,16,,0,,,,,,
,,,,"Sep 23 20:05:01 automation CRON[18222]: (root) CMD (command -v debian-sa1 > /dev/null && debian-sa1 1 1)","2026-09-23T20:05:01.000+0000",,,,,,,,,20,23,5,september,1,wednesday,2026,local,,,,,,automation,,,,,"weather_index_report",,,,,,,1,,,,,,,,"__::__[]:_()__(_-_-_>_//_&&_-__)",,,,"weather-data (1)","weather_data",automation,,,,,16,,0,,,,,,
,,,,"Sep 23 20:05:01 automation CRON[18222]: (root) CMD (command -v debian-sa1 > /dev/null && debian-sa1 1 1)","2026-09-23T20:05:01.000+0000",,,,,,,,,20,23,5,september,1,wednesday,2026,local,,,,,,automation,,,,,"weather_index_report",,,,,,,1,,,,,,,,"__::__[]:_()__(_-_-_>_//_&&_-__)",,,,"weather-data (1)","weather_data",automation,,,,,16,,0,,,,,,
,,,,"Sep 23 19:55:01 automation CRON[18215]: (root) CMD (command -v debian-sa1 > /dev/null && debian-sa1 1 1)","2026-09-23T19:55:01.000+0000",,,,,,,,,19,23,55,september,1,wednesday,2026,local,,,,,,automation,,,,,"weather_index_report",,,,,,,1,,,,,,,,"__::__[]:_()__(_-_-_>_//_&&_-__)",,,,"weather-data (1)","weather_data",automation,,,,,16,,0,,,,,,
,,,,"Sep 23 19:55:01 automation CRON[18215]: (root) CMD (command -v debian-sa1 > /dev/null && debian-sa1 1 1)","2026-09-23T19:55:01.000+0000",,,,,,,,,19,23,55,september,1,wednesday,2026,local,,,,,,automation,,,,,"weather_index_report",,,,,,,1,,,,,,,,"__::__[]:_()__(_-_-_>_//_&&_-__)",,,,"weather-data (1)","weather_data",automation,,,,,16,,0,,,,,,
,,,,"Sep 23 19:45:01 automation CRON[18210]: (root) CMD (command -v debian-sa1 > /dev/null && debian-sa1 1 1)","2026-09-23T19:45:01.000+0000",,,,,,,,,19,23,45,september,1,wednesday,2026,local,,,,,,automation,,,,,"weather_index_report",,,,,,,1,,,,,,,,"__::__[]:_()__(_-_-_>_//_&&_-__)",,,,"weather-data (1)","weather_data",automation,,,,,16,,0,,,,,,
,,,,"Sep 23 19:45:01 automation CRON[18210]: (root) CMD (command -v debian-sa1 > /dev/null && debian-sa1 1 1)","2026-09-23T19:45:01.000+0000",,,,,,,,,19,23,45,september,1,wednesday,2026,local,,,,,,automation,,,,,"weather_index_report",,,,,,,1,,,,,,,,"__::__[]:_()__(_-_-_>_//_&&_-__)",,,,"weather-data (1)","weather_data",automation,,,,,16,,0,,,,,,
,,,,"Sep 23 19:40:02 automation systemd-timesyncd[740]: Synchronized to time server [2620:2d:4000:1::41]:123 (ntp.ubuntu.com).","2026-09-23T19:40:02.000+0000",,,,,,,,,19,23,40,september,2,wednesday,2026,local,,,,,,automation,,,,,"weather_index_report",,,,,,,1,,,,,,,,"__::__-[]:_____[:::::]:_(..).",,,,"weather-data (1)","weather_data",automation,,,,,16,,0,,,,,,
,,,,"Sep 23 19:40:02 automation systemd-timesyncd[740]: Synchronized to time server [2620:2d:4000:1::41]:123 (ntp.ubuntu.com).","2026-09-23T19:40:02.000+0000",,,,,,,,,19,23,40,september,2,wednesday,2026,local,,,,,,automation,,,,,"weather_index_report",,,,,,,1,,,,,,,,"__::__-[]:_____[:::::]:_(..).",,,,"weather-data (1)","weather_data",automation,,,,,16,,0,,,,,,
,,,,"Sep 23 17:01:07 automation grafana-agent[1126]: ts=2024-09-23T17:01:07.761408643Z caller=cleaner.go:203 level=warn agent=prometheus component=cleaner msg=""unable to find segment mtime of WAL"" name=/var/lib/grafana-agent/.cache err=""unable to open WAL: open /var/lib/grafana-agent/.cache/wal: no such file or directory""","2026-09-23T17:01:07.000+0000",prometheus,,,,"cleaner.go:203",,cleaner,,17,23,1,september,7,wednesday,2026,local,,"unable to open WAL: open /var/lib/grafana-agent/.cache/wal: no such file or directory",,,,automation,,,,,"weather_index_report",,,,,,warn,1,,,,"unable to find segment mtime of WAL","/var/lib/grafana-agent/.cache",,,"__::__-[]:_=--::._=.:_=_=_=_=""______""_=///-/._=""__",,,,"weather-data (1)","weather_data",automation,,,,,16,,0,"2024-09-23T17:01:07.761408643Z",,,,,
,,,,"Sep 23 17:01:07 automation grafana-agent[1126]: ts=2024-09-23T17:01:07.761408643Z caller=cleaner.go:203 level=warn agent=prometheus component=cleaner msg=""unable to find segment mtime of WAL"" name=/var/lib/grafana-agent/.cache err=""unable to open WAL: open /var/lib/grafana-agent/.cache/wal: no such file or directory""","2026-09-23T17:01:07.000+0000",prometheus,,,,"cleaner.go:203",,cleaner,,17,23,1,september,7,wednesday,2026,local,,"unable to open WAL: open /var/lib/grafana-agent/.cache/wal: no such file or directory",,,,automation,,,,,"weather_index_report",,,,,,warn,1,,,,"unable to find segment mtime of WAL","/var/lib/grafana-agent/.cache",,,"__::__-[]:_=--::._=.:_=_=_=_=""______""_=///-/._=""__",,,,"weather-data (1)","weather_data",automation,,,,,16,,0,"2024-09-23T17:01:07.761408643Z",,,,,
,,,,"Sep 23 16:55:01 automation CRON[18203]: (root) CMD (command -v debian-sa1 > /dev/null && debian-sa1 1 1)","2026-09-23T16:55:01.000+0000",,,,,,,,,16,23,55,september,1,wednesday,2026,local,,,,,,automation,,,,,"weather_index_report",,,,,,,1,,,,,,,,"__::__[]:_()__(_-_-_>_//_&&_-__)",,,,"weather-data (1)","weather_data",automation,,,,,16,,0,,,,,,
,,,,"Sep 23 16:55:01 automation CRON[18203]: (root) CMD (command -v debian-sa1 > /dev/null && debian-sa1 1 1)","2026-09-23T16:55:01.000+0000",,,,,,,,,16,23,55,september,1,wednesday,2026,local,,,,,,automation,,,,,"weather_index_report",,,,,,,1,,,,,,,,"__::__[]:_()__(_-_-_>_//_&&_-__)",,,,"weather-data (1)","weather_data",automation,,,,,16,,0,,,,,,
,,,,"Sep 23 16:45:01 automation CRON[18197]: (root) CMD (command -v debian-sa1 > /dev/null && debian-sa1 1 1)","2026-09-23T16:45:01.000+0000",,,,,,,,,16,23,45,september,1,wednesday,2026,local,,,,,,automation,,,,,"weather_index_report",,,,,,,1,,,,,,,,"__::__[]:_()__(_-_-_>_//_&&_-__)",,,,"weather-data (1)","weather_data",automation,,,,,16,,0,,,,,,
,,,,"Sep 23 16:45:01 automation CRON[18197]: (root) CMD (command -v debian-sa1 > /dev/null && debian-sa1 1 1)","2026-09-23T16:45:01.000+0000",,,,,,,,,16,23,45,september,1,wednesday,2026,local,,,,,,automation,,,,,"weather_index_report",,,,,,,1,,,,,,,,"__::__[]:_()__(_-_-_>_//_&&_-__)",,,,"weather-data (1)","weather_data",automation,,,,,16,,0,,,,,,
,,,,"Sep 23 16:35:01 automation CRON[18190]: (root) CMD (command -v debian-sa1 > /dev/null && debian-sa1 1 1)","2026-09-23T16:35:01.000+0000",,,,,,,,,16,23,35,september,1,wednesday,2026,local,,,,,,automation,,,,,"weather_index_report",,,,,,,1,,,,,,,,"__::__[]:_()__(_-_-_>_//_&&_-__)",,,,"weather-data (1)","weather_data",automation,,,,,16,,0,,,,,,
,,,,"Sep 23 16:35:01 automation CRON[18190]: (root) CMD (command -v debian-sa1 > /dev/null && debian-sa1 1 1)","2026-09-23T16:35:01.000+0000",,,,,,,,,16,23,35,september,1,wednesday,2026,local,,,,,,automation,,,,,"weather_index_report",,,,,,,1,,,,,,,,"__::__[]:_()__(_-_-_>_//_&&_-__)",,,,"weather-data (1)","weather_data",automation,,,,,16,,0,,,,,,
,,,,"Sep 23 16:31:07 automation grafana-agent[1126]: ts=2024-09-23T16:31:07.761170095Z caller=cleaner.go:203 level=warn agent=prometheus component=cleaner msg=""unable to find segment mtime of WAL"" name=/var/lib/grafana-agent/.cache err=""unable to open WAL: open /var/lib/grafana-agent/.cache/wal: no such file or directory""","2026-09-23T16:31:07.000+0000",prometheus,,,,"cleaner.go:203",,cleaner,,16,23,31,september,7,wednesday,2026,local,,"unable to open WAL: open /var/lib/grafana-agent/.cache/wal: no such file or directory",,,,automation,,,,,"weather_index_report",,,,,,warn,1,,,,"unable to find segment mtime of WAL","/var/lib/grafana-agent/.cache",,,"__::__-[]:_=--::._=.:_=_=_=_=""______""_=///-/._=""__",,,,"weather-data (1)","weather_data",automation,,,,,16,,0,"2024-09-23T16:31:07.761170095Z",,,,,
,,,,"Sep 23 16:31:07 automation grafana-agent[1126]: ts=2024-09-23T16:31:07.761170095Z caller=cleaner.go:203 level=warn agent=prometheus component=cleaner msg=""unable to find segment mtime of WAL"" name=/var/lib/grafana-agent/.cache err=""unable to open WAL: open /var/lib/grafana-agent/.cache/wal: no such file or directory""","2026-09-23T16:31:07.000+0000",prometheus,,,,"cleaner.go:203",,cleaner,,16,23,31,september,7,wednesday,2026,local,,"unable to open WAL: open /var/lib/grafana-agent/.cache/wal: no such file or directory",,,,automation,,,,,"weather_index_report",,,,,,warn,1,,,,"unable to find segment mtime of WAL","/var/lib/grafana-agent/.cache",,,"__::__-[]:_=--::._=.:_=_=_=_=""______""_=///-/._=""__",,,,"weather-data (1)","weather_data",automation,,,,,16,,0,"2024-09-23T16:31:07.761170095Z",,,,,
,,,,"Sep 23 16:29:25 automation systemd-networkd[940]: enp0s3: Configured","2026-09-23T16:29:25.000+0000",,,,,,,,,16,23,29,september,25,wednesday,2026,local,,,,,,automation,,,,,"weather_index_report",,,,,,,1,,,,,,,,"__::__-[]:_:_",,,,"weather-data (1)","weather_data",automation,,,,,16,,0,,,,,,
,,,,"Sep 23 16:29:25 automation systemd-networkd[940]: enp0s3: Configured","2026-09-23T16:29:25.000+0000",,,,,,,,,16,23,29,september,25,wednesday,2026,local,,,,,,automation,,,,,"weather_index_report",,,,,,,1,,,,,,,,"__::__-[]:_:_",,,,"weather-data (1)","weather_data",automation,,,,,16,,0,,,,,,
,,,,"Sep 23 16:29:23 automation systemd-networkd[940]: enp0s3: DHCPv4 address 192.168.0.18/24 via 192.168.0.1","2026-09-23T16:29:23.000+0000",,,,,,,,,16,23,29,september,23,wednesday,2026,local,,,,,,automation,,,,,"weather_index_report",,,,,,,1,,,,,,,,"__::__-[]:_:___.../__...",,,,"weather-data (1)","weather_data",automation,,,,,16,,0,,,,,,
,,,,"Sep 23 16:29:23 automation systemd-timesyncd[740]: Network configuration changed, trying to establish connection.","2026-09-23T16:29:23.000+0000",,,,,,,,,16,23,29,september,23,wednesday,2026,local,,,,,,automation,,,,,"weather_index_report",,,,,,,1,,,,,,,,"__::__-[]:___,____.",,,,"weather-data (1)","weather_data",automation,,,,,16,,0,,,,,,
,,,,"Sep 23 16:29:23 automation systemd-networkd[940]: enp0s3: Gained carrier","2026-09-23T16:29:23.000+0000",,,,,,,,,16,23,29,september,23,wednesday,2026,local,,,,,,automation,,,,,"weather_index_report",,,,,,,1,,,,,,,,"__::__-[]:_:__",,,,"weather-data (1)","weather_data",automation,,,,,16,,0,,,,,,
,,,,"Sep 23 16:29:23 automation kernel: [61168.163357] e1000: enp0s3 NIC Link is Up 1000 Mbps Full Duplex, Flow Control: RX","2026-09-23T16:29:23.000+0000",,,,,,,,,16,23,29,september,23,wednesday,2026,local,,,,,,automation,,,,,"weather_index_report",,,,,,,1,,,,,,,,"__::__:_[.]_:_________,__:_",,,,"weather-data (1)","weather_data",automation,,,,,16,,0,,,,,,
,,,,"Sep 23 16:29:23 automation systemd-networkd[940]: enp0s3: DHCPv4 address 192.168.0.18/24 via 192.168.0.1","2026-09-23T16:29:23.000+0000",,,,,,,,,16,23,29,september,23,wednesday,2026,local,,,,,,automation,,,,,"weather_index_report",,,,,,,1,,,,,,,,"__::__-[]:_:___.../__...",,,,"weather-data (1)","weather_data",automation,,,,,16,,0,,,,,,
,,,,"Sep 23 16:29:23 automation systemd-timesyncd[740]: Network configuration changed, trying to establish connection.","2026-09-23T16:29:23.000+0000",,,,,,,,,16,23,29,september,23,wednesday,2026,local,,,,,,automation,,,,,"weather_index_report",,,,,,,1,,,,,,,,"__::__-[]:___,____.",,,,"weather-data (1)","weather_data",automation,,,,,16,,0,,,,,,
,,,,"Sep 23 16:29:23 automation systemd-networkd[940]: enp0s3: Gained carrier","2026-09-23T16:29:23.000+0000",,,,,,,,,16,23,29,september,23,wednesday,2026,local,,,,,,automation,,,,,"weather_index_report",,,,,,,1,,,,,,,,"__::__-[]:_:__",,,,"weather-data (1)","weather_data",automation,,,,,16,,0,,,,,,
,,,,"Sep 23 16:29:23 automation kernel: [61168.163357] e1000: enp0s3 NIC Link is Up 1000 Mbps Full Duplex, Flow Control: RX","2026-09-23T16:29:23.000+0000",,,,,,,,,16,23,29,september,23,wednesday,2026,local,,,,,,automation,,,,,"weather_index_report",,,,,,,1,,,,,,,,"__::__:_[.]_:_________,__:_",,,,"weather-data (1)","weather_data",automation,,,,,16,,0,,,,,,
,,,,"Sep 23 16:29:17 automation systemd[1]: Started Hostname Service.","2026-09-23T16:29:17.000+0000",,,,,,,,,16,23,29,september,17,wednesday,2026,local,,,,,,automation,,,,,"weather_index_report",,,,,,,1,,,,,,,,"__::__[]:___.",,,,"weather-data (1)","weather_data",automation,,,,,16,,0,,,,,,
,,,,"Sep 23 16:29:17 automation dbus-daemon[1060]: [system] Successfully activated service 'org.freedesktop.hostname1'","2026-09-23T16:29:17.000+0000",,,,,,,,,16,23,29,september,17,wednesday,2026,local,,,,,,automation,,,,,"weather_index_report",,,,,,,1,,,,,,,,"__::__-[]:_[]____'..'",,,,"weather-data (1)","weather_data",automation,,,,,16,,0,,,,,,
,,,,"Sep 23 16:29:17 automation systemd[1]: Starting Hostname Service...","2026-09-23T16:29:17.000+0000",,,,,,,,,16,23,29,september,17,wednesday,2026,local,,,,,,automation,,,,,"weather_index_report",,,,,,,1,,,,,,,,"__::__[]:___...",,,,"weather-data (1)","weather_data",automation,,,,,16,,0,,,,,,
,,,,"Sep 23 16:29:17 automation dbus-daemon[1060]: [system] Activating via systemd: service name='org.freedesktop.hostname1' unit='dbus-org.freedesktop.hostname1.service' requested by ':1.2' (uid=100 pid=940 comm=""/lib/systemd/systemd-networkd "" label=""unconfined"")","2026-09-23T16:29:17.000+0000",,,,,,"/lib/systemd/systemd-networkd",,,16,23,29,september,17,wednesday,2026,local,,,,,,automation,,,,,"weather_index_report",,unconfined,,,,,1,,,,,"'org.freedesktop.hostname1'",940,,"__::__-[]:_[]___:__='..'_='-...'___':.'_(=_=_=""///",,,,"weather-data (1)","weather_data",automation,,,,,16,,0,,100,"'dbus-org.freedesktop.hostname1.service'",,,
,,,,"Sep 23 16:29:17 automation systemd-networkd[940]: enp0s3: DHCPv6 lease lost","2026-09-23T16:29:17.000+0000",,,,,,,,,16,23,29,september,17,wednesday,2026,local,,,,,,automation,,,,,"weather_index_report",,,,,,,1,,,,,,,,"__::__-[]:_:___",,,,"weather-data (1)","weather_data",automation,,,,,16,,0,,,,,,
,,,,"Sep 23 16:29:17 automation systemd-networkd[940]: enp0s3: DHCP lease lost","2026-09-23T16:29:17.000+0000",,,,,,,,,16,23,29,september,17,wednesday,2026,local,,,,,,automation,,,,,"weather_index_report",,,,,,,1,,,,,,,,"__::__-[]:_:___",,,,"weather-data (1)","weather_data",automation,,,,,16,,0,,,,,,
,,,,"Sep 23 16:29:17 automation systemd-networkd[940]: enp0s3: Lost carrier","2026-09-23T16:29:17.000+0000",,,,,,,,,16,23,29,september,17,wednesday,2026,local,,,,,,automation,,,,,"weather_index_report",,,,,,,1,,,,,,,,"__::__-[]:_:__",,,,"weather-data (1)","weather_data",automation,,,,,16,,0,,,,,,
,,,,"Sep 23 16:29:17 automation kernel: [61162.043278] e1000: enp0s3 NIC Link is Down","2026-09-23T16:29:17.000+0000",,,,,,,,,16,23,29,september,17,wednesday,2026,local,,,,,,automation,,,,,"weather_index_report",,,,,,,1,,,,,,,,"__::__:_[.]_:_____",,,,"weather-data (1)","weather_data",automation,,,,,16,,0,,,,,,
,,,,"Sep 23 16:29:17 automation systemd[1]: Started Hostname Service.","2026-09-23T16:29:17.000+0000",,,,,,,,,16,23,29,september,17,wednesday,2026,local,,,,,,automation,,,,,"weather_index_report",,,,,,,1,,,,,,,,"__::__[]:___.",,,,"weather-data (1)","weather_data",automation,,,,,16,,0,,,,,,
,,,,"Sep 23 16:29:17 automation dbus-daemon[1060]: [system] Successfully activated service 'org.freedesktop.hostname1'","2026-09-23T16:29:17.000+0000",,,,,,,,,16,23,29,september,17,wednesday,2026,local,,,,,,automation,,,,,"weather_index_report",,,,,,,1,,,,,,,,"__::__-[]:_[]____'..'",,,,"weather-data (1)","weather_data",automation,,,,,16,,0,,,,,,
,,,,"Sep 23 16:29:17 automation systemd[1]: Starting Hostname Service...","2026-09-23T16:29:17.000+0000",,,,,,,,,16,23,29,september,17,wednesday,2026,local,,,,,,automation,,,,,"weather_index_report",,,,,,,1,,,,,,,,"__::__[]:___...",,,,"weather-data (1)","weather_data",automation,,,,,16,,0,,,,,,
,,,,"Sep 23 16:29:17 automation dbus-daemon[1060]: [system] Activating via systemd: service name='org.freedesktop.hostname1' unit='dbus-org.freedesktop.hostname1.service' requested by ':1.2' (uid=100 pid=940 comm=""/lib/systemd/systemd-networkd "" label=""unconfined"")","2026-09-23T16:29:17.000+0000",,,,,,"/lib/systemd/systemd-networkd",,,16,23,29,september,17,wednesday,2026,local,,,,,,automation,,,,,"weather_index_report",,unconfined,,,,,1,,,,,"'org.freedesktop.hostname1'",940,,"__::__-[]:_[]___:__='..'_='-...'___':.'_(=_=_=""///",,,,"weather-data (1)","weather_data",automation,,,,,16,,0,,100,"'dbus-org.freedesktop.hostname1.service'",,,
,,,,"Sep 23 16:29:17 automation systemd-networkd[940]: enp0s3: DHCPv6 lease lost","2026-09-23T16:29:17.000+0000",,,,,,,,,16,23,29,september,17,wednesday,2026,local,,,,,,automation,,,,,"weather_index_report",,,,,,,1,,,,,,,,"__::__-[]:_:___",,,,"weather-data (1)","weather_data",automation,,,,,16,,0,,,,,,
,,,,"Sep 23 16:29:17 automation systemd-networkd[940]: enp0s3: DHCP lease lost","2026-09-23T16:29:17.000+0000",,,,,,,,,16,23,29,september,17,wednesday,2026,local,,,,,,automation,,,,,"weather_index_report",,,,,,,1,,,,,,,,"__::__-[]:_:___",,,,"weather-data (1)","weather_data",automation,,,,,16,,0,,,,,,
,,,,"Sep 23 16:29:17 automation systemd-networkd[940]: enp0s3: Lost carrier","2026-09-23T16:29:17.000+0000",,,,,,,,,16,23,29,september,17,wednesday,2026,local,,,,,,automation,,,,,"weather_index_report",,,,,,,1,,,,,,,,"__::__-[]:_:__",,,,"weather-data (1)","weather_data",automation,,,,,16,,0,,,,,,
,,,,"Sep 23 16:29:17 automation kernel: [61162.043278] e1000: enp0s3 NIC Link is Down","2026-09-23T16:29:17.000+0000",,,,,,,,,16,23,29,september,17,wednesday,2026,local,,,,,,automation,,,,,"weather_index_report",,,,,,,1,,,,,,,,"__::__:_[.]_:_____",,,,"weather-data (1)","weather_data",automation,,,,,16,,0,,,,,,
,,,,"Sep 23 16:25:01 automation CRON[18149]: (root) CMD (command -v debian-sa1 > /dev/null && debian-sa1 1 1)","2026-09-23T16:25:01.000+0000",,,,,,,,,16,23,25,september,1,wednesday,2026,local,,,,,,automation,,,,,"weather_index_report",,,,,,,1,,,,,,,,"__::__[]:_()__(_-_-_>_//_&&_-__)",,,,"weather-data (1)","weather_data",automation,,,,,16,,0,,,,,,
,,,,"Sep 23 16:25:01 automation CRON[18149]: (root) CMD (command -v debian-sa1 > /dev/null && debian-sa1 1 1)","2026-09-23T16:25:01.000+0000",,,,,,,,,16,23,25,september,1,wednesday,2026,local,,,,,,automation,,,,,"weather_index_report",,,,,,,1,,,,,,,,"__::__[]:_()__(_-_-_>_//_&&_-__)",,,,"weather-data (1)","weather_data",automation,,,,,16,,0,,,,,,
,,,,"Sep 23 16:17:01 automation CRON[18144]: (root) CMD (   cd / && run-parts --report /etc/cron.hourly)","2026-09-23T16:17:01.000+0000",,,,,,,,,16,23,17,september,1,wednesday,2026,local,,,,,,automation,,,,,"weather_index_report",,,,,,,1,,,,,,,,"__::__[]:_()__(____/_&&_-_--_//.)",,,,"weather-data (1)","weather_data",automation,,,,,16,,0,,,,,,
,,,,"Sep 23 16:17:01 automation CRON[18144]: (root) CMD (   cd / && run-parts --report /etc/cron.hourly)","2026-09-23T16:17:01.000+0000",,,,,,,,,16,23,17,september,1,wednesday,2026,local,,,,,,automation,,,,,"weather_index_report",,,,,,,1,,,,,,,,"__::__[]:_()__(____/_&&_-_--_//.)",,,,"weather-data (1)","weather_data",automation,,,,,16,,0,,,,,,
,,,,"Sep 23 16:15:01 automation CRON[18140]: (root) CMD (command -v debian-sa1 > /dev/null && debian-sa1 1 1)","2026-09-23T16:15:01.000+0000",,,,,,,,,16,23,15,september,1,wednesday,2026,local,,,,,,automation,,,,,"weather_index_report",,,,,,,1,,,,,,,,"__::__[]:_()__(_-_-_>_//_&&_-__)",,,,"weather-data (1)","weather_data",automation,,,,,16,,0,,,,,,
,,,,"Sep 23 16:15:01 automation CRON[18140]: (root) CMD (command -v debian-sa1 > /dev/null && debian-sa1 1 1)","2026-09-23T16:15:01.000+0000",,,,,,,,,16,23,15,september,1,wednesday,2026,local,,,,,,automation,,,,,"weather_index_report",,,,,,,1,,,,,,,,"__::__[]:_()__(_-_-_>_//_&&_-__)",,,,"weather-data (1)","weather_data",automation,,,,,16,,0,,,,,,
,,,,"Sep 23 16:05:01 automation CRON[18135]: (root) CMD (command -v debian-sa1 > /dev/null && debian-sa1 1 1)","2026-09-23T16:05:01.000+0000",,,,,,,,,16,23,5,september,1,wednesday,2026,local,,,,,,automation,,,,,"weather_index_report",,,,,,,1,,,,,,,,"__::__[]:_()__(_-_-_>_//_&&_-__)",,,,"weather-data (1)","weather_data",automation,,,,,16,,0,,,,,,
,,,,"Sep 23 16:05:01 automation CRON[18135]: (root) CMD (command -v debian-sa1 > /dev/null && debian-sa1 1 1)","2026-09-23T16:05:01.000+0000",,,,,,,,,16,23,5,september,1,wednesday,2026,local,,,,,,automation,,,,,"weather_index_report",,,,,,,1,,,,,,,,"__::__[]:_()__(_-_-_>_//_&&_-__)",,,,"weather-data (1)","weather_data",automation,,,,,16,,0,,,,,,
,,,,"Sep 23 16:01:07 automation grafana-agent[1126]: ts=2024-09-23T16:01:07.762064212Z caller=cleaner.go:203 level=warn agent=prometheus component=cleaner msg=""unable to find segment mtime of WAL"" name=/var/lib/grafana-agent/.cache err=""unable to open WAL: open /var/lib/grafana-agent/.cache/wal: no such file or directory""","2026-09-23T16:01:07.000+0000",prometheus,,,,"cleaner.go:203",,cleaner,,16,23,1,september,7,wednesday,2026,local,,"unable to open WAL: open /var/lib/grafana-agent/.cache/wal: no such file or directory",,,,automation,,,,,"weather_index_report",,,,,,warn,1,,,,"unable to find segment mtime of WAL","/var/lib/grafana-agent/.cache",,,"__::__-[]:_=--::._=.:_=_=_=_=""______""_=///-/._=""__",,,,"weather-data (1)","weather_data",automation,,,,,16,,0,"2024-09-23T16:01:07.762064212Z",,,,,
,,,,"Sep 23 16:01:07 automation grafana-agent[1126]: ts=2024-09-23T16:01:07.762064212Z caller=cleaner.go:203 level=warn agent=prometheus component=cleaner msg=""unable to find segment mtime of WAL"" name=/var/lib/grafana-agent/.cache err=""unable to open WAL: open /var/lib/grafana-agent/.cache/wal: no such file or directory""","2026-09-23T16:01:07.000+0000",prometheus,,,,"cleaner.go:203",,cleaner,,16,23,1,september,7,wednesday,2026,local,,"unable to open WAL: open /var/lib/grafana-agent/.cache/wal: no such file or directory",,,,automation,,,,,"weather_index_report",,,,,,warn,1,,,,"unable to find segment mtime of WAL","/var/lib/grafana-agent/.cache",,,"__::__-[]:_=--::._=.:_=_=_=_=""______""_=///-/._=""__",,,,"weather-data (1)","weather_data",automation,,,,,16,,0,"2024-09-23T16:01:07.762064212Z",,,,,
,,,,"Sep 23 15:55:01 automation CRON[18130]: (root) CMD (command -v debian-sa1 > /dev/null && debian-sa1 1 1)","2026-09-23T15:55:01.000+0000",,,,,,,,,15,23,55,september,1,wednesday,2026,local,,,,,,automation,,,,,"weather_index_report",,,,,,,1,,,,,,,,"__::__[]:_()__(_-_-_>_//_&&_-__)",,,,"weather-data (1)","weather_data",automation,,,,,16,,0,,,,,,
,,,,"Sep 23 15:55:01 automation CRON[18130]: (root) CMD (command -v debian-sa1 > /dev/null && debian-sa1 1 1)","2026-09-23T15:55:01.000+0000",,,,,,,,,15,23,55,september,1,wednesday,2026,local,,,,,,automation,,,,,"weather_index_report",,,,,,,1,,,,,,,,"__::__[]:_()__(_-_-_>_//_&&_-__)",,,,"weather-data (1)","weather_data",automation,,,,,16,,0,,,,,,
,,,,"Sep 23 15:45:01 automation CRON[18125]: (root) CMD (command -v debian-sa1 > /dev/null && debian-sa1 1 1)","2026-09-23T15:45:01.000+0000",,,,,,,,,15,23,45,september,1,wednesday,2026,local,,,,,,automation,,,,,"weather_index_report",,,,,,,1,,,,,,,,"__::__[]:_()__(_-_-_>_//_&&_-__)",,,,"weather-data (1)","weather_data",automation,,,,,16,,0,,,,,,
,,,,"Sep 23 15:45:01 automation CRON[18125]: (root) CMD (command -v debian-sa1 > /dev/null && debian-sa1 1 1)","2026-09-23T15:45:01.000+0000",,,,,,,,,15,23,45,september,1,wednesday,2026,local,,,,,,automation,,,,,"weather_index_report",,,,,,,1,,,,,,,,"__::__[]:_()__(_-_-_>_//_&&_-__)",,,,"weather-data (1)","weather_data",automation,,,,,16,,0,,,,,,
,,,,"Sep 23 15:42:33 automation systemd[1]: Started Hostname Service.","2026-09-23T15:42:33.000+0000",,,,,,,,,15,23,42,september,33,wednesday,2026,local,,,,,,automation,,,,,"weather_index_report",,,,,,,1,,,,,,,,"__::__[]:___.",,,,"weather-data (1)","weather_data",automation,,,,,16,,0,,,,,,
,,,,"Sep 23 15:42:33 automation dbus-daemon[1060]: [system] Successfully activated service 'org.freedesktop.hostname1'","2026-09-23T15:42:33.000+0000",,,,,,,,,15,23,42,september,33,wednesday,2026,local,,,,,,automation,,,,,"weather_index_report",,,,,,,1,,,,,,,,"__::__-[]:_[]____'..'",,,,"weather-data (1)","weather_data",automation,,,,,16,,0,,,,,,
,,,,"Sep 23 15:42:33 automation systemd-timesyncd[740]: Synchronized to time server [2620:2d:4000:1::3f]:123 (ntp.ubuntu.com).","2026-09-23T15:42:33.000+0000",,,,,,,,,15,23,42,september,33,wednesday,2026,local,,,,,,automation,,,,,"weather_index_report",,,,,,,1,,,,,,,,"__::__-[]:_____[:::::]:_(..).",,,,"weather-data (1)","weather_data",automation,,,,,16,,0,,,,,,
,,,,"Sep 23 15:42:33 automation systemd-networkd[940]: enp0s3: Configured","2026-09-23T15:42:33.000+0000",,,,,,,,,15,23,42,september,33,wednesday,2026,local,,,,,,automation,,,,,"weather_index_report",,,,,,,1,,,,,,,,"__::__-[]:_:_",,,,"weather-data (1)","weather_data",automation,,,,,16,,0,,,,,,
,,,,"Sep 23 15:42:33 automation systemd-networkd[940]: enp0s3: DHCPv4 address 192.168.0.18/24 via 192.168.0.1","2026-09-23T15:42:33.000+0000",,,,,,,,,15,23,42,september,33,wednesday,2026,local,,,,,,automation,,,,,"weather_index_report",,,,,,,1,,,,,,,,"__::__-[]:_:___.../__...",,,,"weather-data (1)","weather_data",automation,,,,,16,,0,,,,,,
,,,,"Sep 23 15:42:33 automation systemd[1]: Starting Hostname Service...","2026-09-23T15:42:33.000+0000",,,,,,,,,15,23,42,september,33,wednesday,2026,local,,,,,,automation,,,,,"weather_index_report",,,,,,,1,,,,,,,,"__::__[]:___...",,,,"weather-data (1)","weather_data",automation,,,,,16,,0,,,,,,
,,,,"Sep 23 15:42:33 automation dbus-daemon[1060]: [system] Activating via systemd: service name='org.freedesktop.hostname1' unit='dbus-org.freedesktop.hostname1.service' requested by ':1.2' (uid=100 pid=940 comm=""/lib/systemd/systemd-networkd "" label=""unconfined"")","2026-09-23T15:42:33.000+0000",,,,,,"/lib/systemd/systemd-networkd",,,15,23,42,september,33,wednesday,2026,local,,,,,,automation,,,,,"weather_index_report",,unconfined,,,,,1,,,,,"'org.freedesktop.hostname1'",940,,"__::__-[]:_[]___:__='..'_='-...'___':.'_(=_=_=""///",,,,"weather-data (1)","weather_data",automation,,,,,16,,0,,100,"'dbus-org.freedesktop.hostname1.service'",,,
,,,,"Sep 23 15:42:33 automation systemd-timesyncd[740]: Network configuration changed, trying to establish connection.","2026-09-23T15:42:33.000+0000",,,,,,,,,15,23,42,september,33,wednesday,2026,local,,,,,,automation,,,,,"weather_index_report",,,,,,,1,,,,,,,,"__::__-[]:___,____.",,,,"weather-data (1)","weather_data",automation,,,,,16,,0,,,,,,
,,,,"Sep 23 15:42:33 automation systemd-networkd[940]: enp0s3: DHCP lease lost","2026-09-23T15:42:33.000+0000",,,,,,,,,15,23,42,september,33,wednesday,2026,local,,,,,,automation,,,,,"weather_index_report",,,,,,,1,,,,,,,,"__::__-[]:_:___",,,,"weather-data (1)","weather_data",automation,,,,,16,,0,,,,,,
,,,,"Sep 23 15:42:33 automation systemd[1]: Started Hostname Service.","2026-09-23T15:42:33.000+0000",,,,,,,,,15,23,42,september,33,wednesday,2026,local,,,,,,automation,,,,,"weather_index_report",,,,,,,1,,,,,,,,"__::__[]:___.",,,,"weather-data (1)","weather_data",automation,,,,,16,,0,,,,,,
,,,,"Sep 23 15:42:33 automation dbus-daemon[1060]: [system] Successfully activated service 'org.freedesktop.hostname1'","2026-09-23T15:42:33.000+0000",,,,,,,,,15,23,42,september,33,wednesday,2026,local,,,,,,automation,,,,,"weather_index_report",,,,,,,1,,,,,,,,"__::__-[]:_[]____'..'",,,,"weather-data (1)","weather_data",automation,,,,,16,,0,,,,,,
,,,,"Sep 23 15:42:33 automation systemd-timesyncd[740]: Synchronized to time server [2620:2d:4000:1::3f]:123 (ntp.ubuntu.com).","2026-09-23T15:42:33.000+0000",,,,,,,,,15,23,42,september,33,wednesday,2026,local,,,,,,automation,,,,,"weather_index_report",,,,,,,1,,,,,,,,"__::__-[]:_____[:::::]:_(..).",,,,"weather-data (1)","weather_data",automation,,,,,16,,0,,,,,,
,,,,"Sep 23 15:42:33 automation systemd-networkd[940]: enp0s3: Configured","2026-09-23T15:42:33.000+0000",,,,,,,,,15,23,42,september,33,wednesday,2026,local,,,,,,automation,,,,,"weather_index_report",,,,,,,1,,,,,,,,"__::__-[]:_:_",,,,"weather-data (1)","weather_data",automation,,,,,16,,0,,,,,,
,,,,"Sep 23 15:42:33 automation systemd-networkd[940]: enp0s3: DHCPv4 address 192.168.0.18/24 via 192.168.0.1","2026-09-23T15:42:33.000+0000",,,,,,,,,15,23,42,september,33,wednesday,2026,local,,,,,,automation,,,,,"weather_index_report",,,,,,,1,,,,,,,,"__::__-[]:_:___.../__...",,,,"weather-data (1)","weather_data",automation,,,,,16,,0,,,,,,
,,,,"Sep 23 15:42:33 automation systemd[1]: Starting Hostname Service...","2026-09-23T15:42:33.000+0000",,,,,,,,,15,23,42,september,33,wednesday,2026,local,,,,,,automation,,,,,"weather_index_report",,,,,,,1,,,,,,,,"__::__[]:___...",,,,"weather-data (1)","weather_data",automation,,,,,16,,0,,,,,,
,,,,"Sep 23 15:42:33 automation dbus-daemon[1060]: [system] Activating via systemd: service name='org.freedesktop.hostname1' unit='dbus-org.freedesktop.hostname1.service' requested by ':1.2' (uid=100 pid=940 comm=""/lib/systemd/systemd-networkd "" label=""unconfined"")","2026-09-23T15:42:33.000+0000",,,,,,"/lib/systemd/systemd-networkd",,,15,23,42,september,33,wednesday,2026,local,,,,,,automation,,,,,"weather_index_report",,unconfined,,,,,1,,,,,"'org.freedesktop.hostname1'",940,,"__::__-[]:_[]___:__='..'_='-...'___':.'_(=_=_=""///",,,,"weather-data (1)","weather_data",automation,,,,,16,,0,,100,"'dbus-org.freedesktop.hostname1.service'",,,
,,,,"Sep 23 15:42:33 automation systemd-timesyncd[740]: Network configuration changed, trying to establish connection.","2026-09-23T15:42:33.000+0000",,,,,,,,,15,23,42,september,33,wednesday,2026,local,,,,,,automation,,,,,"weather_index_report",,,,,,,1,,,,,,,,"__::__-[]:___,____.",,,,"weather-data (1)","weather_data",automation,,,,,16,,0,,,,,,
,,,,"Sep 23 15:42:33 automation systemd-networkd[940]: enp0s3: DHCP lease lost","2026-09-23T15:42:33.000+0000",,,,,,,,,15,23,42,september,33,wednesday,2026,local,,,,,,automation,,,,,"weather_index_report",,,,,,,1,,,,,,,,"__::__-[]:_:___",,,,"weather-data (1)","weather_data",automation,,,,,16,,0,,,,,,
,,,,"Sep 23 15:35:01 automation CRON[18085]: (root) CMD (command -v debian-sa1 > /dev/null && debian-sa1 1 1)","2026-09-23T15:35:01.000+0000",,,,,,,,,15,23,35,september,1,wednesday,2026,local,,,,,,automation,,,,,"weather_index_report",,,,,,,1,,,,,,,,"__::__[]:_()__(_-_-_>_//_&&_-__)",,,,"weather-data (1)","weather_data",automation,,,,,16,,0,,,,,,
,,,,"Sep 23 15:35:01 automation CRON[18085]: (root) CMD (command -v debian-sa1 > /dev/null && debian-sa1 1 1)","2026-09-23T15:35:01.000+0000",,,,,,,,,15,23,35,september,1,wednesday,2026,local,,,,,,automation,,,,,"weather_index_report",,,,,,,1,,,,,,,,"__::__[]:_()__(_-_-_>_//_&&_-__)",,,,"weather-data (1)","weather_data",automation,,,,,16,,0,,,,,,
,,,,"Sep 23 15:31:07 automation grafana-agent[1126]: ts=2024-09-23T15:31:07.761254929Z caller=cleaner.go:203 level=warn agent=prometheus component=cleaner msg=""unable to find segment mtime of WAL"" name=/var/lib/grafana-agent/.cache err=""unable to open WAL: open /var/lib/grafana-agent/.cache/wal: no such file or directory""","2026-09-23T15:31:07.000+0000",prometheus,,,,"cleaner.go:203",,cleaner,,15,23,31,september,7,wednesday,2026,local,,"unable to open WAL: open /var/lib/grafana-agent/.cache/wal: no such file or directory",,,,automation,,,,,"weather_index_report",,,,,,warn,1,,,,"unable to find segment mtime of WAL","/var/lib/grafana-agent/.cache",,,"__::__-[]:_=--::._=.:_=_=_=_=""______""_=///-/._=""__",,,,"weather-data (1)","weather_data",automation,,,,,16,,0,"2024-09-23T15:31:07.761254929Z",,,,,
,,,,"Sep 23 15:31:07 automation grafana-agent[1126]: ts=2024-09-23T15:31:07.761254929Z caller=cleaner.go:203 level=warn agent=prometheus component=cleaner msg=""unable to find segment mtime of WAL"" name=/var/lib/grafana-agent/.cache err=""unable to open WAL: open /var/lib/grafana-agent/.cache/wal: no such file or directory""","2026-09-23T15:31:07.000+0000",prometheus,,,,"cleaner.go:203",,cleaner,,15,23,31,september,7,wednesday,2026,local,,"unable to open WAL: open /var/lib/grafana-agent/.cache/wal: no such file or directory",,,,automation,,,,,"weather_index_report",,,,,,warn,1,,,,"unable to find segment mtime of WAL","/var/lib/grafana-agent/.cache",,,"__::__-[]:_=--::._=.:_=_=_=_=""______""_=///-/._=""__",,,,"weather-data (1)","weather_data",automation,,,,,16,,0,"2024-09-23T15:31:07.761254929Z",,,,,
,,,,"Sep 23 15:25:01 automation CRON[18074]: (root) CMD (command -v debian-sa1 > /dev/null && debian-sa1 1 1)","2026-09-23T15:25:01.000+0000",,,,,,,,,15,23,25,september,1,wednesday,2026,local,,,,,,automation,,,,,"weather_index_report",,,,,,,1,,,,,,,,"__::__[]:_()__(_-_-_>_//_&&_-__)",,,,"weather-data (1)","weather_data",automation,,,,,16,,0,,,,,,
,,,,"Sep 23 15:25:01 automation CRON[18074]: (root) CMD (command -v debian-sa1 > /dev/null && debian-sa1 1 1)","2026-09-23T15:25:01.000+0000",,,,,,,,,15,23,25,september,1,wednesday,2026,local,,,,,,automation,,,,,"weather_index_report",,,,,,,1,,,,,,,,"__::__[]:_()__(_-_-_>_//_&&_-__)",,,,"weather-data (1)","weather_data",automation,,,,,16,,0,,,,,,
,,,,"Sep 23 15:17:01 automation CRON[18070]: (root) CMD (   cd / && run-parts --report /etc/cron.hourly)","2026-09-23T15:17:01.000+0000",,,,,,,,,15,23,17,september,1,wednesday,2026,local,,,,,,automation,,,,,"weather_index_report",,,,,,,1,,,,,,,,"__::__[]:_()__(____/_&&_-_--_//.)",,,,"weather-data (1)","weather_data",automation,,,,,16,,0,,,,,,
,,,,"Sep 23 15:17:01 automation CRON[18070]: (root) CMD (   cd / && run-parts --report /etc/cron.hourly)","2026-09-23T15:17:01.000+0000",,,,,,,,,15,23,17,september,1,wednesday,2026,local,,,,,,automation,,,,,"weather_index_report",,,,,,,1,,,,,,,,"__::__[]:_()__(____/_&&_-_--_//.)",,,,"weather-data (1)","weather_data",automation,,,,,16,,0,,,,,,
,,,,"Sep 23 15:15:01 automation CRON[18067]: (root) CMD (command -v debian-sa1 > /dev/null && debian-sa1 1 1)","2026-09-23T15:15:01.000+0000",,,,,,,,,15,23,15,september,1,wednesday,2026,local,,,,,,automation,,,,,"weather_index_report",,,,,,,1,,,,,,,,"__::__[]:_()__(_-_-_>_//_&&_-__)",,,,"weather-data (1)","weather_data",automation,,,,,16,,0,,,,,,
,,,,"Sep 23 15:15:01 automation CRON[18067]: (root) CMD (command -v debian-sa1 > /dev/null && debian-sa1 1 1)","2026-09-23T15:15:01.000+0000",,,,,,,,,15,23,15,september,1,wednesday,2026,local,,,,,,automation,,,,,"weather_index_report",,,,,,,1,,,,,,,,"__::__[]:_()__(_-_-_>_//_&&_-__)",,,,"weather-data (1)","weather_data",automation,,,,,16,,0,,,,,,
,,,,"Sep 23 15:05:01 automation CRON[18063]: (root) CMD (command -v debian-sa1 > /dev/null && debian-sa1 1 1)","2026-09-23T15:05:01.000+0000",,,,,,,,,15,23,5,september,1,wednesday,2026,local,,,,,,automation,,,,,"weather_index_report",,,,,,,1,,,,,,,,"__::__[]:_()__(_-_-_>_//_&&_-__)",,,,"weather-data (1)","weather_data",automation,,,,,16,,0,,,,,,
,,,,"Sep 23 15:05:01 automation CRON[18063]: (root) CMD (command -v debian-sa1 > /dev/null && debian-sa1 1 1)","2026-09-23T15:05:01.000+0000",,,,,,,,,15,23,5,september,1,wednesday,2026,local,,,,,,automation,,,,,"weather_index_report",,,,,,,1,,,,,,,,"__::__[]:_()__(_-_-_>_//_&&_-__)",,,,"weather-data (1)","weather_data",automation,,,,,16,,0,,,,,,
,,,,"Sep 23 15:01:07 automation grafana-agent[1126]: ts=2024-09-23T15:01:07.764017641Z caller=cleaner.go:203 level=warn agent=prometheus component=cleaner msg=""unable to find segment mtime of WAL"" name=/var/lib/grafana-agent/.cache err=""unable to open WAL: open /var/lib/grafana-agent/.cache/wal: no such file or directory""","2026-09-23T15:01:07.000+0000",prometheus,,,,"cleaner.go:203",,cleaner,,15,23,1,september,7,wednesday,2026,local,,"unable to open WAL: open /var/lib/grafana-agent/.cache/wal: no such file or directory",,,,automation,,,,,"weather_index_report",,,,,,warn,1,,,,"unable to find segment mtime of WAL","/var/lib/grafana-agent/.cache",,,"__::__-[]:_=--::._=.:_=_=_=_=""______""_=///-/._=""__",,,,"weather-data (1)","weather_data",automation,,,,,16,,0,"2024-09-23T15:01:07.764017641Z",,,,,
,,,,"Sep 23 15:01:07 automation grafana-agent[1126]: ts=2024-09-23T15:01:07.764017641Z caller=cleaner.go:203 level=warn agent=prometheus component=cleaner msg=""unable to find segment mtime of WAL"" name=/var/lib/grafana-agent/.cache err=""unable to open WAL: open /var/lib/grafana-agent/.cache/wal: no such file or directory""","2026-09-23T15:01:07.000+0000",prometheus,,,,"cleaner.go:203",,cleaner,,15,23,1,september,7,wednesday,2026,local,,"unable to open WAL: open /var/lib/grafana-agent/.cache/wal: no such file or directory",,,,automation,,,,,"weather_index_report",,,,,,warn,1,,,,"unable to find segment mtime of WAL","/var/lib/grafana-agent/.cache",,,"__::__-[]:_=--::._=.:_=_=_=_=""______""_=///-/._=""__",,,,"weather-data (1)","weather_data",automation,,,,,16,,0,"2024-09-23T15:01:07.764017641Z",,,,,
,,,,"Sep 23 14:55:02 automation CRON[18059]: (root) CMD (command -v debian-sa1 > /dev/null && debian-sa1 1 1)","2026-09-23T14:55:02.000+0000",,,,,,,,,14,23,55,september,2,wednesday,2026,local,,,,,,automation,,,,,"weather_index_report",,,,,,,1,,,,,,,,"__::__[]:_()__(_-_-_>_//_&&_-__)",,,,"weather-data (1)","weather_data",automation,,,,,16,,0,,,,,,
,,,,"Sep 23 14:55:02 automation CRON[18059]: (root) CMD (command -v debian-sa1 > /dev/null && debian-sa1 1 1)","2026-09-23T14:55:02.000+0000",,,,,,,,,14,23,55,september,2,wednesday,2026,local,,,,,,automation,,,,,"weather_index_report",,,,,,,1,,,,,,,,"__::__[]:_()__(_-_-_>_//_&&_-__)",,,,"weather-data (1)","weather_data",automation,,,,,16,,0,,,,,,
,,,,"Sep 23 14:45:01 automation CRON[18054]: (root) CMD (command -v debian-sa1 > /dev/null && debian-sa1 1 1)","2026-09-23T14:45:01.000+0000",,,,,,,,,14,23,45,september,1,wednesday,2026,local,,,,,,automation,,,,,"weather_index_report",,,,,,,1,,,,,,,,"__::__[]:_()__(_-_-_>_//_&&_-__)",,,,"weather-data (1)","weather_data",automation,,,,,16,,0,,,,,,
,,,,"Sep 23 14:45:01 automation CRON[18054]: (root) CMD (command -v debian-sa1 > /dev/null && debian-sa1 1 1)","2026-09-23T14:45:01.000+0000",,,,,,,,,14,23,45,september,1,wednesday,2026,local,,,,,,automation,,,,,"weather_index_report",,,,,,,1,,,,,,,,"__::__[]:_()__(_-_-_>_//_&&_-__)",,,,"weather-data (1)","weather_data",automation,,,,,16,,0,,,,,,
,,,,"Sep 23 14:42:38 automation systemd-timesyncd[740]: Synchronized to time server [2620:2d:4000:1::3f]:123 (ntp.ubuntu.com).","2026-09-23T14:42:38.000+0000",,,,,,,,,14,23,42,september,38,wednesday,2026,local,,,,,,automation,,,,,"weather_index_report",,,,,,,1,,,,,,,,"__::__-[]:_____[:::::]:_(..).",,,,"weather-data (1)","weather_data",automation,,,,,16,,0,,,,,,
,,,,"Sep 23 14:42:38 automation systemd-timesyncd[740]: Synchronized to time server [2620:2d:4000:1::3f]:123 (ntp.ubuntu.com).","2026-09-23T14:42:38.000+0000",,,,,,,,,14,23,42,september,38,wednesday,2026,local,,,,,,automation,,,,,"weather_index_report",,,,,,,1,,,,,,,,"__::__-[]:_____[:::::]:_(..).",,,,"weather-data (1)","weather_data",automation,,,,,16,,0,,,,,,
,,,,"Sep 23 14:42:33 automation systemd-networkd[940]: enp0s3: Configured","2026-09-23T14:42:33.000+0000",,,,,,,,,14,23,42,september,33,wednesday,2026,local,,,,,,automation,,,,,"weather_index_report",,,,,,,1,,,,,,,,"__::__-[]:_:_",,,,"weather-data (1)","weather_data",automation,,,,,16,,0,,,,,,
,,,,"Sep 23 14:42:33 automation systemd-networkd[940]: enp0s3: DHCPv4 address 192.168.0.18/24 via 192.168.0.1","2026-09-23T14:42:33.000+0000",,,,,,,,,14,23,42,september,33,wednesday,2026,local,,,,,,automation,,,,,"weather_index_report",,,,,,,1,,,,,,,,"__::__-[]:_:___.../__...",,,,"weather-data (1)","weather_data",automation,,,,,16,,0,,,,,,
,,,,"Sep 23 14:42:33 automation systemd[1]: Started Hostname Service.","2026-09-23T14:42:33.000+0000",,,,,,,,,14,23,42,september,33,wednesday,2026,local,,,,,,automation,,,,,"weather_index_report",,,,,,,1,,,,,,,,"__::__[]:___.",,,,"weather-data (1)","weather_data",automation,,,,,16,,0,,,,,,
,,,,"Sep 23 14:42:33 automation dbus-daemon[1060]: [system] Successfully activated service 'org.freedesktop.hostname1'","2026-09-23T14:42:33.000+0000",,,,,,,,,14,23,42,september,33,wednesday,2026,local,,,,,,automation,,,,,"weather_index_report",,,,,,,1,,,,,,,,"__::__-[]:_[]____'..'",,,,"weather-data (1)","weather_data",automation,,,,,16,,0,,,,,,
,,,,"Sep 23 14:42:33 automation systemd-networkd[940]: enp0s3: Configured","2026-09-23T14:42:33.000+0000",,,,,,,,,14,23,42,september,33,wednesday,2026,local,,,,,,automation,,,,,"weather_index_report",,,,,,,1,,,,,,,,"__::__-[]:_:_",,,,"weather-data (1)","weather_data",automation,,,,,16,,0,,,,,,
,,,,"Sep 23 14:42:33 automation systemd-networkd[940]: enp0s3: DHCPv4 address 192.168.0.18/24 via 192.168.0.1","2026-09-23T14:42:33.000+0000",,,,,,,,,14,23,42,september,33,wednesday,2026,local,,,,,,automation,,,,,"weather_index_report",,,,,,,1,,,,,,,,"__::__-[]:_:___.../__...",,,,"weather-data (1)","weather_data",automation,,,,,16,,0,,,,,,
,,,,"Sep 23 14:42:33 automation systemd[1]: Started Hostname Service.","2026-09-23T14:42:33.000+0000",,,,,,,,,14,23,42,september,33,wednesday,2026,local,,,,,,automation,,,,,"weather_index_report",,,,,,,1,,,,,,,,"__::__[]:___.",,,,"weather-data (1)","weather_data",automation,,,,,16,,0,,,,,,
,,,,"Sep 23 14:42:33 automation dbus-daemon[1060]: [system] Successfully activated service 'org.freedesktop.hostname1'","2026-09-23T14:42:33.000+0000",,,,,,,,,14,23,42,september,33,wednesday,2026,local,,,,,,automation,,,,,"weather_index_report",,,,,,,1,,,,,,,,"__::__-[]:_[]____'..'",,,,"weather-data (1)","weather_data",automation,,,,,16,,0,,,,,,
,,,,"Sep 23 14:42:32 automation systemd[1]: Starting Hostname Service...","2026-09-23T14:42:32.000+0000",,,,,,,,,14,23,42,september,32,wednesday,2026,local,,,,,,automation,,,,,"weather_index_report",,,,,,,1,,,,,,,,"__::__[]:___...",,,,"weather-data (1)","weather_data",automation,,,,,16,,0,,,,,,
,,,,"Sep 23 14:42:32 automation dbus-daemon[1060]: [system] Activating via systemd: service name='org.freedesktop.hostname1' unit='dbus-org.freedesktop.hostname1.service' requested by ':1.2' (uid=100 pid=940 comm=""/lib/systemd/systemd-networkd "" label=""unconfined"")","2026-09-23T14:42:32.000+0000",,,,,,"/lib/systemd/systemd-networkd",,,14,23,42,september,32,wednesday,2026,local,,,,,,automation,,,,,"weather_index_report",,unconfined,,,,,1,,,,,"'org.freedesktop.hostname1'",940,,"__::__-[]:_[]___:__='..'_='-...'___':.'_(=_=_=""///",,,,"weather-data (1)","weather_data",automation,,,,,16,,0,,100,"'dbus-org.freedesktop.hostname1.service'",,,
,,,,"Sep 23 14:42:32 automation systemd-timesyncd[740]: Network configuration changed, trying to establish connection.","2026-09-23T14:42:32.000+0000",,,,,,,,,14,23,42,september,32,wednesday,2026,local,,,,,,automation,,,,,"weather_index_report",,,,,,,1,,,,,,,,"__::__-[]:___,____.",,,,"weather-data (1)","weather_data",automation,,,,,16,,0,,,,,,
,,,,"Sep 23 14:42:32 automation systemd-networkd[940]: enp0s3: DHCP lease lost","2026-09-23T14:42:32.000+0000",,,,,,,,,14,23,42,september,32,wednesday,2026,local,,,,,,automation,,,,,"weather_index_report",,,,,,,1,,,,,,,,"__::__-[]:_:___",,,,"weather-data (1)","weather_data",automation,,,,,16,,0,,,,,,
,,,,"Sep 23 14:42:32 automation systemd[1]: Starting Hostname Service...","2026-09-23T14:42:32.000+0000",,,,,,,,,14,23,42,september,32,wednesday,2026,local,,,,,,automation,,,,,"weather_index_report",,,,,,,1,,,,,,,,"__::__[]:___...",,,,"weather-data (1)","weather_data",automation,,,,,16,,0,,,,,,
,,,,"Sep 23 14:42:32 automation dbus-daemon[1060]: [system] Activating via systemd: service name='org.freedesktop.hostname1' unit='dbus-org.freedesktop.hostname1.service' requested by ':1.2' (uid=100 pid=940 comm=""/lib/systemd/systemd-networkd "" label=""unconfined"")","2026-09-23T14:42:32.000+0000",,,,,,"/lib/systemd/systemd-networkd",,,14,23,42,september,32,wednesday,2026,local,,,,,,automation,,,,,"weather_index_report",,unconfined,,,,,1,,,,,"'org.freedesktop.hostname1'",940,,"__::__-[]:_[]___:__='..'_='-...'___':.'_(=_=_=""///",,,,"weather-data (1)","weather_data",automation,,,,,16,,0,,100,"'dbus-org.freedesktop.hostname1.service'",,,
,,,,"Sep 23 14:42:32 automation systemd-timesyncd[740]: Network configuration changed, trying to establish connection.","2026-09-23T14:42:32.000+0000",,,,,,,,,14,23,42,september,32,wednesday,2026,local,,,,,,automation,,,,,"weather_index_report",,,,,,,1,,,,,,,,"__::__-[]:___,____.",,,,"weather-data (1)","weather_data",automation,,,,,16,,0,,,,,,
,,,,"Sep 23 14:42:32 automation systemd-networkd[940]: enp0s3: DHCP lease lost","2026-09-23T14:42:32.000+0000",,,,,,,,,14,23,42,september,32,wednesday,2026,local,,,,,,automation,,,,,"weather_index_report",,,,,,,1,,,,,,,,"__::__-[]:_:___",,,,"weather-data (1)","weather_data",automation,,,,,16,,0,,,,,,
,,,,"Sep 23 14:35:01 automation CRON[18017]: (root) CMD (command -v debian-sa1 > /dev/null && debian-sa1 1 1)","2026-09-23T14:35:01.000+0000",,,,,,,,,14,23,35,september,1,wednesday,2026,local,,,,,,automation,,,,,"weather_index_report",,,,,,,1,,,,,,,,"__::__[]:_()__(_-_-_>_//_&&_-__)",,,,"weather-data (1)","weather_data",automation,,,,,16,,0,,,,,,
,,,,"Sep 23 14:35:01 automation CRON[18017]: (root) CMD (command -v debian-sa1 > /dev/null && debian-sa1 1 1)","2026-09-23T14:35:01.000+0000",,,,,,,,,14,23,35,september,1,wednesday,2026,local,,,,,,automation,,,,,"weather_index_report",,,,,,,1,,,,,,,,"__::__[]:_()__(_-_-_>_//_&&_-__)",,,,"weather-data (1)","weather_data",automation,,,,,16,,0,,,,,,
,,,,"Sep 23 14:31:07 automation grafana-agent[1126]: ts=2024-09-23T14:31:07.760958873Z caller=cleaner.go:203 level=warn agent=prometheus component=cleaner msg=""unable to find segment mtime of WAL"" name=/var/lib/grafana-agent/.cache err=""unable to open WAL: open /var/lib/grafana-agent/.cache/wal: no such file or directory""","2026-09-23T14:31:07.000+0000",prometheus,,,,"cleaner.go:203",,cleaner,,14,23,31,september,7,wednesday,2026,local,,"unable to open WAL: open /var/lib/grafana-agent/.cache/wal: no such file or directory",,,,automation,,,,,"weather_index_report",,,,,,warn,1,,,,"unable to find segment mtime of WAL","/var/lib/grafana-agent/.cache",,,"__::__-[]:_=--::._=.:_=_=_=_=""______""_=///-/._=""__",,,,"weather-data (1)","weather_data",automation,,,,,16,,0,"2024-09-23T14:31:07.760958873Z",,,,,
,,,,"Sep 23 14:31:07 automation grafana-agent[1126]: ts=2024-09-23T14:31:07.760958873Z caller=cleaner.go:203 level=warn agent=prometheus component=cleaner msg=""unable to find segment mtime of WAL"" name=/var/lib/grafana-agent/.cache err=""unable to open WAL: open /var/lib/grafana-agent/.cache/wal: no such file or directory""","2026-09-23T14:31:07.000+0000",prometheus,,,,"cleaner.go:203",,cleaner,,14,23,31,september,7,wednesday,2026,local,,"unable to open WAL: open /var/lib/grafana-agent/.cache/wal: no such file or directory",,,,automation,,,,,"weather_index_report",,,,,,warn,1,,,,"unable to find segment mtime of WAL","/var/lib/grafana-agent/.cache",,,"__::__-[]:_=--::._=.:_=_=_=_=""______""_=///-/._=""__",,,,"weather-data (1)","weather_data",automation,,,,,16,,0,"2024-09-23T14:31:07.760958873Z",,,,,
,,,,"Sep 23 14:25:01 automation CRON[18004]: (root) CMD (command -v debian-sa1 > /dev/null && debian-sa1 1 1)","2026-09-23T14:25:01.000+0000",,,,,,,,,14,23,25,september,1,wednesday,2026,local,,,,,,automation,,,,,"weather_index_report",,,,,,,1,,,,,,,,"__::__[]:_()__(_-_-_>_//_&&_-__)",,,,"weather-data (1)","weather_data",automation,,,,,16,,0,,,,,,
,,,,"Sep 23 14:25:01 automation CRON[18004]: (root) CMD (command -v debian-sa1 > /dev/null && debian-sa1 1 1)","2026-09-23T14:25:01.000+0000",,,,,,,,,14,23,25,september,1,wednesday,2026,local,,,,,,automation,,,,,"weather_index_report",,,,,,,1,,,,,,,,"__::__[]:_()__(_-_-_>_//_&&_-__)",,,,"weather-data (1)","weather_data",automation,,,,,16,,0,,,,,,
,,,,"Sep 23 14:18:02 automation systemd[1]: Started Message of the Day.","2026-09-23T14:18:02.000+0000",,,,,,,,,14,23,18,september,2,wednesday,2026,local,,,,,,automation,,,,,"weather_index_report",,,,,,,1,,,,,,,,"__::__[]:_____.",,,,"weather-data (1)","weather_data",automation,,,,,16,,0,,,,,,
,,,,"Sep 23 14:18:02 automation 50-motd-news[17903]:    https://ubuntu.com/engage/secure-kubernetes-at-the-edge","2026-09-23T14:18:02.000+0000",,,,,,,,,14,23,18,september,2,wednesday,2026,local,,,,,,automation,,,,,"weather_index_report",,,,,,,1,,,,,,,,"__::__--[]:____://.//----",,,,"weather-data (1)","weather_data",automation,,,,,16,,0,,,,,,
,,,,"Sep 23 14:18:02 automation 50-motd-news[17903]:    just raised the bar for easy, resilient and secure K8s cluster deployment.","2026-09-23T14:18:02.000+0000",,,,,,,,,14,23,18,september,2,wednesday,2026,local,,,,,,automation,,,,,"weather_index_report",,,,,,,1,,,,,,,,"__::__--[]:_________,______.",,,,"weather-data (1)","weather_data",automation,,,,,16,,0,,,,,,
,,,,"Sep 23 14:18:02 automation 50-motd-news[17903]:  * Strictly confined Kubernetes makes edge and IoT secure. Learn how MicroK8s","2026-09-23T14:18:02.000+0000",,,,,,,,,14,23,18,september,2,wednesday,2026,local,,,,,,automation,,,,,"weather_index_report",,,,,,,1,,,,,,,,"__::__--[]:__*________.___",,,,"weather-data (1)","weather_data",automation,,,,,16,,0,,,,,,
,,,,"Sep 23 14:18:02 automation systemd[1]: Started Message of the Day.","2026-09-23T14:18:02.000+0000",,,,,,,,,14,23,18,september,2,wednesday,2026,local,,,,,,automation,,,,,"weather_index_report",,,,,,,1,,,,,,,,"__::__[]:_____.",,,,"weather-data (1)","weather_data",automation,,,,,16,,0,,,,,,
,,,,"Sep 23 14:18:02 automation 50-motd-news[17903]:    https://ubuntu.com/engage/secure-kubernetes-at-the-edge","2026-09-23T14:18:02.000+0000",,,,,,,,,14,23,18,september,2,wednesday,2026,local,,,,,,automation,,,,,"weather_index_report",,,,,,,1,,,,,,,,"__::__--[]:____://.//----",,,,"weather-data (1)","weather_data",automation,,,,,16,,0,,,,,,
,,,,"Sep 23 14:18:02 automation 50-motd-news[17903]:    just raised the bar for easy, resilient and secure K8s cluster deployment.","2026-09-23T14:18:02.000+0000",,,,,,,,,14,23,18,september,2,wednesday,2026,local,,,,,,automation,,,,,"weather_index_report",,,,,,,1,,,,,,,,"__::__--[]:_________,______.",,,,"weather-data (1)","weather_data",automation,,,,,16,,0,,,,,,
,,,,"Sep 23 14:18:02 automation 50-motd-news[17903]:  * Strictly confined Kubernetes makes edge and IoT secure. Learn how MicroK8s","2026-09-23T14:18:02.000+0000",,,,,,,,,14,23,18,september,2,wednesday,2026,local,,,,,,automation,,,,,"weather_index_report",,,,,,,1,,,,,,,,"__::__--[]:__*________.___",,,,"weather-data (1)","weather_data",automation,,,,,16,,0,,,,,,
,,,,"Sep 23 14:17:30 automation CRON[17977]: (root) CMD (   cd / && run-parts --report /etc/cron.hourly)","2026-09-23T14:17:30.000+0000",,,,,,,,,14,23,17,september,30,wednesday,2026,local,,,,,,automation,,,,,"weather_index_report",,,,,,,1,,,,,,,,"__::__[]:_()__(____/_&&_-_--_//.)",,,,"weather-data (1)","weather_data",automation,,,,,16,,0,,,,,,
,,,,"Sep 23 14:17:30 automation CRON[17977]: (root) CMD (   cd / && run-parts --report /etc/cron.hourly)","2026-09-23T14:17:30.000+0000",,,,,,,,,14,23,17,september,30,wednesday,2026,local,,,,,,automation,,,,,"weather_index_report",,,,,,,1,,,,,,,,"__::__[]:_()__(____/_&&_-_--_//.)",,,,"weather-data (1)","weather_data",automation,,,,,16,,0,,,,,,
,,,,"Sep 23 14:16:42 automation systemd[1]: Started Daily apt download activities.","2026-09-23T14:16:42.000+0000",,,,,,,,,14,23,16,september,42,wednesday,2026,local,,,,,,automation,,,,,"weather_index_report",,,,,,,1,,,,,,,,"__::__[]:_____.",,,,"weather-data (1)","weather_data",automation,,,,,16,,0,,,,,,
,,,,"Sep 23 14:16:42 automation systemd[1]: Starting Message of the Day...","2026-09-23T14:16:42.000+0000",,,,,,,,,14,23,16,september,42,wednesday,2026,local,,,,,,automation,,,,,"weather_index_report",,,,,,,1,,,,,,,,"__::__[]:_____...",,,,"weather-data (1)","weather_data",automation,,,,,16,,0,,,,,,
,,,,"Sep 23 14:16:42 automation systemd[1]: Starting Daily apt download activities...","2026-09-23T14:16:42.000+0000",,,,,,,,,14,23,16,september,42,wednesday,2026,local,,,,,,automation,,,,,"weather_index_report",,,,,,,1,,,,,,,,"__::__[]:_____...",,,,"weather-data (1)","weather_data",automation,,,,,16,,0,,,,,,
,,,,"Sep 23 14:16:42 automation systemd-timesyncd[740]: Synchronized to time server [2620:2d:4000:1::3f]:123 (ntp.ubuntu.com).","2026-09-23T14:16:42.000+0000",,,,,,,,,14,23,16,september,42,wednesday,2026,local,,,,,,automation,,,,,"weather_index_report",,,,,,,1,,,,,,,,"__::__-[]:_____[:::::]:_(..).",,,,"weather-data (1)","weather_data",automation,,,,,16,,0,,,,,,
,,,,"Sep 23 14:16:42 automation systemd[1]: Started Daily apt download activities.","2026-09-23T14:16:42.000+0000",,,,,,,,,14,23,16,september,42,wednesday,2026,local,,,,,,automation,,,,,"weather_index_report",,,,,,,1,,,,,,,,"__::__[]:_____.",,,,"weather-data (1)","weather_data",automation,,,,,16,,0,,,,,,
,,,,"Sep 23 14:16:42 automation systemd[1]: Starting Message of the Day...","2026-09-23T14:16:42.000+0000",,,,,,,,,14,23,16,september,42,wednesday,2026,local,,,,,,automation,,,,,"weather_index_report",,,,,,,1,,,,,,,,"__::__[]:_____...",,,,"weather-data (1)","weather_data",automation,,,,,16,,0,,,,,,
,,,,"Sep 23 14:16:42 automation systemd[1]: Starting Daily apt download activities...","2026-09-23T14:16:42.000+0000",,,,,,,,,14,23,16,september,42,wednesday,2026,local,,,,,,automation,,,,,"weather_index_report",,,,,,,1,,,,,,,,"__::__[]:_____...",,,,"weather-data (1)","weather_data",automation,,,,,16,,0,,,,,,
,,,,"Sep 23 14:16:42 automation systemd-timesyncd[740]: Synchronized to time server [2620:2d:4000:1::3f]:123 (ntp.ubuntu.com).","2026-09-23T14:16:42.000+0000",,,,,,,,,14,23,16,september,42,wednesday,2026,local,,,,,,automation,,,,,"weather_index_report",,,,,,,1,,,,,,,,"__::__-[]:_____[:::::]:_(..).",,,,"weather-data (1)","weather_data",automation,,,,,16,,0,,,,,,
,,,,"Sep 23 06:45:01 automation CRON[17900]: (root) CMD (command -v debian-sa1 > /dev/null && debian-sa1 1 1)","2026-09-23T06:45:01.000+0000",,,,,,,,,6,23,45,september,1,wednesday,2026,local,,,,,,automation,,,,,"weather_index_report",,,,,,,1,,,,,,,,"__::__[]:_()__(_-_-_>_//_&&_-__)",,,,"weather-data (1)","weather_data",automation,,,,,16,,0,,,,,,
,,,,"Sep 23 06:45:01 automation CRON[17900]: (root) CMD (command -v debian-sa1 > /dev/null && debian-sa1 1 1)","2026-09-23T06:45:01.000+0000",,,,,,,,,6,23,45,september,1,wednesday,2026,local,,,,,,automation,,,,,"weather_index_report",,,,,,,1,,,,,,,,"__::__[]:_()__(_-_-_>_//_&&_-__)",,,,"weather-data (1)","weather_data",automation,,,,,16,,0,,,,,,
,,,,"Sep 23 06:38:18 automation systemd[1]: Started Daily apt upgrade and clean activities.","2026-09-23T06:38:18.000+0000",,,,,,,,,6,23,38,september,18,wednesday,2026,local,,,,,,automation,,,,,"weather_index_report",,,,,,,1,,,,,,,,"__::__[]:_______.",,,,"weather-data (1)","weather_data",automation,,,,,16,,0,,,,,,
,,,,"Sep 23 06:38:18 automation systemd[1]: Starting Daily apt upgrade and clean activities...","2026-09-23T06:38:18.000+0000",,,,,,,,,6,23,38,september,18,wednesday,2026,local,,,,,,automation,,,,,"weather_index_report",,,,,,,1,,,,,,,,"__::__[]:_______...",,,,"weather-data (1)","weather_data",automation,,,,,16,,0,,,,,,
,,,,"Sep 23 06:38:18 automation systemd[1]: Started Daily apt upgrade and clean activities.","2026-09-23T06:38:18.000+0000",,,,,,,,,6,23,38,september,18,wednesday,2026,local,,,,,,automation,,,,,"weather_index_report",,,,,,,1,,,,,,,,"__::__[]:_______.",,,,"weather-data (1)","weather_data",automation,,,,,16,,0,,,,,,
,,,,"Sep 23 06:38:18 automation systemd[1]: Starting Daily apt upgrade and clean activities...","2026-09-23T06:38:18.000+0000",,,,,,,,,6,23,38,september,18,wednesday,2026,local,,,,,,automation,,,,,"weather_index_report",,,,,,,1,,,,,,,,"__::__[]:_______...",,,,"weather-data (1)","weather_data",automation,,,,,16,,0,,,,,,
,,,,"Sep 23 06:35:02 automation CRON[17858]: (root) CMD (command -v debian-sa1 > /dev/null && debian-sa1 1 1)","2026-09-23T06:35:02.000+0000",,,,,,,,,6,23,35,september,2,wednesday,2026,local,,,,,,automation,,,,,"weather_index_report",,,,,,,1,,,,,,,,"__::__[]:_()__(_-_-_>_//_&&_-__)",,,,"weather-data (1)","weather_data",automation,,,,,16,,0,,,,,,
,,,,"Sep 23 06:35:02 automation CRON[17858]: (root) CMD (command -v debian-sa1 > /dev/null && debian-sa1 1 1)","2026-09-23T06:35:02.000+0000",,,,,,,,,6,23,35,september,2,wednesday,2026,local,,,,,,automation,,,,,"weather_index_report",,,,,,,1,,,,,,,,"__::__[]:_()__(_-_-_>_//_&&_-__)",,,,"weather-data (1)","weather_data",automation,,,,,16,,0,,,,,,
,,,,"Sep 23 06:30:38 automation grafana-agent[1126]: ts=2024-09-23T06:30:38.497876722Z caller=cleaner.go:203 level=warn agent=prometheus component=cleaner msg=""unable to find segment mtime of WAL"" name=/var/lib/grafana-agent/.cache err=""unable to open WAL: open /var/lib/grafana-agent/.cache/wal: no such file or directory""","2026-09-23T06:30:38.000+0000",prometheus,,,,"cleaner.go:203",,cleaner,,6,23,30,september,38,wednesday,2026,local,,"unable to open WAL: open /var/lib/grafana-agent/.cache/wal: no such file or directory",,,,automation,,,,,"weather_index_report",,,,,,warn,1,,,,"unable to find segment mtime of WAL","/var/lib/grafana-agent/.cache",,,"__::__-[]:_=--::._=.:_=_=_=_=""______""_=///-/._=""__",,,,"weather-data (1)","weather_data",automation,,,,,16,,0,"2024-09-23T06:30:38.497876722Z",,,,,
,,,,"Sep 23 06:30:38 automation grafana-agent[1126]: ts=2024-09-23T06:30:38.497876722Z caller=cleaner.go:203 level=warn agent=prometheus component=cleaner msg=""unable to find segment mtime of WAL"" name=/var/lib/grafana-agent/.cache err=""unable to open WAL: open /var/lib/grafana-agent/.cache/wal: no such file or directory""","2026-09-23T06:30:38.000+0000",prometheus,,,,"cleaner.go:203",,cleaner,,6,23,30,september,38,wednesday,2026,local,,"unable to open WAL: open /var/lib/grafana-agent/.cache/wal: no such file or directory",,,,automation,,,,,"weather_index_report",,,,,,warn,1,,,,"unable to find segment mtime of WAL","/var/lib/grafana-agent/.cache",,,"__::__-[]:_=--::._=.:_=_=_=_=""______""_=///-/._=""__",,,,"weather-data (1)","weather_data",automation,,,,,16,,0,"2024-09-23T06:30:38.497876722Z",,,,,
,,,,"Sep 23 06:25:03 automation rsyslogd:  [origin software=""rsyslogd"" swVersion=""8.32.0"" x-pid=""1163"" x-info=""http://www.rsyslog.com""] rsyslogd was HUPed","2026-09-23T06:25:03.000+0000",,,,,,,,,6,23,25,september,3,wednesday,2026,local,,,,,,automation,,,,,"weather_index_report",,,,,,,1,,,,,,,,"__::__:__[_=""""_=""..""_-=""""_-=""://..""]___",,,rsyslogd,"weather-data (1)","weather_data",automation,,,,"8.32.0",16,,0,,,,,"http://www.rsyslog.com",1163
,,,,"Sep 23 06:25:03 automation rsyslogd:  [origin software=""rsyslogd"" swVersion=""8.32.0"" x-pid=""1163"" x-info=""http://www.rsyslog.com""] rsyslogd was HUPed","2026-09-23T06:25:03.000+0000",,,,,,,,,6,23,25,september,3,wednesday,2026,local,,,,,,automation,,,,,"weather_index_report",,,,,,,1,,,,,,,,"__::__:__[_=""""_=""..""_-=""""_-=""://..""]___",,,rsyslogd,"weather-data (1)","weather_data",automation,,,,"8.32.0",16,,0,,,,,"http://www.rsyslog.com",1163
,,,,"Oct 12 18:40:30 automation systemd[1]: Started Session 3 of user isaac.","2024-10-12T18:40:30.000+0000",,,,,,,,,18,12,40,october,30,saturday,2024,local,,,,,,automation,,,,,"weather_index_report",,,,,,,1,,,,,,,,"__::__[]:______.",,,,"weather-data (1)","weather_data",automation,,,,,16,,0,,,,,,
,,,,"Oct 12 18:40:30 automation systemd[1]: Started Session 3 of user isaac.","2024-10-12T18:40:30.000+0000",,,,,,,,,18,12,40,october,30,saturday,2024,local,,,,,,automation,,,,,"weather_index_report",,,,,,,1,,,,,,,,"__::__[]:______.",,,,"weather-data (1)","weather_data",automation,,,,,16,,0,,,,,,
,,,,"Oct 12 18:40:05 automation systemd[1]: Started User Manager for UID 1000.","2024-10-12T18:40:05.000+0000",,,,,,,,,18,12,40,october,5,saturday,2024,local,,,,,,automation,,,,,"weather_index_report",,,,,,,1,,,,,,,,"__::__[]:______.",,,,"weather-data (1)","weather_data",automation,,,,,16,,0,,,,,,
,,,,"Oct 12 18:40:05 automation systemd[2166]: Startup finished in 689ms.","2024-10-12T18:40:05.000+0000",,,,,,,,,18,12,40,october,5,saturday,2024,local,,,,,,automation,,,,,"weather_index_report",,,,,,,1,,,,,,,,"__::__[]:____.",,,,"weather-data (1)","weather_data",automation,,,,,16,,0,,,,,,
,,,,"Oct 12 18:40:05 automation systemd[2166]: Reached target Default.","2024-10-12T18:40:05.000+0000",,,,,,,,,18,12,40,october,5,saturday,2024,local,,,,,,automation,,,,,"weather_index_report",,,,,,,1,,,,,,,,"__::__[]:___.",,,,"weather-data (1)","weather_data",automation,,,,,16,,0,,,,,,
,,,,"Oct 12 18:40:05 automation systemd[2166]: Reached target Basic System.","2024-10-12T18:40:05.000+0000",,,,,,,,,18,12,40,october,5,saturday,2024,local,,,,,,automation,,,,,"weather_index_report",,,,,,,1,,,,,,,,"__::__[]:____.",,,,"weather-data (1)","weather_data",automation,,,,,16,,0,,,,,,
,,,,"Oct 12 18:40:05 automation systemd[2166]: Reached target Sockets.","2024-10-12T18:40:05.000+0000",,,,,,,,,18,12,40,october,5,saturday,2024,local,,,,,,automation,,,,,"weather_index_report",,,,,,,1,,,,,,,,"__::__[]:___.",,,,"weather-data (1)","weather_data",automation,,,,,16,,0,,,,,,
,,,,"Oct 12 18:40:05 automation systemd[2166]: Listening on D-Bus User Message Bus Socket.","2024-10-12T18:40:05.000+0000",,,,,,,,,18,12,40,october,5,saturday,2024,local,,,,,,automation,,,,,"weather_index_report",,,,,,,1,,,,,,,,"__::__[]:___-____.",,,,"weather-data (1)","weather_data",automation,,,,,16,,0,,,,,,
,,,,"Oct 12 18:40:05 automation systemd[2166]: Listening on GnuPG network certificate management daemon.","2024-10-12T18:40:05.000+0000",,,,,,,,,18,12,40,october,5,saturday,2024,local,,,,,,automation,,,,,"weather_index_report",,,,,,,1,,,,,,,,"__::__[]:_______.",,,,"weather-data (1)","weather_data",automation,,,,,16,,0,,,,,,
,,,,"Oct 12 18:40:05 automation systemd[2166]: Listening on GnuPG cryptographic agent (ssh-agent emulation).","2024-10-12T18:40:05.000+0000",,,,,,,,,18,12,40,october,5,saturday,2024,local,,,,,,automation,,,,,"weather_index_report",,,,,,,1,,,,,,,,"__::__[]:______(-_).",,,,"weather-data (1)","weather_data",automation,,,,,16,,0,,,,,,
,,,,"Oct 12 18:40:05 automation systemd[2166]: Reached target Paths.","2024-10-12T18:40:05.000+0000",,,,,,,,,18,12,40,october,5,saturday,2024,local,,,,,,automation,,,,,"weather_index_report",,,,,,,1,,,,,,,,"__::__[]:___.",,,,"weather-data (1)","weather_data",automation,,,,,16,,0,,,,,,
,,,,"Oct 12 18:40:05 automation systemd[2166]: Listening on REST API socket for snapd user session agent.","2024-10-12T18:40:05.000+0000",,,,,,,,,18,12,40,october,5,saturday,2024,local,,,,,,automation,,,,,"weather_index_report",,,,,,,1,,,,,,,,"__::__[]:__________.",,,,"weather-data (1)","weather_data",automation,,,,,16,,0,,,,,,
,,,,"Oct 12 18:40:05 automation systemd[2166]: Listening on GnuPG cryptographic agent and passphrase cache (access for web browsers).","2024-10-12T18:40:05.000+0000",,,,,,,,,18,12,40,october,5,saturday,2024,local,,,,,,automation,,,,,"weather_index_report",,,,,,,1,,,,,,,,"__::__[]:_________(___).",,,,"weather-data (1)","weather_data",automation,,,,,16,,0,,,,,,
,,,,"Oct 12 18:40:05 automation systemd[2166]: Listening on GnuPG cryptographic agent and passphrase cache (restricted).","2024-10-12T18:40:05.000+0000",,,,,,,,,18,12,40,october,5,saturday,2024,local,,,,,,automation,,,,,"weather_index_report",,,,,,,1,,,,,,,,"__::__[]:_________().",,,,"weather-data (1)","weather_data",automation,,,,,16,,0,,,,,,
,,,,"Oct 12 18:40:05 automation systemd[2166]: Reached target Timers.","2024-10-12T18:40:05.000+0000",,,,,,,,,18,12,40,october,5,saturday,2024,local,,,,,,automation,,,,,"weather_index_report",,,,,,,1,,,,,,,,"__::__[]:___.",,,,"weather-data (1)","weather_data",automation,,,,,16,,0,,,,,,
,,,,"Oct 12 18:40:05 automation systemd[2166]: Starting D-Bus User Message Bus Socket.","2024-10-12T18:40:05.000+0000",,,,,,,,,18,12,40,october,5,saturday,2024,local,,,,,,automation,,,,,"weather_index_report",,,,,,,1,,,,,,,,"__::__[]:__-____.",,,,"weather-data (1)","weather_data",automation,,,,,16,,0,,,,,,
,,,,"Oct 12 18:40:05 automation systemd[2166]: Listening on GnuPG cryptographic agent and passphrase cache.","2024-10-12T18:40:05.000+0000",,,,,,,,,18,12,40,october,5,saturday,2024,local,,,,,,automation,,,,,"weather_index_report",,,,,,,1,,,,,,,,"__::__[]:________.",,,,"weather-data (1)","weather_data",automation,,,,,16,,0,,,,,,
,,,,"Oct 12 18:40:05 automation systemd[1]: Started User Manager for UID 1000.","2024-10-12T18:40:05.000+0000",,,,,,,,,18,12,40,october,5,saturday,2024,local,,,,,,automation,,,,,"weather_index_report",,,,,,,1,,,,,,,,"__::__[]:______.",,,,"weather-data (1)","weather_data",automation,,,,,16,,0,,,,,,
,,,,"Oct 12 18:40:05 automation systemd[2166]: Startup finished in 689ms.","2024-10-12T18:40:05.000+0000",,,,,,,,,18,12,40,october,5,saturday,2024,local,,,,,,automation,,,,,"weather_index_report",,,,,,,1,,,,,,,,"__::__[]:____.",,,,"weather-data (1)","weather_data",automation,,,,,16,,0,,,,,,
,,,,"Oct 12 18:40:05 automation systemd[2166]: Reached target Default.","2024-10-12T18:40:05.000+0000",,,,,,,,,18,12,40,october,5,saturday,2024,local,,,,,,automation,,,,,"weather_index_report",,,,,,,1,,,,,,,,"__::__[]:___.",,,,"weather-data (1)","weather_data",automation,,,,,16,,0,,,,,,
,,,,"Oct 12 18:40:05 automation systemd[2166]: Reached target Basic System.","2024-10-12T18:40:05.000+0000",,,,,,,,,18,12,40,october,5,saturday,2024,local,,,,,,automation,,,,,"weather_index_report",,,,,,,1,,,,,,,,"__::__[]:____.",,,,"weather-data (1)","weather_data",automation,,,,,16,,0,,,,,,
,,,,"Oct 12 18:40:05 automation systemd[2166]: Reached target Sockets.","2024-10-12T18:40:05.000+0000",,,,,,,,,18,12,40,october,5,saturday,2024,local,,,,,,automation,,,,,"weather_index_report",,,,,,,1,,,,,,,,"__::__[]:___.",,,,"weather-data (1)","weather_data",automation,,,,,16,,0,,,,,,
,,,,"Oct 12 18:40:05 automation systemd[2166]: Listening on D-Bus User Message Bus Socket.","2024-10-12T18:40:05.000+0000",,,,,,,,,18,12,40,october,5,saturday,2024,local,,,,,,automation,,,,,"weather_index_report",,,,,,,1,,,,,,,,"__::__[]:___-____.",,,,"weather-data (1)","weather_data",automation,,,,,16,,0,,,,,,
,,,,"Oct 12 18:40:05 automation systemd[2166]: Listening on GnuPG network certificate management daemon.","2024-10-12T18:40:05.000+0000",,,,,,,,,18,12,40,october,5,saturday,2024,local,,,,,,automation,,,,,"weather_index_report",,,,,,,1,,,,,,,,"__::__[]:_______.",,,,"weather-data (1)","weather_data",automation,,,,,16,,0,,,,,,
,,,,"Oct 12 18:40:05 automation systemd[2166]: Listening on GnuPG cryptographic agent (ssh-agent emulation).","2024-10-12T18:40:05.000+0000",,,,,,,,,18,12,40,october,5,saturday,2024,local,,,,,,automation,,,,,"weather_index_report",,,,,,,1,,,,,,,,"__::__[]:______(-_).",,,,"weather-data (1)","weather_data",automation,,,,,16,,0,,,,,,
,,,,"Oct 12 18:40:05 automation systemd[2166]: Reached target Paths.","2024-10-12T18:40:05.000+0000",,,,,,,,,18,12,40,october,5,saturday,2024,local,,,,,,automation,,,,,"weather_index_report",,,,,,,1,,,,,,,,"__::__[]:___.",,,,"weather-data (1)","weather_data",automation,,,,,16,,0,,,,,,
,,,,"Oct 12 18:40:05 automation systemd[2166]: Listening on REST API socket for snapd user session agent.","2024-10-12T18:40:05.000+0000",,,,,,,,,18,12,40,october,5,saturday,2024,local,,,,,,automation,,,,,"weather_index_report",,,,,,,1,,,,,,,,"__::__[]:__________.",,,,"weather-data (1)","weather_data",automation,,,,,16,,0,,,,,,
,,,,"Oct 12 18:40:05 automation systemd[2166]: Listening on GnuPG cryptographic agent and passphrase cache (access for web browsers).","2024-10-12T18:40:05.000+0000",,,,,,,,,18,12,40,october,5,saturday,2024,local,,,,,,automation,,,,,"weather_index_report",,,,,,,1,,,,,,,,"__::__[]:_________(___).",,,,"weather-data (1)","weather_data",automation,,,,,16,,0,,,,,,
,,,,"Oct 12 18:40:05 automation systemd[2166]: Listening on GnuPG cryptographic agent and passphrase cache (restricted).","2024-10-12T18:40:05.000+0000",,,,,,,,,18,12,40,october,5,saturday,2024,local,,,,,,automation,,,,,"weather_index_report",,,,,,,1,,,,,,,,"__::__[]:_________().",,,,"weather-data (1)","weather_data",automation,,,,,16,,0,,,,,,
,,,,"Oct 12 18:40:05 automation systemd[2166]: Reached target Timers.","2024-10-12T18:40:05.000+0000",,,,,,,,,18,12,40,october,5,saturday,2024,local,,,,,,automation,,,,,"weather_index_report",,,,,,,1,,,,,,,,"__::__[]:___.",,,,"weather-data (1)","weather_data",automation,,,,,16,,0,,,,,,
,,,,"Oct 12 18:40:05 automation systemd[2166]: Starting D-Bus User Message Bus Socket.","2024-10-12T18:40:05.000+0000",,,,,,,,,18,12,40,october,5,saturday,2024,local,,,,,,automation,,,,,"weather_index_report",,,,,,,1,,,,,,,,"__::__[]:__-____.",,,,"weather-data (1)","weather_data",automation,,,,,16,,0,,,,,,
,,,,"Oct 12 18:40:05 automation systemd[2166]: Listening on GnuPG cryptographic agent and passphrase cache.","2024-10-12T18:40:05.000+0000",,,,,,,,,18,12,40,october,5,saturday,2024,local,,,,,,automation,,,,,"weather_index_report",,,,,,,1,,,,,,,,"__::__[]:________.",,,,"weather-data (1)","weather_data",automation,,,,,16,,0,,,,,,
,,,,"Oct 12 18:40:04 automation systemd[1]: Started Session 1 of user isaac.","2024-10-12T18:40:04.000+0000",,,,,,,,,18,12,40,october,4,saturday,2024,local,,,,,,automation,,,,,"weather_index_report",,,,,,,1,,,,,,,,"__::__[]:______.",,,,"weather-data (1)","weather_data",automation,,,,,16,,0,,,,,,
,,,,"Oct 12 18:40:04 automation systemd[1]: Starting User Manager for UID 1000...","2024-10-12T18:40:04.000+0000",,,,,,,,,18,12,40,october,4,saturday,2024,local,,,,,,automation,,,,,"weather_index_report",,,,,,,1,,,,,,,,"__::__[]:______...",,,,"weather-data (1)","weather_data",automation,,,,,16,,0,,,,,,
,,,,"Oct 12 18:40:04 automation systemd[1]: Created slice User Slice of isaac.","2024-10-12T18:40:04.000+0000",,,,,,,,,18,12,40,october,4,saturday,2024,local,,,,,,automation,,,,,"weather_index_report",,,,,,,1,,,,,,,,"__::__[]:______.",,,,"weather-data (1)","weather_data",automation,,,,,16,,0,,,,,,
,,,,"Oct 12 18:40:04 automation systemd[1]: Started Session 1 of user isaac.","2024-10-12T18:40:04.000+0000",,,,,,,,,18,12,40,october,4,saturday,2024,local,,,,,,automation,,,,,"weather_index_report",,,,,,,1,,,,,,,,"__::__[]:______.",,,,"weather-data (1)","weather_data",automation,,,,,16,,0,,,,,,
,,,,"Oct 12 18:40:04 automation systemd[1]: Starting User Manager for UID 1000...","2024-10-12T18:40:04.000+0000",,,,,,,,,18,12,40,october,4,saturday,2024,local,,,,,,automation,,,,,"weather_index_report",,,,,,,1,,,,,,,,"__::__[]:______...",,,,"weather-data (1)","weather_data",automation,,,,,16,,0,,,,,,
,,,,"Oct 12 18:40:04 automation systemd[1]: Created slice User Slice of isaac.","2024-10-12T18:40:04.000+0000",,,,,,,,,18,12,40,october,4,saturday,2024,local,,,,,,automation,,,,,"weather_index_report",,,,,,,1,,,,,,,,"__::__[]:______.",,,,"weather-data (1)","weather_data",automation,,,,,16,,0,,,,,,
,,,,"Oct 12 18:39:56 automation jenkins[1132]: 2024-10-12 18:39:56.613+0000 [id=47]#011INFO#011hudson.util.Retrier#start: Performed the action check updates server successfully at the attempt #1","2024-10-12T18:39:56.000+0000",,,,,,,,,18,12,39,october,56,saturday,2024,local,,,,,,automation,47,,,,"weather_index_report",,,,,,,1,,,,,,,,"__::__[]:_--_::.+_[=]##..#:___________#",,,,"weather-data (1)","weather_data",automation,,,,,16,,0,,,,,,
,,,,"Oct 12 18:39:56 automation jenkins[1132]: 2024-10-12 18:39:56.610+0000 [id=47]#011INFO#011h.m.DownloadService$Downloadable#load: Obtained the updated data file for hudson.tools.JDKInstaller","2024-10-12T18:39:56.000+0000",,,,,,,,,18,12,39,october,56,saturday,2024,local,,,,,,automation,47,,,,"weather_index_report",,,,,,,1,,,,,,,,"__::__[]:_--_::.+_[=]##..$#:_______..",,,,"weather-data (1)","weather_data",automation,,,,,16,,0,,,,,,
,,,,"Oct 12 18:39:56 automation jenkins[1132]: 2024-10-12 18:39:56.613+0000 [id=47]#011INFO#011hudson.util.Retrier#start: Performed the action check updates server successfully at the attempt #1","2024-10-12T18:39:56.000+0000",,,,,,,,,18,12,39,october,56,saturday,2024,local,,,,,,automation,47,,,,"weather_index_report",,,,,,,1,,,,,,,,"__::__[]:_--_::.+_[=]##..#:___________#",,,,"weather-data (1)","weather_data",automation,,,,,16,,0,,,,,,
,,,,"Oct 12 18:39:56 automation jenkins[1132]: 2024-10-12 18:39:56.610+0000 [id=47]#011INFO#011h.m.DownloadService$Downloadable#load: Obtained the updated data file for hudson.tools.JDKInstaller","2024-10-12T18:39:56.000+0000",,,,,,,,,18,12,39,october,56,saturday,2024,local,,,,,,automation,47,,,,"weather_index_report",,,,,,,1,,,,,,,,"__::__[]:_--_::.+_[=]##..$#:_______..",,,,"weather-data (1)","weather_data",automation,,,,,16,,0,,,,,,
,,,,"Oct 12 18:39:54 automation jenkins[1132]: 2024-10-12 18:39:54.682+0000 [id=47]#011INFO#011h.m.DownloadService$Downloadable#load: Obtained the updated data file for hudson.plugins.gradle.GradleInstaller","2024-10-12T18:39:54.000+0000",,,,,,,,,18,12,39,october,54,saturday,2024,local,,,,,,automation,47,,,,"weather_index_report",,,,,,,1,,,,,,,,"__::__[]:_--_::.+_[=]##..$#:_______...",,,,"weather-data (1)","weather_data",automation,,,,,16,,0,,,,,,
,,,,"Oct 12 18:39:54 automation jenkins[1132]: 2024-10-12 18:39:54.279+0000 [id=47]#011INFO#011h.m.DownloadService$Downloadable#load: Obtained the updated data file for hudson.tasks.Ant.AntInstaller","2024-10-12T18:39:54.000+0000",,,,,,,,,18,12,39,october,54,saturday,2024,local,,,,,,automation,47,,,,"weather_index_report",,,,,,,1,,,,,,,,"__::__[]:_--_::.+_[=]##..$#:_______...",,,,"weather-data (1)","weather_data",automation,,,,,16,,0,,,,,,
,,,,"Oct 12 18:39:54 automation jenkins[1132]: 2024-10-12 18:39:54.682+0000 [id=47]#011INFO#011h.m.DownloadService$Downloadable#load: Obtained the updated data file for hudson.plugins.gradle.GradleInstaller","2024-10-12T18:39:54.000+0000",,,,,,,,,18,12,39,october,54,saturday,2024,local,,,,,,automation,47,,,,"weather_index_report",,,,,,,1,,,,,,,,"__::__[]:_--_::.+_[=]##..$#:_______...",,,,"weather-data (1)","weather_data",automation,,,,,16,,0,,,,,,
,,,,"Oct 12 18:39:54 automation jenkins[1132]: 2024-10-12 18:39:54.279+0000 [id=47]#011INFO#011h.m.DownloadService$Downloadable#load: Obtained the updated data file for hudson.tasks.Ant.AntInstaller","2024-10-12T18:39:54.000+0000",,,,,,,,,18,12,39,october,54,saturday,2024,local,,,,,,automation,47,,,,"weather_index_report",,,,,,,1,,,,,,,,"__::__[]:_--_::.+_[=]##..$#:_______...",,,,"weather-data (1)","weather_data",automation,,,,,16,,0,,,,,,
,,,,"Oct 12 18:39:53 automation jenkins[1132]: 2024-10-12 18:39:53.927+0000 [id=47]#011INFO#011h.m.DownloadService$Downloadable#load: Obtained the updated data file for hudson.tasks.Maven.MavenInstaller","2024-10-12T18:39:53.000+0000",,,,,,,,,18,12,39,october,53,saturday,2024,local,,,,,,automation,47,,,,"weather_index_report",,,,,,,1,,,,,,,,"__::__[]:_--_::.+_[=]##..$#:_______...",,,,"weather-data (1)","weather_data",automation,,,,,16,,0,,,,,,
,,,,"Oct 12 18:39:53 automation jenkins[1132]: 2024-10-12 18:39:53.927+0000 [id=47]#011INFO#011h.m.DownloadService$Downloadable#load: Obtained the updated data file for hudson.tasks.Maven.MavenInstaller","2024-10-12T18:39:53.000+0000",,,,,,,,,18,12,39,october,53,saturday,2024,local,,,,,,automation,47,,,,"weather_index_report",,,,,,,1,,,,,,,,"__::__[]:_--_::.+_[=]##..$#:_______...",,,,"weather-data (1)","weather_data",automation,,,,,16,,0,,,,,,
,,,,"Oct 12 18:39:32 automation systemd[1]: Startup finished in 6.338s (kernel) + 1min 11.001s (userspace) = 1min 17.339s.","2024-10-12T18:39:32.000+0000",,,,,,,,,18,12,39,october,32,saturday,2024,local,,,,,,automation,,,,,"weather_index_report",,,,,,,1,,,,,,,,"__::__[]:____._()_+__._()_=__..",,,,"weather-data (1)","weather_data",automation,,,,,16,,0,,,,,,
,,,,"Oct 12 18:39:32 automation systemd[1]: Started Daily apt upgrade and clean activities.","2024-10-12T18:39:32.000+0000",,,,,,,,,18,12,39,october,32,saturday,2024,local,,,,,,automation,,,,,"weather_index_report",,,,,,,1,,,,,,,,"__::__[]:_______.",,,,"weather-data (1)","weather_data",automation,,,,,16,,0,,,,,,
,,,,"Oct 12 18:39:32 automation systemd[1]: Starting Daily apt upgrade and clean activities...","2024-10-12T18:39:32.000+0000",,,,,,,,,18,12,39,october,32,saturday,2024,local,,,,,,automation,,,,,"weather_index_report",,,,,,,1,,,,,,,,"__::__[]:_______...",,,,"weather-data (1)","weather_data",automation,,,,,16,,0,,,,,,
,,,,"Oct 12 18:39:32 automation systemd[1]: Started Daily apt download activities.","2024-10-12T18:39:32.000+0000",,,,,,,,,18,12,39,october,32,saturday,2024,local,,,,,,automation,,,,,"weather_index_report",,,,,,,1,,,,,,,,"__::__[]:_____.",,,,"weather-data (1)","weather_data",automation,,,,,16,,0,,,,,,
,,,,"Oct 12 18:39:32 automation systemd[1]: Reached target Cloud-init target.","2024-10-12T18:39:32.000+0000",,,,,,,,,18,12,39,october,32,saturday,2024,local,,,,,,automation,,,,,"weather_index_report",,,,,,,1,,,,,,,,"__::__[]:___-_.",,,,"weather-data (1)","weather_data",automation,,,,,16,,0,,,,,,
,,,,"Oct 12 18:39:32 automation systemd[1]: Starting Daily apt download activities...","2024-10-12T18:39:32.000+0000",,,,,,,,,18,12,39,october,32,saturday,2024,local,,,,,,automation,,,,,"weather_index_report",,,,,,,1,,,,,,,,"__::__[]:_____...",,,,"weather-data (1)","weather_data",automation,,,,,16,,0,,,,,,
,,,,"Oct 12 18:39:32 automation systemd[1]: Started Execute cloud user/final scripts.","2024-10-12T18:39:32.000+0000",,,,,,,,,18,12,39,october,32,saturday,2024,local,,,,,,automation,,,,,"weather_index_report",,,,,,,1,,,,,,,,"__::__[]:____/_.",,,,"weather-data (1)","weather_data",automation,,,,,16,,0,,,,,,
,,,,"Oct 12 18:39:32 automation cloud-init[1898]: 2024-10-12 18:39:32,077 - cc_final_message.py[WARNING]: Used fallback datasource","2024-10-12T18:39:32.000+0000",,,,,,,,,18,12,39,october,32,saturday,2024,local,,,,,,automation,,,,,"weather_index_report",,,,,,,1,,,,,,,,"__::__-[]:_--_::,_-_.[]:___",,,,"weather-data (1)","weather_data",automation,,,,,16,,0,,,,,,
,,,,"Oct 12 18:39:32 automation cloud-init[1898]: Cloud-init v. 23.1.2-0ubuntu0~18.04.1 finished at Sat, 12 Oct 2024 18:39:31 +0000. Datasource DataSourceNone.  Up 76.87 seconds","2024-10-12T18:39:32.000+0000",,,,,,,,,18,12,39,october,32,saturday,2024,local,,,,,,automation,,,,,"weather_index_report",,,,,,,1,,,,,,,,"__::__-[]:_-_._..-..___,____::_+.__.___._",,,,"weather-data (1)","weather_data",automation,,,,,16,,0,,,,,,
,,,,"Oct 12 18:39:32 automation cloud-init[1898]: Cloud-init v. 23.1.2-0ubuntu0~18.04.1 running 'modules:final' at Sat, 12 Oct 2024 18:39:31 +0000. Up 76.61 seconds.","2024-10-12T18:39:32.000+0000",,,,,,,,,18,12,39,october,32,saturday,2024,local,,,,,,automation,,,,,"weather_index_report",,,,,,,1,,,,,,,,"__::__-[]:_-_._..-..__':'__,____::_+.__._.",,,,"weather-data (1)","weather_data",automation,,,,,16,,0,,,,,,
,,,,"Oct 12 18:39:32 automation systemd[1]: Startup finished in 6.338s (kernel) + 1min 11.001s (userspace) = 1min 17.339s.","2024-10-12T18:39:32.000+0000",,,,,,,,,18,12,39,october,32,saturday,2024,local,,,,,,automation,,,,,"weather_index_report",,,,,,,1,,,,,,,,"__::__[]:____._()_+__._()_=__..",,,,"weather-data (1)","weather_data",automation,,,,,16,,0,,,,,,
,,,,"Oct 12 18:39:32 automation systemd[1]: Started Daily apt upgrade and clean activities.","2024-10-12T18:39:32.000+0000",,,,,,,,,18,12,39,october,32,saturday,2024,local,,,,,,automation,,,,,"weather_index_report",,,,,,,1,,,,,,,,"__::__[]:_______.",,,,"weather-data (1)","weather_data",automation,,,,,16,,0,,,,,,
,,,,"Oct 12 18:39:32 automation systemd[1]: Starting Daily apt upgrade and clean activities...","2024-10-12T18:39:32.000+0000",,,,,,,,,18,12,39,october,32,saturday,2024,local,,,,,,automation,,,,,"weather_index_report",,,,,,,1,,,,,,,,"__::__[]:_______...",,,,"weather-data (1)","weather_data",automation,,,,,16,,0,,,,,,
,,,,"Oct 12 18:39:32 automation systemd[1]: Started Daily apt download activities.","2024-10-12T18:39:32.000+0000",,,,,,,,,18,12,39,october,32,saturday,2024,local,,,,,,automation,,,,,"weather_index_report",,,,,,,1,,,,,,,,"__::__[]:_____.",,,,"weather-data (1)","weather_data",automation,,,,,16,,0,,,,,,
,,,,"Oct 12 18:39:32 automation systemd[1]: Reached target Cloud-init target.","2024-10-12T18:39:32.000+0000",,,,,,,,,18,12,39,october,32,saturday,2024,local,,,,,,automation,,,,,"weather_index_report",,,,,,,1,,,,,,,,"__::__[]:___-_.",,,,"weather-data (1)","weather_data",automation,,,,,16,,0,,,,,,
,,,,"Oct 12 18:39:32 automation systemd[1]: Starting Daily apt download activities...","2024-10-12T18:39:32.000+0000",,,,,,,,,18,12,39,october,32,saturday,2024,local,,,,,,automation,,,,,"weather_index_report",,,,,,,1,,,,,,,,"__::__[]:_____...",,,,"weather-data (1)","weather_data",automation,,,,,16,,0,,,,,,
,,,,"Oct 12 18:39:32 automation systemd[1]: Started Execute cloud user/final scripts.","2024-10-12T18:39:32.000+0000",,,,,,,,,18,12,39,october,32,saturday,2024,local,,,,,,automation,,,,,"weather_index_report",,,,,,,1,,,,,,,,"__::__[]:____/_.",,,,"weather-data (1)","weather_data",automation,,,,,16,,0,,,,,,
,,,,"Oct 12 18:39:32 automation cloud-init[1898]: 2024-10-12 18:39:32,077 - cc_final_message.py[WARNING]: Used fallback datasource","2024-10-12T18:39:32.000+0000",,,,,,,,,18,12,39,october,32,saturday,2024,local,,,,,,automation,,,,,"weather_index_report",,,,,,,1,,,,,,,,"__::__-[]:_--_::,_-_.[]:___",,,,"weather-data (1)","weather_data",automation,,,,,16,,0,,,,,,
,,,,"Oct 12 18:39:32 automation cloud-init[1898]: Cloud-init v. 23.1.2-0ubuntu0~18.04.1 finished at Sat, 12 Oct 2024 18:39:31 +0000. Datasource DataSourceNone.  Up 76.87 seconds","2024-10-12T18:39:32.000+0000",,,,,,,,,18,12,39,october,32,saturday,2024,local,,,,,,automation,,,,,"weather_index_report",,,,,,,1,,,,,,,,"__::__-[]:_-_._..-..___,____::_+.__.___._",,,,"weather-data (1)","weather_data",automation,,,,,16,,0,,,,,,
,,,,"Oct 12 18:39:32 automation cloud-init[1898]: Cloud-init v. 23.1.2-0ubuntu0~18.04.1 running 'modules:final' at Sat, 12 Oct 2024 18:39:31 +0000. Up 76.61 seconds.","2024-10-12T18:39:32.000+0000",,,,,,,,,18,12,39,october,32,saturday,2024,local,,,,,,automation,,,,,"weather_index_report",,,,,,,1,,,,,,,,"__::__-[]:_-_._..-..__':'__,____::_+.__._.",,,,"weather-data (1)","weather_data",automation,,,,,16,,0,,,,,,
,,,,"Oct 12 18:39:31 automation systemd[1]: Started Update UTMP about System Runlevel Changes.","2024-10-12T18:39:31.000+0000",,,,,,,,,18,12,39,october,31,saturday,2024,local,,,,,,automation,,,,,"weather_index_report",,,,,,,1,,,,,,,,"__::__[]:_______.",,,,"weather-data (1)","weather_data",automation,,,,,16,,0,,,,,,
,,,,"Oct 12 18:39:31 automation systemd[1]: Starting Update UTMP about System Runlevel Changes...","2024-10-12T18:39:31.000+0000",,,,,,,,,18,12,39,october,31,saturday,2024,local,,,,,,automation,,,,,"weather_index_report",,,,,,,1,,,,,,,,"__::__[]:_______...",,,,"weather-data (1)","weather_data",automation,,,,,16,,0,,,,,,
,,,,"Oct 12 18:39:31 automation systemd[1]: Reached target Graphical Interface.","2024-10-12T18:39:31.000+0000",,,,,,,,,18,12,39,october,31,saturday,2024,local,,,,,,automation,,,,,"weather_index_report",,,,,,,1,,,,,,,,"__::__[]:____.",,,,"weather-data (1)","weather_data",automation,,,,,16,,0,,,,,,
,,,,"Oct 12 18:39:31 automation systemd[1]: Starting Execute cloud user/final scripts...","2024-10-12T18:39:31.000+0000",,,,,,,,,18,12,39,october,31,saturday,2024,local,,,,,,automation,,,,,"weather_index_report",,,,,,,1,,,,,,,,"__::__[]:____/_...",,,,"weather-data (1)","weather_data",automation,,,,,16,,0,,,,,,
,,,,"Oct 12 18:39:31 automation systemd[1]: Reached target Multi-User System.","2024-10-12T18:39:31.000+0000",,,,,,,,,18,12,39,october,31,saturday,2024,local,,,,,,automation,,,,,"weather_index_report",,,,,,,1,,,,,,,,"__::__[]:___-_.",,,,"weather-data (1)","weather_data",automation,,,,,16,,0,,,,,,
,,,,"Oct 12 18:39:31 automation systemd[1]: Started Jenkins Continuous Integration Server.","2024-10-12T18:39:31.000+0000",,,,,,,,,18,12,39,october,31,saturday,2024,local,,,,,,automation,,,,,"weather_index_report",,,,,,,1,,,,,,,,"__::__[]:_____.",,,,"weather-data (1)","weather_data",automation,,,,,16,,0,,,,,,
,,,,"Oct 12 18:39:31 automation jenkins[1132]: 2024-10-12 18:39:31.103+0000 [id=22]#011INFO#011hudson.lifecycle.Lifecycle#onReady: Jenkins is fully up and running","2024-10-12T18:39:31.000+0000",,,,,,,,,18,12,39,october,31,saturday,2024,local,,,,,,automation,22,,,,"weather_index_report",,,,,,,1,,,,,,,,"__::__[]:_--_::.+_[=]##..#:______",,,,"weather-data (1)","weather_data",automation,,,,,16,,0,,,,,,
,,,,"Oct 12 18:39:31 automation systemd[1]: Started Update UTMP about System Runlevel Changes.","2024-10-12T18:39:31.000+0000",,,,,,,,,18,12,39,october,31,saturday,2024,local,,,,,,automation,,,,,"weather_index_report",,,,,,,1,,,,,,,,"__::__[]:_______.",,,,"weather-data (1)","weather_data",automation,,,,,16,,0,,,,,,
,,,,"Oct 12 18:39:31 automation systemd[1]: Starting Update UTMP about System Runlevel Changes...","2024-10-12T18:39:31.000+0000",,,,,,,,,18,12,39,october,31,saturday,2024,local,,,,,,automation,,,,,"weather_index_report",,,,,,,1,,,,,,,,"__::__[]:_______...",,,,"weather-data (1)","weather_data",automation,,,,,16,,0,,,,,,
,,,,"Oct 12 18:39:31 automation systemd[1]: Reached target Graphical Interface.","2024-10-12T18:39:31.000+0000",,,,,,,,,18,12,39,october,31,saturday,2024,local,,,,,,automation,,,,,"weather_index_report",,,,,,,1,,,,,,,,"__::__[]:____.",,,,"weather-data (1)","weather_data",automation,,,,,16,,0,,,,,,
,,,,"Oct 12 18:39:31 automation systemd[1]: Starting Execute cloud user/final scripts...","2024-10-12T18:39:31.000+0000",,,,,,,,,18,12,39,october,31,saturday,2024,local,,,,,,automation,,,,,"weather_index_report",,,,,,,1,,,,,,,,"__::__[]:____/_...",,,,"weather-data (1)","weather_data",automation,,,,,16,,0,,,,,,
,,,,"Oct 12 18:39:31 automation systemd[1]: Reached target Multi-User System.","2024-10-12T18:39:31.000+0000",,,,,,,,,18,12,39,october,31,saturday,2024,local,,,,,,automation,,,,,"weather_index_report",,,,,,,1,,,,,,,,"__::__[]:___-_.",,,,"weather-data (1)","weather_data",automation,,,,,16,,0,,,,,,
,,,,"Oct 12 18:39:31 automation systemd[1]: Started Jenkins Continuous Integration Server.","2024-10-12T18:39:31.000+0000",,,,,,,,,18,12,39,october,31,saturday,2024,local,,,,,,automation,,,,,"weather_index_report",,,,,,,1,,,,,,,,"__::__[]:_____.",,,,"weather-data (1)","weather_data",automation,,,,,16,,0,,,,,,
,,,,"Oct 12 18:39:31 automation jenkins[1132]: 2024-10-12 18:39:31.103+0000 [id=22]#011INFO#011hudson.lifecycle.Lifecycle#onReady: Jenkins is fully up and running","2024-10-12T18:39:31.000+0000",,,,,,,,,18,12,39,october,31,saturday,2024,local,,,,,,automation,22,,,,"weather_index_report",,,,,,,1,,,,,,,,"__::__[]:_--_::.+_[=]##..#:______",,,,"weather-data (1)","weather_data",automation,,,,,16,,0,,,,,,
,,,,"Oct 12 18:39:30 automation jenkins[1132]: 2024-10-12 18:39:30.731+0000 [id=28]#011INFO#011jenkins.InitReactorRunner$1#onAttained: Completed initialization","2024-10-12T18:39:30.000+0000",,,,,,,,,18,12,39,october,30,saturday,2024,local,,,,,,automation,28,,,,"weather_index_report",,,,,,,1,,,,,,,,"__::__[]:_--_::.+_[=]##.$#:__",,,,"weather-data (1)","weather_data",automation,,,,,16,,0,,,,,,
,,,,"Oct 12 18:39:30 automation jenkins[1132]: 2024-10-12 18:39:30.409+0000 [id=47]#011INFO#011hudson.util.Retrier#start: Attempt #1 to do the action check updates server","2024-10-12T18:39:30.000+0000",,,,,,,,,18,12,39,october,30,saturday,2024,local,,,,,,automation,47,,,,"weather_index_report",,,,,,,1,,,,,,,,"__::__[]:_--_::.+_[=]##..#:__#_______",,,,"weather-data (1)","weather_data",automation,,,,,16,,0,,,,,,
,,,,"Oct 12 18:39:30 automation jenkins[1132]: 2024-10-12 18:39:30.252+0000 [id=29]#011INFO#011jenkins.InitReactorRunner$1#onAttained: Configuration for all jobs updated","2024-10-12T18:39:30.000+0000",,,,,,,,,18,12,39,october,30,saturday,2024,local,,,,,,automation,29,,,,"weather_index_report",,,,,,,1,,,,,,,,"__::__[]:_--_::.+_[=]##.$#:_____",,,,"weather-data (1)","weather_data",automation,,,,,16,,0,,,,,,
,,,,"Oct 12 18:39:30 automation jenkins[1132]: 2024-10-12 18:39:30.205+0000 [id=32]#011INFO#011jenkins.InitReactorRunner$1#onAttained: Loaded all jobs","2024-10-12T18:39:30.000+0000",,,,,,,,,18,12,39,october,30,saturday,2024,local,,,,,,automation,32,,,,"weather_index_report",,,,,,,1,,,,,,,,"__::__[]:_--_::.+_[=]##.$#:___",,,,"weather-data (1)","weather_data",automation,,,,,16,,0,,,,,,
,,,,"Oct 12 18:39:30 automation jenkins[1132]: 2024-10-12 18:39:30.150+0000 [id=29]#011INFO#011jenkins.InitReactorRunner$1#onAttained: System config adapted","2024-10-12T18:39:30.000+0000",,,,,,,,,18,12,39,october,30,saturday,2024,local,,,,,,automation,29,,,,"weather_index_report",,,,,,,1,,,,,,,,"__::__[]:_--_::.+_[=]##.$#:___",,,,"weather-data (1)","weather_data",automation,,,,,16,,0,,,,,,
,,,,"Oct 12 18:39:30 automation jenkins[1132]: 2024-10-12 18:39:30.731+0000 [id=28]#011INFO#011jenkins.InitReactorRunner$1#onAttained: Completed initialization","2024-10-12T18:39:30.000+0000",,,,,,,,,18,12,39,october,30,saturday,2024,local,,,,,,automation,28,,,,"weather_index_report",,,,,,,1,,,,,,,,"__::__[]:_--_::.+_[=]##.$#:__",,,,"weather-data (1)","weather_data",automation,,,,,16,,0,,,,,,
,,,,"Oct 12 18:39:30 automation jenkins[1132]: 2024-10-12 18:39:30.409+0000 [id=47]#011INFO#011hudson.util.Retrier#start: Attempt #1 to do the action check updates server","2024-10-12T18:39:30.000+0000",,,,,,,,,18,12,39,october,30,saturday,2024,local,,,,,,automation,47,,,,"weather_index_report",,,,,,,1,,,,,,,,"__::__[]:_--_::.+_[=]##..#:__#_______",,,,"weather-data (1)","weather_data",automation,,,,,16,,0,,,,,,
,,,,"Oct 12 18:39:30 automation jenkins[1132]: 2024-10-12 18:39:30.252+0000 [id=29]#011INFO#011jenkins.InitReactorRunner$1#onAttained: Configuration for all jobs updated","2024-10-12T18:39:30.000+0000",,,,,,,,,18,12,39,october,30,saturday,2024,local,,,,,,automation,29,,,,"weather_index_report",,,,,,,1,,,,,,,,"__::__[]:_--_::.+_[=]##.$#:_____",,,,"weather-data (1)","weather_data",automation,,,,,16,,0,,,,,,
,,,,"Oct 12 18:39:30 automation jenkins[1132]: 2024-10-12 18:39:30.205+0000 [id=32]#011INFO#011jenkins.InitReactorRunner$1#onAttained: Loaded all jobs","2024-10-12T18:39:30.000+0000",,,,,,,,,18,12,39,october,30,saturday,2024,local,,,,,,automation,32,,,,"weather_index_report",,,,,,,1,,,,,,,,"__::__[]:_--_::.+_[=]##.$#:___",,,,"weather-data (1)","weather_data",automation,,,,,16,,0,,,,,,
,,,,"Oct 12 18:39:30 automation jenkins[1132]: 2024-10-12 18:39:30.150+0000 [id=29]#011INFO#011jenkins.InitReactorRunner$1#onAttained: System config adapted","2024-10-12T18:39:30.000+0000",,,,,,,,,18,12,39,october,30,saturday,2024,local,,,,,,automation,29,,,,"weather_index_report",,,,,,,1,,,,,,,,"__::__[]:_--_::.+_[=]##.$#:___",,,,"weather-data (1)","weather_data",automation,,,,,16,,0,,,,,,
,,,,"Oct 12 18:39:29 automation jenkins[1132]: 2024-10-12 18:39:29.792+0000 [id=29]#011INFO#011jenkins.InitReactorRunner$1#onAttained: System config loaded","2024-10-12T18:39:29.000+0000",,,,,,,,,18,12,39,october,29,saturday,2024,local,,,,,,automation,29,,,,"weather_index_report",,,,,,,1,,,,,,,,"__::__[]:_--_::.+_[=]##.$#:___",,,,"weather-data (1)","weather_data",automation,,,,,16,,0,,,,,,
,,,,"Oct 12 18:39:29 automation jenkins[1132]: 2024-10-12 18:39:29.792+0000 [id=29]#011INFO#011jenkins.InitReactorRunner$1#onAttained: System config loaded","2024-10-12T18:39:29.000+0000",,,,,,,,,18,12,39,october,29,saturday,2024,local,,,,,,automation,29,,,,"weather_index_report",,,,,,,1,,,,,,,,"__::__[]:_--_::.+_[=]##.$#:___",,,,"weather-data (1)","weather_data",automation,,,,,16,,0,,,,,,
,,,,"Oct 12 18:39:28 automation jenkins[1132]: 2024-10-12 18:39:28.747+0000 [id=33]#011INFO#011h.p.b.g.GlobalTimeOutConfiguration#load: global timeout not set","2024-10-12T18:39:28.000+0000",,,,,,,,,18,12,39,october,28,saturday,2024,local,,,,,,automation,33,,,,"weather_index_report",,,,,,,1,,,,,,,,"__::__[]:_--_::.+_[=]##....#:____",,,,"weather-data (1)","weather_data",automation,,,,,16,,0,,,,,,
,,,,"Oct 12 18:39:28 automation jenkins[1132]: 2024-10-12 18:39:28.747+0000 [id=33]#011INFO#011h.p.b.g.GlobalTimeOutConfiguration#load: global timeout not set","2024-10-12T18:39:28.000+0000",,,,,,,,,18,12,39,october,28,saturday,2024,local,,,,,,automation,33,,,,"weather_index_report",,,,,,,1,,,,,,,,"__::__[]:_--_::.+_[=]##....#:____",,,,"weather-data (1)","weather_data",automation,,,,,16,,0,,,,,,
,,,,"Oct 12 18:39:26 automation jenkins[1132]: WARNING: All illegal access operations will be denied in a future release","2024-10-12T18:39:26.000+0000",,,,,,,,,18,12,39,october,26,saturday,2024,local,,,,,,automation,,,,,"weather_index_report",,,,,,,1,,,,,,,,"__::__[]:_:___________",,,,"weather-data (1)","weather_data",automation,,,,,16,,0,,,,,,
,,,,"Oct 12 18:39:26 automation jenkins[1132]: WARNING: Use --illegal-access=warn to enable warnings of further illegal reflective access operations","2024-10-12T18:39:26.000+0000",,,,,,,,,18,12,39,october,26,saturday,2024,local,,,,,,automation,,,,warn,"weather_index_report",,,,,,,1,,,,,,,,"__::__[]:_:__---=_________",,,,"weather-data (1)","weather_data",automation,,,,,16,,0,,,,,,
,,,,"Oct 12 18:39:26 automation jenkins[1132]: WARNING: Please consider reporting this to the maintainers of org.codehaus.groovy.vmplugin.v7.Java7$1","2024-10-12T18:39:26.000+0000",,,,,,,,,18,12,39,october,26,saturday,2024,local,,,,,,automation,,,,,"weather_index_report",,,,,,,1,,,,,,,,"__::__[]:_:_________.....$",,,,"weather-data (1)","weather_data",automation,,,,,16,,0,,,,,,
,,,,"Oct 12 18:39:26 automation jenkins[1132]: WARNING: Illegal reflective access by org.codehaus.groovy.vmplugin.v7.Java7$1 (file:/var/cache/jenkins/war/WEB-INF/lib/groovy-all-2.4.21.jar) to constructor java.lang.invoke.MethodHandles$Lookup(java.lang.Class,int)","2024-10-12T18:39:26.000+0000",,,,,,,,,18,12,39,october,26,saturday,2024,local,,,,,,automation,,,,,"weather_index_report",,,,,,,1,,,,,,,,"__::__[]:_:_____.....$_(://///-//--...)___...$(..,",,,,"weather-data (1)","weather_data",automation,,,,,16,,0,,,,,,
,,,,"Oct 12 18:39:26 automation jenkins[1132]: WARNING: An illegal reflective access operation has occurred","2024-10-12T18:39:26.000+0000",,,,,,,,,18,12,39,october,26,saturday,2024,local,,,,,,automation,,,,,"weather_index_report",,,,,,,1,,,,,,,,"__::__[]:_:_______",,,,"weather-data (1)","weather_data",automation,,,,,16,,0,,,,,,
,,,,"Oct 12 18:39:26 automation jenkins[1132]: 2024-10-12 18:39:26.287+0000 [id=32]#011INFO#011jenkins.InitReactorRunner$1#onAttained: Augmented all extensions","2024-10-12T18:39:26.000+0000",,,,,,,,,18,12,39,october,26,saturday,2024,local,,,,,,automation,32,,,,"weather_index_report",,,,,,,1,,,,,,,,"__::__[]:_--_::.+_[=]##.$#:___",,,,"weather-data (1)","weather_data",automation,,,,,16,,0,,,,,,
,,,,"Oct 12 18:39:26 automation jenkins[1132]: 2024-10-12 18:39:26.075+0000 [id=32]#011INFO#011jenkins.InitReactorRunner$1#onAttained: Started all plugins","2024-10-12T18:39:26.000+0000",,,,,,,,,18,12,39,october,26,saturday,2024,local,,,,,,automation,32,,,,"weather_index_report",,,,,,,1,,,,,,,,"__::__[]:_--_::.+_[=]##.$#:___",,,,"weather-data (1)","weather_data",automation,,,,,16,,0,,,,,,
,,,,"Oct 12 18:39:26 automation jenkins[1132]: WARNING: All illegal access operations will be denied in a future release","2024-10-12T18:39:26.000+0000",,,,,,,,,18,12,39,october,26,saturday,2024,local,,,,,,automation,,,,,"weather_index_report",,,,,,,1,,,,,,,,"__::__[]:_:___________",,,,"weather-data (1)","weather_data",automation,,,,,16,,0,,,,,,
,,,,"Oct 12 18:39:26 automation jenkins[1132]: WARNING: Use --illegal-access=warn to enable warnings of further illegal reflective access operations","2024-10-12T18:39:26.000+0000",,,,,,,,,18,12,39,october,26,saturday,2024,local,,,,,,automation,,,,warn,"weather_index_report",,,,,,,1,,,,,,,,"__::__[]:_:__---=_________",,,,"weather-data (1)","weather_data",automation,,,,,16,,0,,,,,,
,,,,"Oct 12 18:39:26 automation jenkins[1132]: WARNING: Please consider reporting this to the maintainers of org.codehaus.groovy.vmplugin.v7.Java7$1","2024-10-12T18:39:26.000+0000",,,,,,,,,18,12,39,october,26,saturday,2024,local,,,,,,automation,,,,,"weather_index_report",,,,,,,1,,,,,,,,"__::__[]:_:_________.....$",,,,"weather-data (1)","weather_data",automation,,,,,16,,0,,,,,,
,,,,"Oct 12 18:39:26 automation jenkins[1132]: WARNING: Illegal reflective access by org.codehaus.groovy.vmplugin.v7.Java7$1 (file:/var/cache/jenkins/war/WEB-INF/lib/groovy-all-2.4.21.jar) to constructor java.lang.invoke.MethodHandles$Lookup(java.lang.Class,int)","2024-10-12T18:39:26.000+0000",,,,,,,,,18,12,39,october,26,saturday,2024,local,,,,,,automation,,,,,"weather_index_report",,,,,,,1,,,,,,,,"__::__[]:_:_____.....$_(://///-//--...)___...$(..,",,,,"weather-data (1)","weather_data",automation,,,,,16,,0,,,,,,
,,,,"Oct 12 18:39:26 automation jenkins[1132]: WARNING: An illegal reflective access operation has occurred","2024-10-12T18:39:26.000+0000",,,,,,,,,18,12,39,october,26,saturday,2024,local,,,,,,automation,,,,,"weather_index_report",,,,,,,1,,,,,,,,"__::__[]:_:_______",,,,"weather-data (1)","weather_data",automation,,,,,16,,0,,,,,,
,,,,"Oct 12 18:39:26 automation jenkins[1132]: 2024-10-12 18:39:26.287+0000 [id=32]#011INFO#011jenkins.InitReactorRunner$1#onAttained: Augmented all extensions","2024-10-12T18:39:26.000+0000",,,,,,,,,18,12,39,october,26,saturday,2024,local,,,,,,automation,32,,,,"weather_index_report",,,,,,,1,,,,,,,,"__::__[]:_--_::.+_[=]##.$#:___",,,,"weather-data (1)","weather_data",automation,,,,,16,,0,,,,,,
,,,,"Oct 12 18:39:26 automation jenkins[1132]: 2024-10-12 18:39:26.075+0000 [id=32]#011INFO#011jenkins.InitReactorRunner$1#onAttained: Started all plugins","2024-10-12T18:39:26.000+0000",,,,,,,,,18,12,39,october,26,saturday,2024,local,,,,,,automation,32,,,,"weather_index_report",,,,,,,1,,,,,,,,"__::__[]:_--_::.+_[=]##.$#:___",,,,"weather-data (1)","weather_data",automation,,,,,16,,0,,,,,,
,,,,"Oct 12 18:39:25 automation jenkins[1132]: 2024-10-12 18:39:25.992+0000 [id=29]#011INFO#011jenkins.InitReactorRunner$1#onAttained: Prepared all plugins","2024-10-12T18:39:25.000+0000",,,,,,,,,18,12,39,october,25,saturday,2024,local,,,,,,automation,29,,,,"weather_index_report",,,,,,,1,,,,,,,,"__::__[]:_--_::.+_[=]##.$#:___",,,,"weather-data (1)","weather_data",automation,,,,,16,,0,,,,,,
,,,,"Oct 12 18:39:25 automation jenkins[1132]: 2024-10-12 18:39:25.992+0000 [id=29]#011INFO#011jenkins.InitReactorRunner$1#onAttained: Prepared all plugins","2024-10-12T18:39:25.000+0000",,,,,,,,,18,12,39,october,25,saturday,2024,local,,,,,,automation,29,,,,"weather_index_report",,,,,,,1,,,,,,,,"__::__[]:_--_::.+_[=]##.$#:___",,,,"weather-data (1)","weather_data",automation,,,,,16,,0,,,,,,
,,,,"Oct 12 18:39:17 automation jenkins[1132]: 2024-10-12 18:39:17.663+0000 [id=32]#011INFO#011jenkins.InitReactorRunner$1#onAttained: Listed all plugins","2024-10-12T18:39:17.000+0000",,,,,,,,,18,12,39,october,17,saturday,2024,local,,,,,,automation,32,,,,"weather_index_report",,,,,,,1,,,,,,,,"__::__[]:_--_::.+_[=]##.$#:___",,,,"weather-data (1)","weather_data",automation,,,,,16,,0,,,,,,
,,,,"Oct 12 18:39:17 automation jenkins[1132]: 2024-10-12 18:39:17.663+0000 [id=32]#011INFO#011jenkins.InitReactorRunner$1#onAttained: Listed all plugins","2024-10-12T18:39:17.000+0000",,,,,,,,,18,12,39,october,17,saturday,2024,local,,,,,,automation,32,,,,"weather_index_report",,,,,,,1,,,,,,,,"__::__[]:_--_::.+_[=]##.$#:___",,,,"weather-data (1)","weather_data",automation,,,,,16,,0,,,,,,
,,,,"Oct 12 18:39:16 automation jenkins[1132]: 2024-10-12 18:39:16.484+0000 [id=29]#011INFO#011jenkins.InitReactorRunner$1#onAttained: Started initialization","2024-10-12T18:39:16.000+0000",,,,,,,,,18,12,39,october,16,saturday,2024,local,,,,,,automation,29,,,,"weather_index_report",,,,,,,1,,,,,,,,"__::__[]:_--_::.+_[=]##.$#:__",,,,"weather-data (1)","weather_data",automation,,,,,16,,0,,,,,,
,,,,"Oct 12 18:39:16 automation jenkins[1132]: 2024-10-12 18:39:16.484+0000 [id=29]#011INFO#011jenkins.InitReactorRunner$1#onAttained: Started initialization","2024-10-12T18:39:16.000+0000",,,,,,,,,18,12,39,october,16,saturday,2024,local,,,,,,automation,29,,,,"weather_index_report",,,,,,,1,,,,,,,,"__::__[]:_--_::.+_[=]##.$#:__",,,,"weather-data (1)","weather_data",automation,,,,,16,,0,,,,,,
,,,,"Oct 12 18:39:15 automation jenkins[1132]: 2024-10-12 18:39:15.592+0000 [id=23]#011INFO#011winstone.Logger#logInternal: Winstone Servlet Engine running: controlPort=disabled","2024-10-12T18:39:15.000+0000",,,,,,,,disabled,18,12,39,october,15,saturday,2024,local,,,,,,automation,23,,,,"weather_index_report",,,,,,,1,,,,,,,,"__::__[]:_--_::.+_[=]##.#:____:_=",,,,"weather-data (1)","weather_data",automation,,,,,16,,0,,,,,,
,,,,"Oct 12 18:39:15 automation jenkins[1132]: 2024-10-12 18:39:15.581+0000 [id=1]#011INFO#011org.eclipse.jetty.server.Server#doStart: Started Server@b7f23d9{STARTING}[10.0.12,sto=0] @23596ms","2024-10-12T18:39:15.000+0000",,,,,,,,,18,12,39,october,15,saturday,2024,local,,,,,,automation,1,,,,"weather_index_report",,,,,,,1,,,,,,,,"__::__[]:_--_::.+_[=]##....#:__@{}[..,=]_@",,,,"weather-data (1)","weather_data",automation,,0,,,16,,0,,,,,,
,,,,"Oct 12 18:39:15 automation jenkins[1132]: 2024-10-12 18:39:15.439+0000 [id=1]#011INFO#011o.e.j.server.AbstractConnector#doStart: Started ServerConnector@517cd4b{HTTP/1.1, (http/1.1)}{0.0.0.0:8080}","2024-10-12T18:39:15.000+0000",,,,,,,,,18,12,39,october,15,saturday,2024,local,,,,,,automation,1,,,,"weather_index_report",,,,,,,1,,,,,,,,"__::__[]:_--_::.+_[=]##....#:__@{/.,_(/.)}{...:}",,,,"weather-data (1)","weather_data",automation,,,,,16,,0,,,,,,
,,,,"Oct 12 18:39:15 automation jenkins[1132]: 2024-10-12 18:39:15.385+0000 [id=1]#011INFO#011o.e.j.s.handler.ContextHandler#doStart: Started w.@42a9a63e{Jenkins v2.375.3,/,file:///var/cache/jenkins/war/,AVAILABLE}{/var/cache/jenkins/war}","2024-10-12T18:39:15.000+0000",,,,,,,,,18,12,39,october,15,saturday,2024,local,,,,,,automation,1,,,,"weather_index_report",,,,,,,1,,,,,,,,"__::__[]:_--_::.+_[=]##.....#:__.@{_..,/,:///////,",,,,"weather-data (1)","weather_data",automation,,,,,16,,0,,,,,,
,,,,"Oct 12 18:39:15 automation jenkins[1132]: 2024-10-12 18:39:15.592+0000 [id=23]#011INFO#011winstone.Logger#logInternal: Winstone Servlet Engine running: controlPort=disabled","2024-10-12T18:39:15.000+0000",,,,,,,,disabled,18,12,39,october,15,saturday,2024,local,,,,,,automation,23,,,,"weather_index_report",,,,,,,1,,,,,,,,"__::__[]:_--_::.+_[=]##.#:____:_=",,,,"weather-data (1)","weather_data",automation,,,,,16,,0,,,,,,
,,,,"Oct 12 18:39:15 automation jenkins[1132]: 2024-10-12 18:39:15.581+0000 [id=1]#011INFO#011org.eclipse.jetty.server.Server#doStart: Started Server@b7f23d9{STARTING}[10.0.12,sto=0] @23596ms","2024-10-12T18:39:15.000+0000",,,,,,,,,18,12,39,october,15,saturday,2024,local,,,,,,automation,1,,,,"weather_index_report",,,,,,,1,,,,,,,,"__::__[]:_--_::.+_[=]##....#:__@{}[..,=]_@",,,,"weather-data (1)","weather_data",automation,,0,,,16,,0,,,,,,
,,,,"Oct 12 18:39:15 automation jenkins[1132]: 2024-10-12 18:39:15.439+0000 [id=1]#011INFO#011o.e.j.server.AbstractConnector#doStart: Started ServerConnector@517cd4b{HTTP/1.1, (http/1.1)}{0.0.0.0:8080}","2024-10-12T18:39:15.000+0000",,,,,,,,,18,12,39,october,15,saturday,2024,local,,,,,,automation,1,,,,"weather_index_report",,,,,,,1,,,,,,,,"__::__[]:_--_::.+_[=]##....#:__@{/.,_(/.)}{...:}",,,,"weather-data (1)","weather_data",automation,,,,,16,,0,,,,,,
,,,,"Oct 12 18:39:15 automation jenkins[1132]: 2024-10-12 18:39:15.385+0000 [id=1]#011INFO#011o.e.j.s.handler.ContextHandler#doStart: Started w.@42a9a63e{Jenkins v2.375.3,/,file:///var/cache/jenkins/war/,AVAILABLE}{/var/cache/jenkins/war}","2024-10-12T18:39:15.000+0000",,,,,,,,,18,12,39,october,15,saturday,2024,local,,,,,,automation,1,,,,"weather_index_report",,,,,,,1,,,,,,,,"__::__[]:_--_::.+_[=]##.....#:__.@{_..,/,:///////,",,,,"weather-data (1)","weather_data",automation,,,,,16,,0,,,,,,
,,,,"Oct 12 18:39:14 automation jenkins[1132]: 2024-10-12 18:39:14.318+0000 [id=1]#011INFO#011hudson.WebAppMain#contextInitialized: Jenkins home directory: /var/lib/jenkins found at: EnvVars.masterEnvVars.get(""JENKINS_HOME"")","2024-10-12T18:39:14.000+0000",,,,,,,,,18,12,39,october,14,saturday,2024,local,,,,,,automation,1,,,,"weather_index_report",,,,,,,1,,,,,,,,"__::__[]:_--_::.+_[=]##.#:___:_///__:_..("""")",,,,"weather-data (1)","weather_data",automation,,,,,16,,0,,,,,,
,,,,"Oct 12 18:39:14 automation jenkins[1132]: 2024-10-12 18:39:14.318+0000 [id=1]#011INFO#011hudson.WebAppMain#contextInitialized: Jenkins home directory: /var/lib/jenkins found at: EnvVars.masterEnvVars.get(""JENKINS_HOME"")","2024-10-12T18:39:14.000+0000",,,,,,,,,18,12,39,october,14,saturday,2024,local,,,,,,automation,1,,,,"weather_index_report",,,,,,,1,,,,,,,,"__::__[]:_--_::.+_[=]##.#:___:_///__:_..("""")",,,,"weather-data (1)","weather_data",automation,,,,,16,,0,,,,,,
,,,,"Oct 12 18:39:10 automation systemd-timesyncd[744]: Synchronized to time server [2620:2d:4000:1::41]:123 (ntp.ubuntu.com).","2024-10-12T18:39:10.000+0000",,,,,,,,,18,12,39,october,10,saturday,2024,local,,,,,,automation,,,,,"weather_index_report",,,,,,,1,,,,,,,,"__::__-[]:_____[:::::]:_(..).",,,,"weather-data (1)","weather_data",automation,,,,,16,,0,,,,,,
,,,,"Oct 12 18:39:10 automation systemd-timesyncd[744]: Synchronized to time server [2620:2d:4000:1::41]:123 (ntp.ubuntu.com).","2024-10-12T18:39:10.000+0000",,,,,,,,,18,12,39,october,10,saturday,2024,local,,,,,,automation,,,,,"weather_index_report",,,,,,,1,,,,,,,,"__::__-[]:_____[:::::]:_(..).",,,,"weather-data (1)","weather_data",automation,,,,,16,,0,,,,,,
,,,,"Oct 12 18:39:08 automation jenkins[1132]: 2024-10-12 18:39:08.492+0000 [id=1]#011INFO#011o.e.j.s.s.DefaultSessionIdManager#doStart: Session workerName=node0","2024-10-12T18:39:08.000+0000",,,,,,,,,18,12,39,october,8,saturday,2024,local,,,,,,automation,1,,,,"weather_index_report",,,,,,,1,,,,,,,,"__::__[]:_--_::.+_[=]##.....#:__=",,,,"weather-data (1)","weather_data",automation,,,,,16,,0,,,,node0,,
,,,,"Oct 12 18:39:08 automation jenkins[1132]: 2024-10-12 18:39:08.492+0000 [id=1]#011INFO#011o.e.j.s.s.DefaultSessionIdManager#doStart: Session workerName=node0","2024-10-12T18:39:08.000+0000",,,,,,,,,18,12,39,october,8,saturday,2024,local,,,,,,automation,1,,,,"weather_index_report",,,,,,,1,,,,,,,,"__::__[]:_--_::.+_[=]##.....#:__=",,,,"weather-data (1)","weather_data",automation,,,,,16,,0,,,,node0,,
,,,,"Oct 12 18:39:07 automation jenkins[1132]: 2024-10-12 18:39:07.900+0000 [id=1]#011INFO#011o.e.j.w.StandardDescriptorProcessor#visitServlet: NO JSP Support for /, did not find org.eclipse.jetty.jsp.JettyJspServlet","2024-10-12T18:39:07.000+0000",,,,,,,,,18,12,39,october,7,saturday,2024,local,,,,,,automation,1,,,,"weather_index_report",,,,,,,1,,,,,,,,"__::__[]:_--_::.+_[=]##....#:_____/,____....",,,,"weather-data (1)","weather_data",automation,,,,,16,,0,,,,,,
,,,,"Oct 12 18:39:07 automation jenkins[1132]: 2024-10-12 18:39:07.900+0000 [id=1]#011INFO#011o.e.j.w.StandardDescriptorProcessor#visitServlet: NO JSP Support for /, did not find org.eclipse.jetty.jsp.JettyJspServlet","2024-10-12T18:39:07.000+0000",,,,,,,,,18,12,39,october,7,saturday,2024,local,,,,,,automation,1,,,,"weather_index_report",,,,,,,1,,,,,,,,"__::__[]:_--_::.+_[=]##....#:_____/,____....",,,,"weather-data (1)","weather_data",automation,,,,,16,,0,,,,,,
,,,,"Oct 12 18:39:05 automation snapd[1256]: daemon stop requested to wait for socket activation","2024-10-12T18:39:05.000+0000",,,,,,,,,18,12,39,october,5,saturday,2024,local,,,,,,automation,,,,,"weather_index_report",,,,,,,1,,,,,,,,"__::__[]:________",,,,"weather-data (1)","weather_data",automation,,,,,16,,0,,,,,,
,,,,"Oct 12 18:39:05 automation snapd[1256]: overlord.go:512: Released state lock file","2024-10-12T18:39:05.000+0000",,,,,,,,,18,12,39,october,5,saturday,2024,local,,,,,,automation,,,,,"weather_index_report",,,,,,,1,,,,,,,,"__::__[]:_.::____",,,,"weather-data (1)","weather_data",automation,,,,,16,,0,,,,,,
,,,,"Oct 12 18:39:05 automation snapd[1256]: daemon.go:523: done waiting for running hooks","2024-10-12T18:39:05.000+0000",,,,,,,,,18,12,39,october,5,saturday,2024,local,,,,,,automation,,,,,"weather_index_report",,,,,,,1,,,,,,,,"__::__[]:_.::_____",,,,"weather-data (1)","weather_data",automation,,,,,16,,0,,,,,,
,,,,"Oct 12 18:39:05 automation snapd[1256]: daemon.go:521: gracefully waiting for running hooks","2024-10-12T18:39:05.000+0000",,,,,,,,,18,12,39,october,5,saturday,2024,local,,,,,,automation,,,,,"weather_index_report",,,,,,,1,,,,,,,,"__::__[]:_.::_____",,,,"weather-data (1)","weather_data",automation,,,,,16,,0,,,,,,
,,,,"Oct 12 18:39:05 automation snapd[1256]: daemon stop requested to wait for socket activation","2024-10-12T18:39:05.000+0000",,,,,,,,,18,12,39,october,5,saturday,2024,local,,,,,,automation,,,,,"weather_index_report",,,,,,,1,,,,,,,,"__::__[]:________",,,,"weather-data (1)","weather_data",automation,,,,,16,,0,,,,,,
,,,,"Oct 12 18:39:05 automation snapd[1256]: overlord.go:512: Released state lock file","2024-10-12T18:39:05.000+0000",,,,,,,,,18,12,39,october,5,saturday,2024,local,,,,,,automation,,,,,"weather_index_report",,,,,,,1,,,,,,,,"__::__[]:_.::____",,,,"weather-data (1)","weather_data",automation,,,,,16,,0,,,,,,
,,,,"Oct 12 18:39:05 automation snapd[1256]: daemon.go:523: done waiting for running hooks","2024-10-12T18:39:05.000+0000",,,,,,,,,18,12,39,october,5,saturday,2024,local,,,,,,automation,,,,,"weather_index_report",,,,,,,1,,,,,,,,"__::__[]:_.::_____",,,,"weather-data (1)","weather_data",automation,,,,,16,,0,,,,,,
,,,,"Oct 12 18:39:05 automation snapd[1256]: daemon.go:521: gracefully waiting for running hooks","2024-10-12T18:39:05.000+0000",,,,,,,,,18,12,39,october,5,saturday,2024,local,,,,,,automation,,,,,"weather_index_report",,,,,,,1,,,,,,,,"__::__[]:_.::_____",,,,"weather-data (1)","weather_data",automation,,,,,16,,0,,,,,,
,,,,"Oct 12 18:39:01 automation splunk[1404]: 2024-10-12 18:39:01.032 +0000 splunkd started (build de405f4a7979) pid=1404","2024-10-12T18:39:01.000+0000",,,,,,,,,18,12,39,october,1,saturday,2024,local,,,,,,automation,,,,,"weather_index_report",,,,,,,1,,,,,,1404,,"__::__[]:_--_::._+___(_)_=",,,,"weather-data (1)","weather_data",automation,,,,,16,,0,,,,,,
,,,,"Oct 12 18:39:01 automation splunk[1404]: 2024-10-12 18:39:01.032 +0000 splunkd started (build de405f4a7979) pid=1404","2024-10-12T18:39:01.000+0000",,,,,,,,,18,12,39,october,1,saturday,2024,local,,,,,,automation,,,,,"weather_index_report",,,,,,,1,,,,,,1404,,"__::__[]:_--_::._+___(_)_=",,,,"weather-data (1)","weather_data",automation,,,,,16,,0,,,,,,
,,,,"Oct 12 18:39:00 automation splunk[1404]: PYTHONHTTPSVERIFY is set to 0 in splunk-launch.conf disabling certificate validation for the httplib and urllib libraries shipped with the embedded Python interpreter; must be set to ""1"" for increased security","2024-10-12T18:39:00.000+0000",,,,,,,,,18,12,39,october,0,saturday,2024,local,,,,,,automation,,,,,"weather_index_report",,,,,,,1,,,,,,,,"__::__[]:_______-._______________;_____""""___",,,,"weather-data (1)","weather_data",automation,,,,,16,,0,,,,,,
,,,,"Oct 12 18:39:00 automation jenkins[1132]: 2024-10-12 18:39:00.664+0000 [id=1]#011INFO#011org.eclipse.jetty.server.Server#doStart: jetty-10.0.12; built: 2022-09-14T01:54:40.076Z; git: 408d0139887e27a57b54ed52e2d92a36731a7e88; jvm 11.0.19+7-post-Ubuntu-0ubuntu118.04.1","2024-10-12T18:39:00.000+0000",,,,,,,,,18,12,39,october,0,saturday,2024,local,,,,,,automation,1,,,,"weather_index_report",,,,,,,1,,,,,,,,"__::__[]:_--_::.+_[=]##....#:_-..;_:_--::.;_:_;__.",,,,"weather-data (1)","weather_data",automation,,,,,16,,0,,,,,,
,,,,"Oct 12 18:39:00 automation jenkins[1132]: 2024-10-12 18:38:59.816+0000 [id=1]#011WARNING#011o.e.j.s.handler.ContextHandler#setContextPath: Empty contextPath","2024-10-12T18:39:00.000+0000",,,,,,,,,18,12,39,october,0,saturday,2024,local,,,,,,automation,1,,,,"weather_index_report",,,,,,,1,,,,,,,,"__::__[]:_--_::.+_[=]##.....#:__",,,,"weather-data (1)","weather_data",automation,,,,,16,,0,,,,,,
,,,,"Oct 12 18:39:00 automation splunk[1404]: PYTHONHTTPSVERIFY is set to 0 in splunk-launch.conf disabling certificate validation for the httplib and urllib libraries shipped with the embedded Python interpreter; must be set to ""1"" for increased security","2024-10-12T18:39:00.000+0000",,,,,,,,,18,12,39,october,0,saturday,2024,local,,,,,,automation,,,,,"weather_index_report",,,,,,,1,,,,,,,,"__::__[]:_______-._______________;_____""""___",,,,"weather-data (1)","weather_data",automation,,,,,16,,0,,,,,,
,,,,"Oct 12 18:39:00 automation jenkins[1132]: 2024-10-12 18:39:00.664+0000 [id=1]#011INFO#011org.eclipse.jetty.server.Server#doStart: jetty-10.0.12; built: 2022-09-14T01:54:40.076Z; git: 408d0139887e27a57b54ed52e2d92a36731a7e88; jvm 11.0.19+7-post-Ubuntu-0ubuntu118.04.1","2024-10-12T18:39:00.000+0000",,,,,,,,,18,12,39,october,0,saturday,2024,local,,,,,,automation,1,,,,"weather_index_report",,,,,,,1,,,,,,,,"__::__[]:_--_::.+_[=]##....#:_-..;_:_--::.;_:_;__.",,,,"weather-data (1)","weather_data",automation,,,,,16,,0,,,,,,
,,,,"Oct 12 18:39:00 automation jenkins[1132]: 2024-10-12 18:38:59.816+0000 [id=1]#011WARNING#011o.e.j.s.handler.ContextHandler#setContextPath: Empty contextPath","2024-10-12T18:39:00.000+0000",,,,,,,,,18,12,39,october,0,saturday,2024,local,,,,,,automation,1,,,,"weather_index_report",,,,,,,1,,,,,,,,"__::__[]:_--_::.+_[=]##.....#:__",,,,"weather-data (1)","weather_data",automation,,,,,16,,0,,,,,,
,,,,"Oct 12 18:38:59 automation splunk[1404]: #011Validating installed files against hashes from '/opt/splunkforwarder/splunkforwarder-9.0.4-de405f4a7979-linux-2.6-x86_64-manifest'","2024-10-12T18:38:59.000+0000",,,,,,,,,18,12,38,october,59,saturday,2024,local,,,,,,automation,,,,,"weather_index_report",,,,,,,1,,,,,,,,"__::__[]:_#______'///-..---.--'",,,,"weather-data (1)","weather_data",automation,,,,,16,,0,,,,,,
,,,,"Oct 12 18:38:59 automation splunk[1404]: #011Checking default conf files for edits...","2024-10-12T18:38:59.000+0000",,,,,,,,,18,12,38,october,59,saturday,2024,local,,,,,,automation,,,,,"weather_index_report",,,,,,,1,,,,,,,,"__::__[]:_#_____...",,,,"weather-data (1)","weather_data",automation,,,,,16,,0,,,,,,
,,,,"Oct 12 18:38:59 automation splunk[1404]: #011Done","2024-10-12T18:38:59.000+0000",,,,,,,,,18,12,38,october,59,saturday,2024,local,,,,,,automation,,,,,"weather_index_report",,,,,,,1,,,,,,,,"__::__[]:_#",,,,"weather-data (1)","weather_data",automation,,,,,16,,0,,,,,,
,,,,"Oct 12 18:38:59 automation splunk[1404]: #011Checking conf files for problems...","2024-10-12T18:38:59.000+0000",,,,,,,,,18,12,38,october,59,saturday,2024,local,,,,,,automation,,,,,"weather_index_report",,,,,,,1,,,,,,,,"__::__[]:_#____...",,,,"weather-data (1)","weather_data",automation,,,,,16,,0,,,,,,
,,,,"Oct 12 18:38:59 automation splunk[1404]: #011#011Your indexes and inputs configurations are not internally consistent. For more information, run 'splunk btool check --debug'","2024-10-12T18:38:59.000+0000",,,,,,,,,18,12,38,october,59,saturday,2024,local,,,,,,automation,,,,,"weather_index_report",,,,,,,1,,,,,,,,"__::__[]:_##________.___,__'___--'",,,,"weather-data (1)","weather_data",automation,,,,,16,,0,,,,,,
,,,,"Oct 12 18:38:59 automation splunk[1404]: #011#011Invalid key in stanza [webhook] in /opt/splunkforwarder/etc/system/default/alert_actions.conf, line 229: enable_allowlist (value: false).","2024-10-12T18:38:59.000+0000",,,,,,,,,18,12,38,october,59,saturday,2024,local,,,,,,automation,,,,,"weather_index_report",,,,,,,1,,,,,,,,"__::__[]:_##____[]__//////.,__:__(:_).",,,,"weather-data (1)","weather_data",automation,,,,,16,,0,,,,,,
,,,,"Oct 12 18:38:59 automation splunk[1404]: #011Validating installed files against hashes from '/opt/splunkforwarder/splunkforwarder-9.0.4-de405f4a7979-linux-2.6-x86_64-manifest'","2024-10-12T18:38:59.000+0000",,,,,,,,,18,12,38,october,59,saturday,2024,local,,,,,,automation,,,,,"weather_index_report",,,,,,,1,,,,,,,,"__::__[]:_#______'///-..---.--'",,,,"weather-data (1)","weather_data",automation,,,,,16,,0,,,,,,
,,,,"Oct 12 18:38:59 automation splunk[1404]: #011Checking default conf files for edits...","2024-10-12T18:38:59.000+0000",,,,,,,,,18,12,38,october,59,saturday,2024,local,,,,,,automation,,,,,"weather_index_report",,,,,,,1,,,,,,,,"__::__[]:_#_____...",,,,"weather-data (1)","weather_data",automation,,,,,16,,0,,,,,,
,,,,"Oct 12 18:38:59 automation splunk[1404]: #011Done","2024-10-12T18:38:59.000+0000",,,,,,,,,18,12,38,october,59,saturday,2024,local,,,,,,automation,,,,,"weather_index_report",,,,,,,1,,,,,,,,"__::__[]:_#",,,,"weather-data (1)","weather_data",automation,,,,,16,,0,,,,,,
,,,,"Oct 12 18:38:59 automation splunk[1404]: #011Checking conf files for problems...","2024-10-12T18:38:59.000+0000",,,,,,,,,18,12,38,october,59,saturday,2024,local,,,,,,automation,,,,,"weather_index_report",,,,,,,1,,,,,,,,"__::__[]:_#____...",,,,"weather-data (1)","weather_data",automation,,,,,16,,0,,,,,,
,,,,"Oct 12 18:38:59 automation splunk[1404]: #011#011Your indexes and inputs configurations are not internally consistent. For more information, run 'splunk btool check --debug'","2024-10-12T18:38:59.000+0000",,,,,,,,,18,12,38,october,59,saturday,2024,local,,,,,,automation,,,,,"weather_index_report",,,,,,,1,,,,,,,,"__::__[]:_##________.___,__'___--'",,,,"weather-data (1)","weather_data",automation,,,,,16,,0,,,,,,
,,,,"Oct 12 18:38:59 automation splunk[1404]: #011#011Invalid key in stanza [webhook] in /opt/splunkforwarder/etc/system/default/alert_actions.conf, line 229: enable_allowlist (value: false).","2024-10-12T18:38:59.000+0000",,,,,,,,,18,12,38,october,59,saturday,2024,local,,,,,,automation,,,,,"weather_index_report",,,,,,,1,,,,,,,,"__::__[]:_##____[]__//////.,__:__(:_).",,,,"weather-data (1)","weather_data",automation,,,,,16,,0,,,,,,
,,,,"Oct 12 18:38:58 automation jenkins[1132]: 2024-10-12 18:38:58.595+0000 [id=1]#011INFO#011winstone.Logger#logInternal: Beginning extraction from war file","2024-10-12T18:38:58.000+0000",,,,,,,,,18,12,38,october,58,saturday,2024,local,,,,,,automation,1,,,,"weather_index_report",,,,,,,1,,,,,,,,"__::__[]:_--_::.+_[=]##.#:_____",,,,"weather-data (1)","weather_data",automation,,,,,16,,0,,,,,,
,,,,"Oct 12 18:38:58 automation jenkins[1132]: 2024-10-12 18:38:58.595+0000 [id=1]#011INFO#011winstone.Logger#logInternal: Beginning extraction from war file","2024-10-12T18:38:58.000+0000",,,,,,,,,18,12,38,october,58,saturday,2024,local,,,,,,automation,1,,,,"weather_index_report",,,,,,,1,,,,,,,,"__::__[]:_--_::.+_[=]##.#:_____",,,,"weather-data (1)","weather_data",automation,,,,,16,,0,,,,,,
,,,,"Oct 12 18:38:57 automation splunk[1404]: #011Checking mgmt port [8025]: open","2024-10-12T18:38:57.000+0000",,,,,,,,,18,12,38,october,57,saturday,2024,local,,,,,,automation,,,,,"weather_index_report",,,,,,,1,,,,,,,,"__::__[]:_#___[]:_",,,,"weather-data (1)","weather_data",automation,,,,,16,,0,,,,,,
,,,,"Oct 12 18:38:57 automation splunk[1404]: #011Checking mgmt port [8025]: open","2024-10-12T18:38:57.000+0000",,,,,,,,,18,12,38,october,57,saturday,2024,local,,,,,,automation,,,,,"weather_index_report",,,,,,,1,,,,,,,,"__::__[]:_#___[]:_",,,,"weather-data (1)","weather_data",automation,,,,,16,,0,,,,,,
,,,,"Oct 12 18:38:56 automation jenkins[1132]: Running from: /usr/share/java/jenkins.war","2024-10-12T18:38:56.000+0000",,,,,,,,,18,12,38,october,56,saturday,2024,local,,,,,,automation,,,,,"weather_index_report",,,,,,,1,,,,,,,,"__::__[]:__:_////.",,,,"weather-data (1)","weather_data",automation,,,,,16,,0,,,,,,
,,,,"Oct 12 18:38:56 automation jenkins[1132]: Running from: /usr/share/java/jenkins.war","2024-10-12T18:38:56.000+0000",,,,,,,,,18,12,38,october,56,saturday,2024,local,,,,,,automation,,,,,"weather_index_report",,,,,,,1,,,,,,,,"__::__[]:__:_////.",,,,"weather-data (1)","weather_data",automation,,,,,16,,0,,,,,,
,,,,"Oct 12 18:38:52 automation systemd[1]: Started Apply the settings specified in cloud-config.","2024-10-12T18:38:52.000+0000",,,,,,,,,18,12,38,october,52,saturday,2024,local,,,,,,automation,,,,,"weather_index_report",,,,,,,1,,,,,,,,"__::__[]:_______-.",,,,"weather-data (1)","weather_data",automation,,,,,16,,0,,,,,,
,,,,"Oct 12 18:38:52 automation cloud-init[1635]: Cloud-init v. 23.1.2-0ubuntu0~18.04.1 running 'modules:config' at Sat, 12 Oct 2024 18:38:51 +0000. Up 38.50 seconds.","2024-10-12T18:38:52.000+0000",,,,,,,,,18,12,38,october,52,saturday,2024,local,,,,,,automation,,,,,"weather_index_report",,,,,,,1,,,,,,,,"__::__-[]:_-_._..-..__':'__,____::_+.__._.",,,,"weather-data (1)","weather_data",automation,,,,,127,,7,,,,,,
,,,,"Oct 12 18:38:52 automation systemd[1]: Started Apply the settings specified in cloud-config.","2024-10-12T18:38:52.000+0000",,,,,,,,,18,12,38,october,52,saturday,2024,local,,,,,,automation,,,,,"weather_index_report",,,,,,,1,,,,,,,,"__::__[]:_______-.",,,,"weather-data (1)","weather_data",automation,,,,,16,,0,,,,,,
,,,,"Oct 12 18:38:52 automation cloud-init[1635]: Cloud-init v. 23.1.2-0ubuntu0~18.04.1 running 'modules:config' at Sat, 12 Oct 2024 18:38:51 +0000. Up 38.50 seconds.","2024-10-12T18:38:52.000+0000",,,,,,,,,18,12,38,october,52,saturday,2024,local,,,,,,automation,,,,,"weather_index_report",,,,,,,1,,,,,,,,"__::__-[]:_-_._..-..__':'__,____::_+.__._.",,,,"weather-data (1)","weather_data",automation,,,,,127,,7,,,,,,
,,,,"Oct 12 18:38:41 automation cloud-init[968]: Cloud-init v. 23.1.2-0ubuntu0~18.04.1 running 'init' at Sat, 12 Oct 2024 18:38:38 +0000. Up 25.54 seconds.
Oct 12 18:38:41 automation cloud-init[968]: ci-info: +++++++++++++++++++++++++++++++++++++++++++++Net device info+++++++++++++++++++++++++++++++++++++++++++++
Oct 12 18:38:41 automation cloud-init[968]: ci-info: +--------+------+------------------------------------------+---------------+--------+-------------------+
Oct 12 18:38:41 automation cloud-init[968]: ci-info: | Device |  Up  |                 Address                  |      Mask     | Scope  |     Hw-Address    |
Oct 12 18:38:41 automation cloud-init[968]: ci-info: +--------+------+------------------------------------------+---------------+--------+-------------------+
Oct 12 18:38:41 automation cloud-init[968]: ci-info: | enp0s3 | True |               192.168.0.32               | 255.255.255.0 | global | 08:00:27:9f:cb:cc |
Oct 12 18:38:41 automation cloud-init[968]: ci-info: | enp0s3 | True | 2601:240:4d02:b5f0:a00:27ff:fe9f:cbcc/64 |       .       | global | 08:00:27:9f:cb:cc |
Oct 12 18:38:41 automation cloud-init[968]: ci-info: | enp0s3 | True |       fe80::a00:27ff:fe9f:cbcc/64        |       .       |  link  | 08:00:27:9f:cb:cc |
Oct 12 18:38:41 automation cloud-init[968]: ci-info: |   lo   | True |                127.0.0.1                 |   255.0.0.0   |  host  |         .         |
Oct 12 18:38:41 automation cloud-init[968]: ci-info: |   lo   | True |                 ::1/128                  |       .       |  host  |         .         |
Oct 12 18:38:41 automation cloud-init[968]: ci-info: +--------+------+------------------------------------------+---------------+--------+-------------------+
Oct 12 18:38:41 automation cloud-init[968]: ci-info: ++++++++++++++++++++++++++++++Route IPv4 info++++++++++++++++++++++++++++++
Oct 12 18:38:41 automation cloud-init[968]: ci-info: +-------+-------------+-------------+-----------------+-----------+-------+
Oct 12 18:38:41 automation cloud-init[968]: ci-info: | Route | Destination |   Gateway   |     Genmask     | Interface | Flags |
Oct 12 18:38:41 automation cloud-init[968]: ci-info: +-------+-------------+-------------+-----------------+-----------+-------+
Oct 12 18:38:41 automation cloud-init[968]: ci-info: |   0   |   0.0.0.0   | 192.168.0.1 |     0.0.0.0     |   enp0s3  |   UG  |
Oct 12 18:38:41 automation cloud-init[968]: ci-info: |   1   | 192.168.0.0 |   0.0.0.0   |  255.255.255.0  |   enp0s3  |   U   |
Oct 12 18:38:41 automation cloud-init[968]: ci-info: |   2   | 192.168.0.1 |   0.0.0.0   | 255.255.255.255 |   enp0s3  |   UH  |
Oct 12 18:38:41 automation cloud-init[968]: ci-info: +-------+-------------+-------------+-----------------+-----------+-------+
Oct 12 18:38:41 automation cloud-init[968]: ci-info: ++++++++++++++++++++++++++++++++++Route IPv6 info++++++++++++++++++++++++++++++++++
Oct 12 18:38:41 automation cloud-init[968]: ci-info: +-------+-------------------------+---------------------------+-----------+-------+
Oct 12 18:38:41 automation cloud-init[968]: ci-info: | Route |       Destination       |          Gateway          | Interface | Flags |
Oct 12 18:38:41 automation cloud-init[968]: ci-info: +-------+-------------------------+---------------------------+-----------+-------+
Oct 12 18:38:41 automation cloud-init[968]: ci-info: |   1   | 2601:240:4d02:b5f0::/64 |             ::            |   enp0s3  |   U   |
Oct 12 18:38:41 automation cloud-init[968]: ci-info: |   2   |        fe80::/64        |             ::            |   enp0s3  |   U   |
Oct 12 18:38:41 automation cloud-init[968]: ci-info: |   3   |           ::/0          | fe80::7254:25ff:fe2e:fa09 |   enp0s3  |   UG  |
Oct 12 18:38:41 automation cloud-init[968]: ci-info: |   5   |          local          |             ::            |   enp0s3  |   U   |
Oct 12 18:38:41 automation cloud-init[968]: ci-info: |   6   |          local          |             ::            |   enp0s3  |   U   |
Oct 12 18:38:41 automation cloud-init[968]: ci-info: |   7   |         ff00::/8        |             ::            |   enp0s3  |   U   |
Oct 12 18:38:41 automation cloud-init[968]: ci-info: +-------+-------------------------+---------------------------+-----------+-------+
Oct 12 18:38:41 automation systemd[1]: Started Initial cloud-init job (metadata service crawler).
Oct 12 18:38:41 automation systemd[1]: Reached target System Initialization.
Oct 12 18:38:41 automation systemd[1]: Listening on cloud-init hotplug hook socket.
Oct 12 18:38:41 automation systemd[1]: Starting LXD - unix socket.
Oct 12 18:38:41 automation systemd[1]: Started Message of the Day.
Oct 12 18:38:41 automation systemd[1]: Started Ubuntu Advantage Timer for running repeated jobs.
Oct 12 18:38:41 automation systemd[1]: Started Daily apt download activities.
Oct 12 18:38:41 automation systemd[1]: Listening on UUID daemon activation socket.
Oct 12 18:38:41 automation systemd[1]: Listening on Open-iSCSI iscsid Socket.
Oct 12 18:38:41 automation systemd[1]: Started ACPI Events Check.
Oct 12 18:38:41 automation systemd[1]: Reached target Paths.
Oct 12 18:38:41 automation systemd[1]: Listening on D-Bus System Message Bus Socket.
Oct 12 18:38:41 automation systemd[1]: Started Daily Cleanup of Temporary Directories.
Oct 12 18:38:41 automation systemd[1]: Started Discard unused blocks once a week.
Oct 12 18:38:41 automation systemd[1]: Starting Socket activation for snappy daemon.
Oct 12 18:38:41 automation systemd[1]: Started Daily apt upgrade and clean activities.
Oct 12 18:38:41 automation systemd[1]: Reached target Timers.
Oct 12 18:38:41 automation systemd[1]: Listening on ACPID Listen Socket.
Oct 12 18:38:41 automation systemd[1]: Reached target Cloud-config availability.
Oct 12 18:38:41 automation systemd[1]: Reached target Network is Online.
Oct 12 18:38:41 automation systemd[1]: Reached target Remote File Systems (Pre).
Oct 12 18:38:41 automation systemd[1]: Reached target Remote File Systems.
Oct 12 18:38:41 automation systemd[1]: Starting Availability of block devices...
Oct 12 18:38:41 automation systemd[1]: Listening on LXD - unix socket.
Oct 12 18:38:41 automation systemd[1]: Listening on Socket activation for snappy daemon.
Oct 12 18:38:41 automation systemd[1]: Reached target Sockets.
Oct 12 18:38:41 automation systemd[1]: Reached target Basic System.
Oct 12 18:38:41 automation systemd[1]: Reached target Login Prompts (Pre).
Oct 12 18:38:41 automation systemd[1]: Starting Message of the Day...
Oct 12 18:38:41 automation systemd[1]: Starting Resets System Activity Data Collector...
Oct 12 18:38:41 automation systemd[1]: Starting Thermal Daemon Service...
Oct 12 18:38:41 automation systemd[1]: Started FUSE filesystem for LXC.
Oct 12 18:38:41 automation systemd[1]: Starting LSB: automatic crash report generation...
Oct 12 18:38:41 automation systemd[1]: Started D-Bus System Message Bus.
Oct 12 18:38:41 automation lxcfs[1043]: mount namespace: 5
Oct 12 18:38:41 automation lxcfs[1043]: hierarchies:
Oct 12 18:38:41 automation lxcfs[1043]:   0: fd:   6: devices
Oct 12 18:38:41 automation lxcfs[1043]:   1: fd:   7: memory
Oct 12 18:38:41 automation lxcfs[1043]:   2: fd:   8: perf_event
Oct 12 18:38:41 automation lxcfs[1043]:   3: fd:   9: freezer
Oct 12 18:38:41 automation lxcfs[1043]:   4: fd:  10: blkio
Oct 12 18:38:41 automation lxcfs[1043]:   5: fd:  11: cpu,cpuacct
Oct 12 18:38:41 automation lxcfs[1043]:   6: fd:  12: pids
Oct 12 18:38:41 automation lxcfs[1043]:   7: fd:  13: net_cls,net_prio
Oct 12 18:38:41 automation lxcfs[1043]:   8: fd:  14: cpuset
Oct 12 18:38:41 automation lxcfs[1043]:   9: fd:  15: hugetlb
Oct 12 18:38:41 automation lxcfs[1043]:  10: fd:  16: rdma
Oct 12 18:38:41 automation lxcfs[1043]:  11: fd:  17: name=systemd
Oct 12 18:38:41 automation lxcfs[1043]:  12: fd:  18: unified
Oct 12 18:38:41 automation dbus-daemon[1045]: dbus[1045]: Unknown group ""power"" in message bus configuration file
Oct 12 18:38:41 automation dbus-daemon[1045]: [system] AppArmor D-Bus mediation is enabled
Oct 12 18:38:41 automation dbus-daemon[1045]: [system] Activating via systemd: service name='org.freedesktop.hostname1' unit='dbus-org.freedesktop.hostname1.service' requested by ':1.2' (uid=100 pid=915 comm=""/lib/systemd/systemd-networkd "" label=""unconfined"")
Oct 12 18:38:41 automation systemd[1]: Started Monitoring system and forwarder.
Oct 12 18:38:41 automation systemd[1]: Starting System Logging Service...
Oct 12 18:38:41 automation systemd[1]: Starting LSB: Record successful boot for GRUB...
Oct 12 18:38:41 automation systemd[1]: Starting Login Service...
Oct 12 18:38:41 automation systemd[1]: Starting Permit User Sessions...
Oct 12 18:38:41 automation systemd[1]: Starting Dispatcher daemon for systemd-networkd...
Oct 12 18:38:41 automation systemd[1]: Starting Accounts Service...
Oct 12 18:38:41 automation systemd[1]: Starting Jenkins Continuous Integration Server...
Oct 12 18:38:41 automation thermald[1028]: NO RAPL sysfs present
Oct 12 18:38:41 automation thermald[1028]: 22 CPUID levels; family:model:stepping 0x6:7e:5 (6:126:5)
Oct 12 18:38:41 automation thermald[1028]:  Need Linux PowerCap sysfs
Oct 12 18:38:41 automation systemd[1]: Started Regular background program processing daemon.
Oct 12 18:38:41 automation systemd[1]: Started irqbalance daemon.
Oct 12 18:38:41 automation systemd[1]: Started Deferred execution scheduler.
Oct 12 18:38:41 automation systemd[1]: Starting Discard unused blocks...
Oct 12 18:38:41 automation cron[1188]: (CRON) INFO (pidfile fd = 3)
Oct 12 18:38:41 automation systemd[1]: Starting OpenBSD Secure Shell server...
Oct 12 18:38:41 automation systemd[1]: Starting Systemd service file for Splunk, generated by 'splunk enable boot-start'...
Oct 12 18:38:41 automation systemd[1]: Starting Snap Daemon...
Oct 12 18:38:41 automation systemd[1]: Starting LXD - container startup/shutdown...
Oct 12 18:38:41 automation systemd[1]: Started Availability of block devices.
Oct 12 18:38:41 automation systemd[1]: Started Resets System Activity Data Collector.
Oct 12 18:38:41 automation systemd[1]: Started Permit User Sessions.
Oct 12 18:38:41 automation apport[1044]:  * Starting automatic crash report generation: apport
Oct 12 18:38:41 automation grub-common[1114]:  * Recording successful boot for GRUB
Oct 12 18:38:41 automation thermald[1028]: Unsupported cpu model, use thermal-conf.xml file or run with --ignore-cpuid-check
Oct 12 18:38:41 automation thermald[1028]: THD engine start failed
Oct 12 18:38:41 automation systemd[1]: Started Thermal Daemon Service.
Oct 12 18:38:41 automation systemd[1]: Started Discard unused blocks.
Oct 12 18:38:41 automation systemd[1]: Started Login Service.
Oct 12 18:38:41 automation systemd[1]: Started Unattended Upgrades Shutdown.
Oct 12 18:38:41 automation systemd[1]: Starting Hostname Service...
Oct 12 18:38:41 automation systemd[1]: Starting Hold until boot process finishes up...
Oct 12 18:38:41 automation systemd[1]: Starting Terminate Plymouth Boot Screen...
Oct 12 18:38:41 automation systemd[1]: Received SIGRTMIN+21 from PID 322 (plymouthd).
Oct 12 18:38:41 automation systemd[1]: Started Terminate Plymouth Boot Screen.
Oct 12 18:38:41 automation systemd[1]: Started Hold until boot process finishes up.
Oct 12 18:38:41 automation systemd[1]: Starting Set console scheme...
Oct 12 18:38:41 automation systemd[1]: Started System Logging Service.
Oct 12 18:38:41 automation rsyslogd: imuxsock: Acquired UNIX socket '/run/systemd/journal/syslog' (fd 3) from systemd.  [v8.32.0]
Oct 12 18:38:41 automation rsyslogd: rsyslogd's groupid changed to 106
Oct 12 18:38:41 automation rsyslogd: rsyslogd's userid changed to 102
Oct 12 18:38:41 automation rsyslogd:  [origin software=""rsyslogd"" swVersion=""8.32.0"" x-pid=""1113"" x-info=""http://www.rsyslog.com""] start
Oct 12 18:38:41 automation cron[1188]: (CRON) INFO (Running @reboot jobs)
Oct 12 18:38:41 automation apport[1044]:    ...done.
Oct 12 18:38:41 automation systemd[1]: Started LSB: automatic crash report generation.
Oct 12 18:38:41 automation systemd[1]: Started Set console scheme.
Oct 12 18:38:41 automation systemd[1]: Created slice system-getty.slice.
Oct 12 18:38:41 automation systemd[1]: Started Getty on tty1.
Oct 12 18:38:41 automation systemd[1]: Reached target Login Prompts.
Oct 12 18:38:41 automation dbus-daemon[1045]: [system] Successfully activated service 'org.freedesktop.hostname1'
Oct 12 18:38:41 automation systemd[1]: Started Hostname Service.
Oct 12 18:38:41 automation dbus-daemon[1045]: [system] Activating via systemd: service name='org.freedesktop.PolicyKit1' unit='polkit.service' requested by ':1.5' (uid=0 pid=1131 comm=""/usr/lib/accountsservice/accounts-daemon "" label=""unconfined"")
Oct 12 18:38:42 automation systemd[1]: Starting Authorization Manager...
Oct 12 18:38:42 automation grub-common[1114]:    ...done.
Oct 12 18:38:42 automation systemd[1]: Started LSB: Record successful boot for GRUB.
Oct 12 18:38:42 automation systemd[1]: Started Systemd service file for Splunk, generated by 'splunk enable boot-start'.
Oct 12 18:38:42 automation networkd-dispatcher[1130]: No valid path found for iwconfig
Oct 12 18:38:42 automation polkitd[1375]: started daemon version 0.105 using authority implementation `local' version `0.105'
Oct 12 18:38:42 automation dbus-daemon[1045]: [system] Successfully activated service 'org.freedesktop.PolicyKit1'
Oct 12 18:38:42 automation systemd[1]: Started Authorization Manager.
Oct 12 18:38:42 automation accounts-daemon[1131]: started daemon version 0.6.45
Oct 12 18:38:42 automation systemd[1]: Started Accounts Service.
Oct 12 18:38:43 automation systemd[1]: Started Dispatcher daemon for systemd-networkd.
Oct 12 18:38:43 automation splunk[1404]: Warning: Attempting to revert the SPLUNK_HOME ownership
Oct 12 18:38:46 automation splunk[1404]: Warning: Executing ""chown -R splunk /opt/splunkforwarder""
Oct 12 18:38:46 automation splunk[1404]: splunkd 1465 was not running.
Oct 12 18:38:46 automation splunk[1404]: Stopping splunk helpers...
Oct 12 18:38:46 automation splunk[1404]: Done.
Oct 12 18:38:46 automation splunk[1404]: Stopped helpers.
Oct 12 18:38:46 automation splunk[1404]: Removing stale pid file... done.
Oct 12 18:38:46 automation snapd[1256]: overlord.go:268: Acquiring state lock file
Oct 12 18:38:46 automation snapd[1256]: overlord.go:273: Acquired state lock file
Oct 12 18:38:46 automation systemd[1]: Started OpenBSD Secure Shell server.
Oct 12 18:38:46 automation systemd[1]: Started LXD - container startup/shutdown.
Oct 12 18:38:48 automation snapd[1256]: daemon.go:247: started snapd/2.58+18.04.1 (series 16; classic) ubuntu/18.04 (amd64) linux/4.15.0-213-generic.
Oct 12 18:38:48 automation 50-motd-news[1024]:  * Strictly confined Kubernetes makes edge and IoT secure. Learn how MicroK8s
Oct 12 18:38:48 automation 50-motd-news[1024]:    just raised the bar for easy, resilient and secure K8s cluster deployment.
Oct 12 18:38:48 automation 50-motd-news[1024]:    https://ubuntu.com/engage/secure-kubernetes-at-the-edge
Oct 12 18:38:48 automation systemd[1]: Started Message of the Day.
Oct 12 18:38:48 automation snapd[1256]: daemon.go:340: adjusting startup timeout by 30s (pessimistic estimate of 30s plus 5s per snap)
Oct 12 18:38:48 automation snapd[1256]: backends.go:58: AppArmor status: apparmor is enabled and all features are available
Oct 12 18:38:49 automation systemd[1]: Started Snap Daemon.
Oct 12 18:38:49 automation systemd[1]: Starting Wait until snapd is fully seeded...
Oct 12 18:38:49 automation dbus-daemon[1045]: [system] Activating via systemd: service name='org.freedesktop.timedate1' unit='dbus-org.freedesktop.timedate1.service' requested by ':1.10' (uid=0 pid=1256 comm=""/usr/lib/snapd/snapd "" label=""unconfined"")
Oct 12 18:38:50 automation systemd[1]: Starting Time & Date Service...
Oct 12 18:38:50 automation dbus-daemon[1045]: [system] Successfully activated service 'org.freedesktop.timedate1'
Oct 12 18:38:50 automation systemd[1]: Started Time & Date Service.
Oct 12 18:38:51 automation systemd[1]: Started Wait until snapd is fully seeded.
Oct 12 18:38:51 automation systemd[1]: Starting Apply the settings specified in cloud-config...","2024-10-12T18:38:41.000+0000",,,,,,"/lib/systemd/systemd-networkd",,,18,12,38,october,41,saturday,2024,local,,,,3,,automation,,,,,"weather_index_report",,unconfined,,,,,172,,,,,systemd,915,,"__::__-[]:_-_._..-..__''__,____::_+.__._.__::__-[]",,,,"weather-data (1)","weather_data",automation,,,,,116,,7,,100,"'dbus-org.freedesktop.hostname1.service'",,,
,,,,"Oct 12 18:38:41 automation cloud-init[968]: Cloud-init v. 23.1.2-0ubuntu0~18.04.1 running 'init' at Sat, 12 Oct 2024 18:38:38 +0000. Up 25.54 seconds.
Oct 12 18:38:41 automation cloud-init[968]: ci-info: +++++++++++++++++++++++++++++++++++++++++++++Net device info+++++++++++++++++++++++++++++++++++++++++++++
Oct 12 18:38:41 automation cloud-init[968]: ci-info: +--------+------+------------------------------------------+---------------+--------+-------------------+
Oct 12 18:38:41 automation cloud-init[968]: ci-info: | Device |  Up  |                 Address                  |      Mask     | Scope  |     Hw-Address    |
Oct 12 18:38:41 automation cloud-init[968]: ci-info: +--------+------+------------------------------------------+---------------+--------+-------------------+
Oct 12 18:38:41 automation cloud-init[968]: ci-info: | enp0s3 | True |               192.168.0.32               | 255.255.255.0 | global | 08:00:27:9f:cb:cc |
Oct 12 18:38:41 automation cloud-init[968]: ci-info: | enp0s3 | True | 2601:240:4d02:b5f0:a00:27ff:fe9f:cbcc/64 |       .       | global | 08:00:27:9f:cb:cc |
Oct 12 18:38:41 automation cloud-init[968]: ci-info: | enp0s3 | True |       fe80::a00:27ff:fe9f:cbcc/64        |       .       |  link  | 08:00:27:9f:cb:cc |
Oct 12 18:38:41 automation cloud-init[968]: ci-info: |   lo   | True |                127.0.0.1                 |   255.0.0.0   |  host  |         .         |
Oct 12 18:38:41 automation cloud-init[968]: ci-info: |   lo   | True |                 ::1/128                  |       .       |  host  |         .         |
Oct 12 18:38:41 automation cloud-init[968]: ci-info: +--------+------+------------------------------------------+---------------+--------+-------------------+
Oct 12 18:38:41 automation cloud-init[968]: ci-info: ++++++++++++++++++++++++++++++Route IPv4 info++++++++++++++++++++++++++++++
Oct 12 18:38:41 automation cloud-init[968]: ci-info: +-------+-------------+-------------+-----------------+-----------+-------+
Oct 12 18:38:41 automation cloud-init[968]: ci-info: | Route | Destination |   Gateway   |     Genmask     | Interface | Flags |
Oct 12 18:38:41 automation cloud-init[968]: ci-info: +-------+-------------+-------------+-----------------+-----------+-------+
Oct 12 18:38:41 automation cloud-init[968]: ci-info: |   0   |   0.0.0.0   | 192.168.0.1 |     0.0.0.0     |   enp0s3  |   UG  |
Oct 12 18:38:41 automation cloud-init[968]: ci-info: |   1   | 192.168.0.0 |   0.0.0.0   |  255.255.255.0  |   enp0s3  |   U   |
Oct 12 18:38:41 automation cloud-init[968]: ci-info: |   2   | 192.168.0.1 |   0.0.0.0   | 255.255.255.255 |   enp0s3  |   UH  |
Oct 12 18:38:41 automation cloud-init[968]: ci-info: +-------+-------------+-------------+-----------------+-----------+-------+
Oct 12 18:38:41 automation cloud-init[968]: ci-info: ++++++++++++++++++++++++++++++++++Route IPv6 info++++++++++++++++++++++++++++++++++
Oct 12 18:38:41 automation cloud-init[968]: ci-info: +-------+-------------------------+---------------------------+-----------+-------+
Oct 12 18:38:41 automation cloud-init[968]: ci-info: | Route |       Destination       |          Gateway          | Interface | Flags |
Oct 12 18:38:41 automation cloud-init[968]: ci-info: +-------+-------------------------+---------------------------+-----------+-------+
Oct 12 18:38:41 automation cloud-init[968]: ci-info: |   1   | 2601:240:4d02:b5f0::/64 |             ::            |   enp0s3  |   U   |
Oct 12 18:38:41 automation cloud-init[968]: ci-info: |   2   |        fe80::/64        |             ::            |   enp0s3  |   U   |
Oct 12 18:38:41 automation cloud-init[968]: ci-info: |   3   |           ::/0          | fe80::7254:25ff:fe2e:fa09 |   enp0s3  |   UG  |
Oct 12 18:38:41 automation cloud-init[968]: ci-info: |   5   |          local          |             ::            |   enp0s3  |   U   |
Oct 12 18:38:41 automation cloud-init[968]: ci-info: |   6   |          local          |             ::            |   enp0s3  |   U   |
Oct 12 18:38:41 automation cloud-init[968]: ci-info: |   7   |         ff00::/8        |             ::            |   enp0s3  |   U   |
Oct 12 18:38:41 automation cloud-init[968]: ci-info: +-------+-------------------------+---------------------------+-----------+-------+
Oct 12 18:38:41 automation systemd[1]: Started Initial cloud-init job (metadata service crawler).
Oct 12 18:38:41 automation systemd[1]: Reached target System Initialization.
Oct 12 18:38:41 automation systemd[1]: Listening on cloud-init hotplug hook socket.
Oct 12 18:38:41 automation systemd[1]: Starting LXD - unix socket.
Oct 12 18:38:41 automation systemd[1]: Started Message of the Day.
Oct 12 18:38:41 automation systemd[1]: Started Ubuntu Advantage Timer for running repeated jobs.
Oct 12 18:38:41 automation systemd[1]: Started Daily apt download activities.
Oct 12 18:38:41 automation systemd[1]: Listening on UUID daemon activation socket.
Oct 12 18:38:41 automation systemd[1]: Listening on Open-iSCSI iscsid Socket.
Oct 12 18:38:41 automation systemd[1]: Started ACPI Events Check.
Oct 12 18:38:41 automation systemd[1]: Reached target Paths.
Oct 12 18:38:41 automation systemd[1]: Listening on D-Bus System Message Bus Socket.
Oct 12 18:38:41 automation systemd[1]: Started Daily Cleanup of Temporary Directories.
Oct 12 18:38:41 automation systemd[1]: Started Discard unused blocks once a week.
Oct 12 18:38:41 automation systemd[1]: Starting Socket activation for snappy daemon.
Oct 12 18:38:41 automation systemd[1]: Started Daily apt upgrade and clean activities.
Oct 12 18:38:41 automation systemd[1]: Reached target Timers.
Oct 12 18:38:41 automation systemd[1]: Listening on ACPID Listen Socket.
Oct 12 18:38:41 automation systemd[1]: Reached target Cloud-config availability.
Oct 12 18:38:41 automation systemd[1]: Reached target Network is Online.
Oct 12 18:38:41 automation systemd[1]: Reached target Remote File Systems (Pre).
Oct 12 18:38:41 automation systemd[1]: Reached target Remote File Systems.
Oct 12 18:38:41 automation systemd[1]: Starting Availability of block devices...
Oct 12 18:38:41 automation systemd[1]: Listening on LXD - unix socket.
Oct 12 18:38:41 automation systemd[1]: Listening on Socket activation for snappy daemon.
Oct 12 18:38:41 automation systemd[1]: Reached target Sockets.
Oct 12 18:38:41 automation systemd[1]: Reached target Basic System.
Oct 12 18:38:41 automation systemd[1]: Reached target Login Prompts (Pre).
Oct 12 18:38:41 automation systemd[1]: Starting Message of the Day...
Oct 12 18:38:41 automation systemd[1]: Starting Resets System Activity Data Collector...
Oct 12 18:38:41 automation systemd[1]: Starting Thermal Daemon Service...
Oct 12 18:38:41 automation systemd[1]: Started FUSE filesystem for LXC.
Oct 12 18:38:41 automation systemd[1]: Starting LSB: automatic crash report generation...
Oct 12 18:38:41 automation systemd[1]: Started D-Bus System Message Bus.
Oct 12 18:38:41 automation lxcfs[1043]: mount namespace: 5
Oct 12 18:38:41 automation lxcfs[1043]: hierarchies:
Oct 12 18:38:41 automation lxcfs[1043]:   0: fd:   6: devices
Oct 12 18:38:41 automation lxcfs[1043]:   1: fd:   7: memory
Oct 12 18:38:41 automation lxcfs[1043]:   2: fd:   8: perf_event
Oct 12 18:38:41 automation lxcfs[1043]:   3: fd:   9: freezer
Oct 12 18:38:41 automation lxcfs[1043]:   4: fd:  10: blkio
Oct 12 18:38:41 automation lxcfs[1043]:   5: fd:  11: cpu,cpuacct
Oct 12 18:38:41 automation lxcfs[1043]:   6: fd:  12: pids
Oct 12 18:38:41 automation lxcfs[1043]:   7: fd:  13: net_cls,net_prio
Oct 12 18:38:41 automation lxcfs[1043]:   8: fd:  14: cpuset
Oct 12 18:38:41 automation lxcfs[1043]:   9: fd:  15: hugetlb
Oct 12 18:38:41 automation lxcfs[1043]:  10: fd:  16: rdma
Oct 12 18:38:41 automation lxcfs[1043]:  11: fd:  17: name=systemd
Oct 12 18:38:41 automation lxcfs[1043]:  12: fd:  18: unified
Oct 12 18:38:41 automation dbus-daemon[1045]: dbus[1045]: Unknown group ""power"" in message bus configuration file
Oct 12 18:38:41 automation dbus-daemon[1045]: [system] AppArmor D-Bus mediation is enabled
Oct 12 18:38:41 automation dbus-daemon[1045]: [system] Activating via systemd: service name='org.freedesktop.hostname1' unit='dbus-org.freedesktop.hostname1.service' requested by ':1.2' (uid=100 pid=915 comm=""/lib/systemd/systemd-networkd "" label=""unconfined"")
Oct 12 18:38:41 automation systemd[1]: Started Monitoring system and forwarder.
Oct 12 18:38:41 automation systemd[1]: Starting System Logging Service...
Oct 12 18:38:41 automation systemd[1]: Starting LSB: Record successful boot for GRUB...
Oct 12 18:38:41 automation systemd[1]: Starting Login Service...
Oct 12 18:38:41 automation systemd[1]: Starting Permit User Sessions...
Oct 12 18:38:41 automation systemd[1]: Starting Dispatcher daemon for systemd-networkd...
Oct 12 18:38:41 automation systemd[1]: Starting Accounts Service...
Oct 12 18:38:41 automation systemd[1]: Starting Jenkins Continuous Integration Server...
Oct 12 18:38:41 automation thermald[1028]: NO RAPL sysfs present
Oct 12 18:38:41 automation thermald[1028]: 22 CPUID levels; family:model:stepping 0x6:7e:5 (6:126:5)
Oct 12 18:38:41 automation thermald[1028]:  Need Linux PowerCap sysfs
Oct 12 18:38:41 automation systemd[1]: Started Regular background program processing daemon.
Oct 12 18:38:41 automation systemd[1]: Started irqbalance daemon.
Oct 12 18:38:41 automation systemd[1]: Started Deferred execution scheduler.
Oct 12 18:38:41 automation systemd[1]: Starting Discard unused blocks...
Oct 12 18:38:41 automation cron[1188]: (CRON) INFO (pidfile fd = 3)
Oct 12 18:38:41 automation systemd[1]: Starting OpenBSD Secure Shell server...
Oct 12 18:38:41 automation systemd[1]: Starting Systemd service file for Splunk, generated by 'splunk enable boot-start'...
Oct 12 18:38:41 automation systemd[1]: Starting Snap Daemon...
Oct 12 18:38:41 automation systemd[1]: Starting LXD - container startup/shutdown...
Oct 12 18:38:41 automation systemd[1]: Started Availability of block devices.
Oct 12 18:38:41 automation systemd[1]: Started Resets System Activity Data Collector.
Oct 12 18:38:41 automation systemd[1]: Started Permit User Sessions.
Oct 12 18:38:41 automation apport[1044]:  * Starting automatic crash report generation: apport
Oct 12 18:38:41 automation grub-common[1114]:  * Recording successful boot for GRUB
Oct 12 18:38:41 automation thermald[1028]: Unsupported cpu model, use thermal-conf.xml file or run with --ignore-cpuid-check
Oct 12 18:38:41 automation thermald[1028]: THD engine start failed
Oct 12 18:38:41 automation systemd[1]: Started Thermal Daemon Service.
Oct 12 18:38:41 automation systemd[1]: Started Discard unused blocks.
Oct 12 18:38:41 automation systemd[1]: Started Login Service.
Oct 12 18:38:41 automation systemd[1]: Started Unattended Upgrades Shutdown.
Oct 12 18:38:41 automation systemd[1]: Starting Hostname Service...
Oct 12 18:38:41 automation systemd[1]: Starting Hold until boot process finishes up...
Oct 12 18:38:41 automation systemd[1]: Starting Terminate Plymouth Boot Screen...
Oct 12 18:38:41 automation systemd[1]: Received SIGRTMIN+21 from PID 322 (plymouthd).
Oct 12 18:38:41 automation systemd[1]: Started Terminate Plymouth Boot Screen.
Oct 12 18:38:41 automation systemd[1]: Started Hold until boot process finishes up.
Oct 12 18:38:41 automation systemd[1]: Starting Set console scheme...
Oct 12 18:38:41 automation systemd[1]: Started System Logging Service.
Oct 12 18:38:41 automation rsyslogd: imuxsock: Acquired UNIX socket '/run/systemd/journal/syslog' (fd 3) from systemd.  [v8.32.0]
Oct 12 18:38:41 automation rsyslogd: rsyslogd's groupid changed to 106
Oct 12 18:38:41 automation rsyslogd: rsyslogd's userid changed to 102
Oct 12 18:38:41 automation rsyslogd:  [origin software=""rsyslogd"" swVersion=""8.32.0"" x-pid=""1113"" x-info=""http://www.rsyslog.com""] start
Oct 12 18:38:41 automation cron[1188]: (CRON) INFO (Running @reboot jobs)
Oct 12 18:38:41 automation apport[1044]:    ...done.
Oct 12 18:38:41 automation systemd[1]: Started LSB: automatic crash report generation.
Oct 12 18:38:41 automation systemd[1]: Started Set console scheme.
Oct 12 18:38:41 automation systemd[1]: Created slice system-getty.slice.
Oct 12 18:38:41 automation systemd[1]: Started Getty on tty1.
Oct 12 18:38:41 automation systemd[1]: Reached target Login Prompts.
Oct 12 18:38:41 automation dbus-daemon[1045]: [system] Successfully activated service 'org.freedesktop.hostname1'
Oct 12 18:38:41 automation systemd[1]: Started Hostname Service.
Oct 12 18:38:41 automation dbus-daemon[1045]: [system] Activating via systemd: service name='org.freedesktop.PolicyKit1' unit='polkit.service' requested by ':1.5' (uid=0 pid=1131 comm=""/usr/lib/accountsservice/accounts-daemon "" label=""unconfined"")
Oct 12 18:38:42 automation systemd[1]: Starting Authorization Manager...
Oct 12 18:38:42 automation grub-common[1114]:    ...done.
Oct 12 18:38:42 automation systemd[1]: Started LSB: Record successful boot for GRUB.
Oct 12 18:38:42 automation systemd[1]: Started Systemd service file for Splunk, generated by 'splunk enable boot-start'.
Oct 12 18:38:42 automation networkd-dispatcher[1130]: No valid path found for iwconfig
Oct 12 18:38:42 automation polkitd[1375]: started daemon version 0.105 using authority implementation `local' version `0.105'
Oct 12 18:38:42 automation dbus-daemon[1045]: [system] Successfully activated service 'org.freedesktop.PolicyKit1'
Oct 12 18:38:42 automation systemd[1]: Started Authorization Manager.
Oct 12 18:38:42 automation accounts-daemon[1131]: started daemon version 0.6.45
Oct 12 18:38:42 automation systemd[1]: Started Accounts Service.
Oct 12 18:38:43 automation systemd[1]: Started Dispatcher daemon for systemd-networkd.
Oct 12 18:38:43 automation splunk[1404]: Warning: Attempting to revert the SPLUNK_HOME ownership
Oct 12 18:38:46 automation splunk[1404]: Warning: Executing ""chown -R splunk /opt/splunkforwarder""
Oct 12 18:38:46 automation splunk[1404]: splunkd 1465 was not running.
Oct 12 18:38:46 automation splunk[1404]: Stopping splunk helpers...
Oct 12 18:38:46 automation splunk[1404]: Done.
Oct 12 18:38:46 automation splunk[1404]: Stopped helpers.
Oct 12 18:38:46 automation splunk[1404]: Removing stale pid file... done.
Oct 12 18:38:46 automation snapd[1256]: overlord.go:268: Acquiring state lock file
Oct 12 18:38:46 automation snapd[1256]: overlord.go:273: Acquired state lock file
Oct 12 18:38:46 automation systemd[1]: Started OpenBSD Secure Shell server.
Oct 12 18:38:46 automation systemd[1]: Started LXD - container startup/shutdown.
Oct 12 18:38:48 automation snapd[1256]: daemon.go:247: started snapd/2.58+18.04.1 (series 16; classic) ubuntu/18.04 (amd64) linux/4.15.0-213-generic.
Oct 12 18:38:48 automation 50-motd-news[1024]:  * Strictly confined Kubernetes makes edge and IoT secure. Learn how MicroK8s
Oct 12 18:38:48 automation 50-motd-news[1024]:    just raised the bar for easy, resilient and secure K8s cluster deployment.
Oct 12 18:38:48 automation 50-motd-news[1024]:    https://ubuntu.com/engage/secure-kubernetes-at-the-edge
Oct 12 18:38:48 automation systemd[1]: Started Message of the Day.
Oct 12 18:38:48 automation snapd[1256]: daemon.go:340: adjusting startup timeout by 30s (pessimistic estimate of 30s plus 5s per snap)
Oct 12 18:38:48 automation snapd[1256]: backends.go:58: AppArmor status: apparmor is enabled and all features are available
Oct 12 18:38:49 automation systemd[1]: Started Snap Daemon.
Oct 12 18:38:49 automation systemd[1]: Starting Wait until snapd is fully seeded...
Oct 12 18:38:49 automation dbus-daemon[1045]: [system] Activating via systemd: service name='org.freedesktop.timedate1' unit='dbus-org.freedesktop.timedate1.service' requested by ':1.10' (uid=0 pid=1256 comm=""/usr/lib/snapd/snapd "" label=""unconfined"")
Oct 12 18:38:50 automation systemd[1]: Starting Time & Date Service...
Oct 12 18:38:50 automation dbus-daemon[1045]: [system] Successfully activated service 'org.freedesktop.timedate1'
Oct 12 18:38:50 automation systemd[1]: Started Time & Date Service.
Oct 12 18:38:51 automation systemd[1]: Started Wait until snapd is fully seeded.
Oct 12 18:38:51 automation systemd[1]: Starting Apply the settings specified in cloud-config...","2024-10-12T18:38:41.000+0000",,,,,,"/lib/systemd/systemd-networkd",,,18,12,38,october,41,saturday,2024,local,,,,3,,automation,,,,,"weather_index_report",,unconfined,,,,,172,,,,,systemd,915,,"__::__-[]:_-_._..-..__''__,____::_+.__._.__::__-[]",,,,"weather-data (1)","weather_data",automation,,,,,116,,7,,100,"'dbus-org.freedesktop.hostname1.service'",,,
